engine_id,y_true,lstm_prediction,xgboost_prediction,ensemble_prediction
1,113.0,113.93097,119.480835,114.60319974008644
1,112.0,114.1168,120.45262,114.88422841219764
2,117.0,94.985954,106.494514,96.37993489103123
2,116.0,86.68631,106.38669,89.07252885676263
2,115.0,78.64634,105.63169,81.91495479006046
2,114.0,81.86946,104.65381,84.62922753710497
2,113.0,83.82126,112.464165,87.29064612342913
2,112.0,89.729774,108.23016,91.97064415901157
2,111.0,94.44125,111.22138,96.47375584351305
2,110.0,104.26521,115.61561,105.64003580013814
2,109.0,109.81173,114.863365,110.42361155580353
2,108.0,113.05313,113.003105,113.04707168435294
2,107.0,115.58696,113.87367,115.37943697706378
2,106.0,116.64714,117.168686,116.71031297417565
2,105.0,116.19953,113.34465,115.85373250781053
2,104.0,113.430984,106.080025,112.54059549900339
2,103.0,110.4689,107.68348,110.13151667946954
2,102.0,110.49751,113.18493,110.82302755018033
2,101.0,106.28833,115.25573,107.37451122778472
2,100.0,108.55452,116.55732,109.52386315106997
2,99.0,110.28977,116.88366,111.08846021996473
2,98.0,113.94748,122.946014,115.03743170922144
3,125.0,98.38235,115.51335,100.45734931690079
3,125.0,97.304276,112.71627,99.17106177493993
3,125.0,100.54917,112.95439,102.05176046588026
3,125.0,93.99045,97.01317,94.35657664159321
3,125.0,88.29996,92.24568,88.77788529827194
3,125.0,87.91138,97.900154,89.12127301524207
3,125.0,83.59943,105.99788,86.31245103267706
3,125.0,87.01345,101.72701,88.79563881750927
3,125.0,90.6843,110.82067,93.12333177658347
3,125.0,94.55666,112.24269,96.69889320908119
3,125.0,96.18297,111.68217,98.0603170313012
3,125.0,97.8357,113.160446,99.69191907691862
3,125.0,100.43171,109.43132,101.52179205087815
3,125.0,103.60971,114.60537,104.94156585027187
3,125.0,103.85706,113.4821,105.02290126986426
3,125.0,102.866844,110.063156,103.73850137320423
3,125.0,105.68676,108.07993,105.97663435533512
3,125.0,105.275406,106.084816,105.37344612145664
3,125.0,108.98792,108.49442,108.92814724232954
3,125.0,111.691025,112.570435,111.79754376901887
3,125.0,111.79474,108.36963,111.37987047591972
3,125.0,113.32785,109.72567,112.89153427338798
3,125.0,115.815544,113.632065,115.55106901046449
3,125.0,116.46037,114.604614,116.2355931477285
3,125.0,117.20586,117.05537,117.18762816356801
3,125.0,117.71909,123.832115,118.45953641660927
3,125.0,118.29127,123.935356,118.97491071162705
3,125.0,117.496,114.12397,117.08756296864033
3,125.0,114.91257,110.986374,114.43700484906132
3,125.0,115.48563,114.06045,115.3130006969872
3,125.0,113.87119,113.47204,113.82284510663669
3,125.0,113.76743,121.35346,114.68629505824488
3,125.0,115.4514,121.34347,116.16508056895118
3,125.0,114.86514,119.629364,115.44221170325417
3,125.0,115.91293,106.31904,114.75086760883153
3,125.0,112.01439,113.31626,112.17207902230099
3,125.0,114.760124,104.77856,113.55110143268405
3,125.0,116.51058,107.93002,115.47125712514925
3,125.0,115.93915,113.24878,115.61327558408692
3,125.0,114.77554,113.04318,114.56571006468997
3,125.0,115.588394,115.40118,115.56571731787835
3,124.0,116.59813,119.07279,116.89787414666914
3,123.0,115.38762,109.10741,114.62692487825572
3,122.0,114.95307,103.02677,113.50849201931734
3,121.0,115.77419,114.111786,115.57283286824844
3,120.0,114.3023,106.506805,113.3580660425563
3,119.0,113.61441,108.778015,113.02859939567493
3,118.0,114.08242,112.32184,113.86916890116709
3,117.0,114.98657,111.76194,114.59598693027752
3,116.0,114.41124,111.5105,114.05988572404468
3,115.0,115.188934,107.57135,114.2662502966153
3,114.0,116.39804,111.32973,115.78413853240743
3,113.0,116.57774,116.636475,116.58485736414778
3,112.0,115.91709,105.67156,114.67609608026139
3,111.0,114.20737,117.8008,114.64262305236919
3,110.0,115.4529,110.10719,114.80540162723483
3,109.0,115.40833,111.58073,114.94471194342651
3,108.0,110.98068,101.13772,109.78844798837937
3,107.0,109.4109,108.28115,109.27405526561766
3,106.0,106.16212,102.1009,105.67019973532068
3,105.0,102.74645,102.39788,102.70423138557622
3,104.0,104.56071,103.760925,104.46383308719088
3,103.0,106.56766,106.51456,106.56122563337321
3,102.0,108.332504,110.67101,108.61575739825112
3,101.0,109.35325,116.09853,110.1702749117714
3,100.0,107.994705,107.36226,107.91809979972125
3,99.0,108.545166,91.44432,106.4738168305091
3,98.0,110.27551,94.381485,108.35033995112241
3,97.0,111.77415,98.758354,110.19760205153132
3,96.0,112.46068,96.43147,110.51913189464136
3,95.0,112.46626,110.94658,112.28219028662588
3,94.0,113.94676,105.52646,112.92684826620491
3,93.0,113.14978,109.849434,112.75002402520757
3,92.0,113.89595,111.970535,113.66273337438392
3,91.0,111.76447,99.66345,110.29873023899162
3,90.0,111.90443,101.75296,110.6748246937361
3,89.0,112.84276,92.20792,110.34335173699898
3,88.0,113.1557,107.83084,112.51072416835945
3,87.0,113.20361,95.163025,111.01843720945692
3,86.0,114.382614,100.18314,112.66269555211342
3,85.0,114.85911,101.29261,113.21585855194125
3,84.0,110.06823,96.94502,108.47867408425822
3,83.0,95.85924,87.557144,94.8536420831179
3,82.0,92.32615,80.83013,90.93368762478796
3,81.0,84.39119,70.97888,82.76661651118042
3,80.0,83.66866,66.37914,81.57446048674501
3,79.0,79.5105,59.469494,77.08302052391183
3,78.0,75.07264,61.699085,73.45276044121903
3,77.0,75.88055,68.386215,74.97279161096657
3,76.0,76.240776,68.9735,75.3605236765413
3,75.0,71.51884,56.936905,69.75259252863155
3,74.0,68.59425,56.072617,67.07756345785853
3,73.0,64.18069,58.378853,63.477936641456374
3,72.0,58.859142,61.31572,59.15669656411315
3,71.0,56.993263,60.554043,57.42456460538395
3,70.0,52.601128,56.54861,53.07926865579885
3,69.0,52.64653,52.16259,52.587912640781994
4,125.0,117.46054,121.18552,117.91173046371864
4,125.0,118.190216,116.60992,117.99880144352578
4,125.0,116.75224,113.79184,116.39366256616287
4,125.0,117.09206,117.59882,117.15343873575945
4,125.0,116.187706,115.551636,116.1106616387628
4,125.0,116.08355,116.3463,116.11537508080545
4,125.0,116.956985,119.13331,117.22059377213004
4,125.0,116.79246,118.977234,117.05708979799488
4,125.0,117.35806,119.29902,117.59316210849597
4,125.0,117.67735,118.53993,117.78183329730196
4,125.0,117.592026,117.64335,117.5982422754736
4,125.0,117.75648,113.37189,117.22539149130446
4,125.0,117.82899,109.04704,116.76526934861988
4,125.0,117.56561,109.22521,116.55537722598802
4,125.0,116.89157,108.870674,115.9200355474385
4,125.0,116.54881,107.588806,115.46352718355877
4,125.0,116.114944,110.68548,115.45729740805652
4,125.0,115.52923,109.76152,114.83061146564393
4,125.0,114.673386,105.841225,113.6035853251284
4,125.0,115.398926,113.25237,115.13892337776156
4,125.0,114.25753,111.619316,113.93797509439511
4,125.0,111.87845,110.570465,111.72001828635136
4,125.0,112.55993,114.74801,112.82496125307544
4,125.0,110.78139,112.1977,110.95293903170003
4,125.0,111.16302,113.04563,111.39104993327271
4,125.0,110.03908,110.0895,110.04518523190877
4,125.0,111.94314,109.31456,111.62475016123925
4,125.0,111.99637,107.895294,111.49962356467361
4,125.0,112.62215,111.6533,112.50479422272593
4,125.0,114.30714,109.23696,113.69300881261522
4,125.0,115.114075,109.6554,114.45289014654851
4,125.0,116.28649,113.13996,115.9053662194349
4,125.0,116.20682,114.384865,115.98613260148738
4,125.0,115.5329,113.09798,115.23796678774781
4,124.0,116.82385,112.40167,116.28821356197827
4,123.0,114.2932,104.83463,113.14752383510374
4,122.0,116.00974,104.19688,114.5789028971571
4,121.0,116.77914,112.772484,116.2938286559662
4,120.0,116.659546,101.75834,114.8546291059108
4,119.0,115.90333,100.52436,114.04054217157535
4,118.0,114.390594,102.45129,112.94443929217803
4,117.0,115.37737,98.70607,113.35805213036359
4,116.0,114.94267,98.95201,113.00579515029915
4,115.0,112.97362,99.46605,111.33750599531369
4,114.0,111.62692,92.61565,109.32417144030074
4,113.0,109.26328,87.86589,106.67151200812009
4,112.0,105.38655,82.075485,102.56298540486873
4,111.0,110.004364,84.34403,106.89624238790205
4,110.0,111.75365,92.214516,109.38695896947863
4,109.0,107.84362,102.01711,107.13788140458227
4,108.0,105.12416,104.54559,105.05408146314241
4,107.0,101.73955,105.70542,102.21991633892353
4,106.0,91.97197,106.747665,93.7616837884105
4,105.0,85.14964,113.92351,88.63489294924659
4,104.0,81.40338,104.64939,84.21906692126413
4,103.0,79.56363,111.76839,83.46444792774845
4,102.0,82.36212,108.48026,85.52569562602203
4,101.0,85.70177,106.34977,88.20276750709947
4,100.0,91.72664,113.09839,94.31530361267168
4,99.0,96.56157,109.20221,98.09267363493733
4,98.0,99.853714,110.987335,101.20227990973879
4,97.0,105.152435,114.35964,106.26766322120923
4,96.0,107.75306,113.538475,108.45382100190349
4,95.0,110.613495,107.44322,110.22949385393152
4,94.0,111.63645,102.3819,110.51548874776402
4,93.0,110.287,101.94839,109.27698323930261
4,92.0,109.54759,103.54651,108.82070767803864
4,91.0,106.42689,92.335815,104.72009874823102
4,90.0,101.78932,103.57996,102.00621435873009
4,89.0,98.09592,108.45741,99.35095857870957
4,88.0,94.35831,107.02377,95.8924183746104
4,87.0,86.845505,105.95836,89.16055958910042
4,86.0,88.47323,100.065636,89.87736507995534
4,85.0,82.681274,90.85914,83.67182264448054
4,84.0,80.678116,99.46386,82.95354926137222
4,83.0,75.20566,98.22436,77.99381046342458
4,82.0,74.64649,106.81485,78.54290183119187
5,125.0,117.82769,113.81834,117.34205498620923
5,125.0,118.51544,123.71596,119.14535719068468
5,125.0,118.87634,120.78757,119.10784086335684
5,125.0,118.660126,119.717575,118.78820985851365
5,125.0,119.04999,123.47453,119.58591324556622
5,125.0,118.86703,121.727066,119.21345103152188
5,125.0,119.11738,118.871765,119.08762821486881
5,125.0,118.49465,117.503456,118.37459267917123
5,125.0,118.57042,117.907104,118.49007494354409
5,125.0,118.56797,118.97069,118.61674966287009
5,125.0,116.771286,111.657234,116.15184370488467
5,125.0,115.80826,104.32966,114.41790644815013
5,125.0,112.51293,103.590065,111.43214473075099
5,125.0,113.36489,101.49239,111.92682833319448
5,125.0,110.1535,103.256294,109.31807520917748
5,125.0,112.940094,107.88,112.32718702644362
5,125.0,111.05741,105.51894,110.38656131919345
5,125.0,108.08411,104.290054,107.624549819862
5,125.0,108.934425,110.50046,109.1241118807061
5,125.0,110.10251,107.78554,109.82186419453143
5,125.0,113.39691,111.0453,113.11207179060592
5,125.0,114.664375,106.1908,113.63800931856956
5,125.0,115.65489,104.38296,114.28957277445426
5,125.0,116.24809,113.314316,115.89273733534841
5,125.0,116.95828,114.08167,116.60985154507414
5,125.0,114.860214,104.39636,113.59277448181362
5,125.0,115.53879,107.89491,114.61291931347034
5,125.0,116.08072,114.3557,115.87177484414562
5,125.0,115.072655,108.66601,114.29664615735213
5,125.0,115.298706,107.95941,114.40973002778112
5,125.0,115.73562,113.95208,115.51958648264687
5,125.0,115.961914,115.228195,115.87304196537119
5,125.0,115.44644,110.12412,114.80177286530443
5,125.0,116.34773,107.49214,115.27509429314617
5,125.0,117.13759,104.94951,115.66130070731087
5,124.0,118.51478,115.72288,118.17660765552544
5,123.0,118.74901,107.82996,117.42643298019884
5,122.0,119.221634,115.34856,118.75250530708128
5,121.0,119.13782,111.22402,118.17925460550687
5,120.0,118.93801,110.62165,117.93068748742793
5,119.0,119.197464,103.72718,117.32361749178322
5,118.0,118.38782,101.06787,116.28992947579428
5,117.0,118.66063,98.55657,116.22551440472579
5,116.0,118.90762,104.976616,117.22022245048521
5,115.0,115.06299,95.74273,112.72281139860823
5,114.0,115.35308,100.8515,113.59656907757989
5,113.0,113.89954,99.471306,112.15191560352983
5,112.0,115.02625,105.6136,113.88614027126526
5,111.0,114.975494,95.84836,112.65870961395314
5,110.0,112.29625,99.1663,110.70587688134363
5,109.0,112.127014,107.58063,111.57633059805323
5,108.0,112.151955,104.18242,111.186640292606
5,107.0,115.60118,104.18874,114.21884334323767
5,106.0,116.747154,109.25456,115.83960997510162
5,105.0,115.58049,107.469894,114.59808979995239
5,104.0,114.61741,113.39778,114.46968072317121
5,103.0,114.43264,114.6209,114.45544352653884
5,102.0,107.04379,112.16298,107.66385695956501
5,101.0,105.60673,102.68748,105.25313179819902
5,100.0,100.51908,100.47734,100.51402528497094
5,99.0,100.14674,112.072266,101.59122908964997
5,98.0,96.87106,105.96979,97.97315116598384
5,97.0,96.34458,104.7516,97.36288653931287
5,96.0,91.25635,105.67396,93.00268852334663
5,95.0,86.49969,104.27746,88.65302936829251
5,94.0,85.533066,97.04857,86.92788734651029
5,93.0,86.92398,89.44192,87.22896716487688
5,92.0,86.552826,100.158325,88.20079942060957
5,91.0,90.6642,105.90176,92.50985713607163
6,125.0,113.026794,112.13275,112.91850299312435
6,125.0,113.60268,110.52716,113.23015287530767
6,125.0,111.75158,107.342476,111.21752423993769
6,125.0,109.574524,104.898415,109.00812764383336
6,125.0,110.974304,110.42871,110.90821891888314
6,125.0,109.68275,103.91248,108.98382056402451
6,125.0,109.49838,101.42787,108.52083755389951
6,125.0,112.04575,114.25131,112.3129029844908
6,125.0,115.012535,114.34758,114.93199204260533
6,125.0,116.96797,118.19524,117.11662486970144
6,125.0,117.698074,118.65255,117.8136856927107
6,125.0,118.42931,118.845116,118.47967790312767
6,125.0,118.33374,119.1632,118.43420904510336
6,125.0,117.99698,118.11509,118.01128497725185
6,125.0,116.020065,112.57445,115.60271299407135
6,125.0,113.75656,111.766205,113.51547827317266
6,125.0,114.094666,108.937416,113.46999088485377
6,125.0,113.41125,110.81658,113.0969669813129
6,125.0,113.53148,108.96971,112.97893230478219
6,125.0,114.96383,116.299194,115.12557588765594
6,125.0,115.99669,114.96037,115.87116451400976
6,125.0,116.88744,106.44941,115.62313099456293
6,125.0,117.042435,111.38752,116.35748005721621
6,125.0,117.9278,110.166016,116.98765232071655
6,125.0,118.44269,111.381676,117.58741903991053
6,125.0,117.44711,107.058365,116.1887702692423
6,125.0,118.225334,114.45742,117.76894355850874
6,125.0,117.54364,112.85799,116.97608778745767
6,125.0,118.98036,114.635254,118.45405836666627
6,125.0,118.92051,115.01949,118.4479966268127
6,125.0,118.87895,115.895454,118.5175742557681
6,125.0,119.11911,118.91625,119.09453882541544
6,125.0,117.61523,105.617805,116.16203257476653
6,125.0,118.27997,111.11729,117.41238456273621
6,125.0,116.931595,107.223465,115.75569234056465
6,125.0,115.82357,96.899055,113.53132811510746
6,125.0,116.555664,105.2512,115.18640444470171
6,125.0,113.42109,104.14966,112.29808205753163
6,125.0,113.27123,110.81787,112.97406785862067
6,125.0,110.02693,108.964836,109.89828485083716
6,125.0,105.36056,109.38804,105.84838839064676
6,125.0,103.47444,111.383995,104.43249049793118
6,125.0,105.20633,110.64343,105.86490143432785
6,125.0,110.78421,113.65293,111.13168559625319
6,124.0,112.46065,113.66645,112.60670111669728
6,123.0,115.128555,116.4122,115.28403757238542
6,122.0,113.64916,111.70836,113.41408141041627
6,121.0,113.47887,106.944275,112.68736060922683
6,120.0,112.86544,112.8872,112.8680759433743
6,119.0,113.580574,115.376114,113.79805977650736
6,118.0,110.425064,112.431114,110.66804799668589
6,117.0,110.53529,116.44928,111.25162837234451
6,116.0,107.14565,111.30249,107.64915196783654
6,115.0,106.26526,102.26733,105.78100705025467
6,114.0,111.43206,111.950356,111.4948390401431
6,113.0,111.85153,105.540726,111.08713214274174
6,112.0,111.80789,95.63121,109.84848250533514
6,111.0,114.06961,101.13161,112.50248788558552
6,110.0,115.01608,105.91789,113.91405951812902
6,109.0,116.36384,106.24589,115.13829595008707
6,108.0,117.864044,104.9002,116.29379150332456
6,107.0,118.732994,107.21182,117.33748591186072
6,106.0,118.48005,106.35477,117.01136772656935
6,105.0,118.769165,108.198875,117.48883296526655
6,104.0,119.287575,115.29679,118.80418892460025
6,103.0,118.7928,114.0318,118.2161219986756
6,102.0,117.57869,102.32103,115.73059722636253
6,101.0,118.718094,112.533875,117.96902694115134
6,100.0,118.03584,111.414925,117.23388057135232
6,99.0,117.89858,115.19317,117.57088773945412
6,98.0,116.972885,113.32431,116.53094952279442
6,97.0,114.39216,111.73814,114.07068862492753
6,96.0,111.16745,109.961945,111.02143245795018
6,95.0,109.52028,107.32857,109.25480669310153
6,94.0,111.604225,108.35429,111.21057453535208
6,93.0,111.37248,110.63362,111.28298734946318
7,125.0,117.91809,122.94067,118.52645299260885
7,125.0,117.63154,123.58328,118.3524466273082
7,125.0,118.161514,123.590805,118.81914007754298
7,125.0,117.95669,123.717575,118.65447851363571
7,125.0,117.707306,123.78199,118.44310532640004
7,125.0,117.48626,122.92288,118.14477332985673
7,125.0,116.89367,123.13095,117.64916327609404
7,125.0,117.061134,124.00812,117.90259147055238
7,125.0,117.181755,123.74584,117.97683366072425
7,125.0,117.036125,123.996315,117.8791819575804
7,125.0,116.64171,122.92225,117.40244225124843
7,125.0,116.04651,122.51023,116.82943065684653
7,125.0,115.19945,121.560455,115.96992814531359
7,125.0,114.01048,122.15935,114.99751845906562
7,125.0,113.26639,122.384125,114.37077876649583
7,125.0,113.4037,120.12815,114.21820434094623
7,125.0,114.53339,121.946465,115.43129936927417
7,125.0,114.131134,123.621506,115.28066046353133
7,125.0,113.96463,122.46901,114.99472768814815
7,125.0,114.170555,121.78604,115.09298501279895
7,125.0,114.18425,122.66762,115.21180242762951
7,125.0,115.24466,122.02951,116.06647819751055
7,125.0,116.23138,123.87339,117.15701969232336
7,125.0,116.871,123.910065,117.72361246805039
7,125.0,117.70924,123.848366,118.4528482641754
7,125.0,118.12979,123.983475,118.83882185153507
7,125.0,118.343956,123.04766,118.91369479795974
7,125.0,119.003784,123.1873,119.5105150051404
7,125.0,118.94549,121.1854,119.21679876941981
7,125.0,119.08621,123.636635,119.63738457690778
7,125.0,118.78604,123.96153,119.41292546016588
7,125.0,119.00192,123.7574,119.57793245312592
7,125.0,119.16953,124.08169,119.7645202381644
7,125.0,119.27159,123.75241,119.8143329081073
7,125.0,119.472275,123.78313,119.99442907771427
7,125.0,119.68165,123.931366,120.19639762187495
7,125.0,119.63757,122.18037,119.94557045940662
7,125.0,119.34603,123.265175,119.82073959672296
7,125.0,119.09305,124.57709,119.75730533709417
7,125.0,118.49612,124.69742,119.24725266159992
7,125.0,118.60794,125.64022,119.45972940677002
7,125.0,117.97757,124.0063,118.70780305628683
7,125.0,118.65813,124.87538,119.41119517801366
7,125.0,118.13443,125.079834,118.97569577210041
7,125.0,117.93674,123.407455,118.59938079791809
7,125.0,117.35793,120.97637,117.79621840096746
7,125.0,116.65295,121.160225,117.19889302304209
7,125.0,114.50734,120.0377,115.17720701841715
7,125.0,113.91457,121.3295,114.81271044396226
7,125.0,111.06286,119.53631,112.08920978231623
7,125.0,109.95711,119.81551,111.15121233647999
7,125.0,109.20427,115.189255,109.9292040125077
7,125.0,109.82982,114.30013,110.37128794142221
7,125.0,110.160904,114.176445,110.6472885258738
7,125.0,110.88181,114.65461,111.33879509160583
7,125.0,111.63986,115.49665,112.10701768001516
7,125.0,112.69332,116.99155,113.2139461158732
7,125.0,111.53121,117.05632,112.20044360308891
7,125.0,111.32412,110.88066,111.27040540913539
7,125.0,110.63672,112.205055,110.82668435929898
7,125.0,111.22787,112.80591,111.41900820948274
7,125.0,111.61554,113.847534,111.88589111321473
7,125.0,112.46449,113.42202,112.58047379556551
7,125.0,112.82935,112.59789,112.8013175450318
7,125.0,111.925545,112.12034,111.9491392316872
7,125.0,112.331245,111.358025,112.21336352100167
7,125.0,114.307205,115.629875,114.46741432069791
7,125.0,115.509895,116.81731,115.66825621609185
7,125.0,116.36018,115.401024,116.24400495759073
7,125.0,116.9821,113.31113,116.53745263104325
7,125.0,116.12088,113.61845,115.81777147575053
7,125.0,115.2441,110.70144,114.69386988382907
7,125.0,114.49963,112.95327,114.31232962969311
7,125.0,110.92764,110.35771,110.85860961648714
7,125.0,109.3493,111.961464,109.66569676072737
7,125.0,109.15885,113.70152,109.70908514184799
7,125.0,111.39457,112.4641,111.52411732052572
7,125.0,112.9525,118.17466,113.58503639880546
7,125.0,114.03795,116.115585,114.28960348507637
7,125.0,114.966835,116.6762,115.17388288889279
7,125.0,114.94144,117.945435,115.30529763399693
7,125.0,112.3412,117.55038,112.97216594840434
7,125.0,110.96742,114.35898,111.37822652313307
7,125.0,107.37626,114.034546,108.18274748736259
7,125.0,105.16052,113.06526,106.1179883142617
7,125.0,103.36974,105.023926,103.57010709348363
7,125.0,103.92387,108.14448,104.4350901424109
7,125.0,101.96461,107.498726,102.63493036812515
7,125.0,100.159966,104.76338,100.71755683356746
7,125.0,94.98223,101.67507,95.7929050922389
7,125.0,92.70053,102.179146,93.84863337565233
7,125.0,92.266235,100.718956,93.29007573307925
7,125.0,91.56855,102.25442,92.8628815951119
7,125.0,92.376495,105.70492,93.99090778576797
7,125.0,93.77124,104.8778,95.11652832051558
7,125.0,94.0874,101.42553,94.97623698112884
7,125.0,94.169876,104.0878,95.37118990884143
7,124.0,96.729904,104.12801,97.62600420084554
7,123.0,99.51613,104.94454,100.1736480621812
7,122.0,102.29611,110.71633,103.31601571404273
7,121.0,103.7354,109.6533,104.45220620287884
7,120.0,104.258965,109.14707,104.85103919177007
7,119.0,102.606,108.400116,103.30781791291079
7,118.0,103.804214,108.80898,104.41041976645496
7,117.0,106.78224,108.15428,106.94843088710226
7,116.0,111.16962,110.38382,111.07443659611093
7,115.0,112.06047,112.54748,112.11945958569254
7,114.0,113.10632,113.944664,113.2078677222624
7,113.0,112.72234,110.36747,112.43710809330518
7,112.0,114.241486,114.00872,114.21329178462584
7,111.0,115.490524,112.41631,115.11815879928785
7,110.0,113.72054,113.76846,113.72634727125924
7,109.0,112.0921,112.08135,112.09079997336775
7,108.0,108.59725,111.48643,108.9472048343973
7,107.0,103.88061,109.48453,104.55938545843541
7,106.0,98.68326,105.81459,99.54704456890066
7,105.0,97.12384,104.55053,98.02340209120973
7,104.0,91.4052,101.490166,92.62674444203029
7,103.0,89.52697,96.12394,90.32603143822308
7,102.0,93.44906,103.58476,94.67675119300708
7,101.0,95.69537,108.58771,97.25696449552429
7,100.0,101.01842,110.779976,102.20079144072251
7,99.0,104.81984,112.99094,105.80956801834336
7,98.0,108.11928,115.39793,109.00090819437926
7,97.0,111.686,111.36247,111.64680993140743
7,96.0,113.95824,108.17127,113.257287484384
7,95.0,116.3857,106.25158,115.15819596666881
7,94.0,117.33037,106.540634,116.02345566113877
7,93.0,116.54419,104.44837,115.07907697682
7,92.0,114.80899,104.01004,113.50096176727506
7,91.0,111.533035,98.14495,109.9113962780299
8,125.0,117.9592,116.966446,117.8389503634145
8,125.0,117.13578,112.136536,116.53024410449737
8,125.0,116.6808,113.93395,116.34808780639024
8,125.0,116.085785,112.54939,115.65743748354183
8,125.0,116.72021,113.44331,116.32329169427956
8,125.0,116.58048,112.928894,116.13818184861788
8,125.0,115.75723,101.218254,113.99619098451609
8,125.0,116.733795,102.38072,114.99527138397265
8,125.0,117.17028,106.793465,115.913383003846
8,125.0,117.74019,106.372475,116.36326807114128
8,125.0,118.15074,106.36517,116.72320821938085
8,125.0,118.70023,112.55965,117.956451539716
8,125.0,118.942024,116.065994,118.59366353803453
8,125.0,118.607254,115.74943,118.26109827273532
8,125.0,118.77164,113.72057,118.15982414683134
8,125.0,119.18174,114.27987,118.58799805126878
8,125.0,118.68084,113.056885,117.99963496028761
8,125.0,118.1958,110.33034,117.24309226967496
8,125.0,117.987274,110.50791,117.08133232382878
8,125.0,118.23528,114.932304,117.83520783019645
8,125.0,115.549255,108.297226,114.67084936651202
8,125.0,117.46807,119.17331,117.67461890483048
8,125.0,116.59271,111.86091,116.01957008411594
8,125.0,116.669205,109.643234,115.81818022171234
8,125.0,116.717316,106.24859,115.44928541304016
8,125.0,115.9661,104.65696,114.59627650007475
8,125.0,114.36786,102.65225,112.94879965945623
8,125.0,114.45393,103.25081,113.0969491117078
8,125.0,113.260056,105.873665,112.36537495591377
8,125.0,115.2431,105.19971,114.02659122909955
8,125.0,115.679276,103.27744,114.17709680143308
8,125.0,117.10445,108.64866,116.08023453556336
8,125.0,117.538956,111.59662,116.81918688553276
8,125.0,117.42319,112.57355,116.83577198826944
8,125.0,118.02864,106.11325,116.5853826559686
8,125.0,118.199646,104.58651,116.55074746454508
8,125.0,118.0758,97.46015,115.57871666518619
8,125.0,117.525345,110.69307,116.69778177885229
8,125.0,117.72345,109.366875,116.71125501718566
8,125.0,117.07599,109.26527,116.12991077991629
8,125.0,115.905655,112.05272,115.4389659656105
8,125.0,114.042,110.32888,113.59224619868476
8,125.0,112.41304,108.86473,111.98324926562427
8,125.0,111.530624,115.66448,112.0313401534375
8,125.0,110.709435,119.169235,111.73413246910474
8,125.0,112.01809,118.65796,112.82234711915336
8,125.0,115.80633,110.727005,115.19109208343879
8,125.0,117.88138,112.0202,117.17144010156183
8,125.0,118.69679,112.22862,117.91333197596718
8,125.0,118.63087,111.125305,117.7217517489062
8,125.0,119.073685,122.26109,119.45976127279744
8,125.0,118.72478,116.905495,118.50441563630955
8,125.0,118.75009,114.67659,118.2566864592207
8,125.0,118.352905,116.37143,118.11289793665985
8,125.0,116.85221,112.73493,116.35350333568256
8,125.0,117.45529,108.77451,116.40382773413566
8,125.0,115.11629,112.47784,114.79670346588675
8,125.0,115.41731,111.82585,114.98229493461666
8,125.0,116.33966,112.10618,115.82687779283214
8,125.0,117.34078,122.02972,117.90873188404872
8,125.0,116.00414,117.09103,116.13579212129045
8,125.0,116.77083,115.63896,116.63373030757107
8,125.0,116.09421,110.45345,115.41096828512659
8,125.0,116.74409,102.480576,115.01641161800215
8,125.0,115.31459,102.96147,113.81831221429788
8,125.0,113.946556,102.173294,112.52051333032452
8,125.0,113.59305,104.67731,112.51312412572166
8,125.0,111.427704,108.70576,111.0980065821308
8,125.0,109.17216,111.722496,109.48106845411553
8,125.0,107.769,106.12704,107.57011387759049
8,125.0,104.29774,101.73194,103.98695369896782
8,125.0,100.75903,107.516785,101.57756952189425
8,125.0,98.49767,106.63139,99.48287433824825
8,125.0,101.77113,102.69207,101.88268236714106
8,125.0,99.26757,97.86927,99.09820062748054
8,125.0,95.20632,101.495155,95.9680601060591
8,125.0,92.68985,102.00311,93.81792388847367
8,125.0,87.968124,107.57562,90.34309326131797
8,125.0,85.61073,109.40357,88.49265359272859
8,125.0,84.26063,110.38527,87.42498913617699
8,125.0,94.127426,108.28252,95.8419691567006
8,125.0,98.8689,114.54775,100.7680064256606
8,125.0,103.09079,113.927635,104.40340858317644
8,125.0,106.44894,107.971985,106.63341652767973
8,125.0,106.87298,109.046135,107.13620300140451
8,125.0,109.3486,113.43119,109.84310800887518
8,125.0,108.45647,108.886696,108.50857841889525
8,125.0,110.86764,109.7593,110.73338966407772
8,125.0,112.21754,113.95929,112.42850765949217
8,125.0,108.87136,111.94695,109.24389353624807
8,125.0,109.27251,110.08096,109.3704314372149
8,125.0,107.47781,114.00426,108.26833273427582
8,125.0,110.58815,114.40482,111.05044664953166
8,125.0,115.97743,109.80206,115.2294372929459
8,125.0,117.92976,119.85152,118.16253716195592
8,125.0,118.75807,116.339806,118.46515808002519
8,125.0,118.1748,119.435585,118.32751068542089
8,125.0,118.19769,110.554565,117.271914905994
8,125.0,118.13617,116.42491,117.92889238626299
8,125.0,117.504974,105.50025,116.05089581676258
8,125.0,116.796234,109.85115,115.95500710321105
8,125.0,117.138405,117.84071,117.22347236368124
8,125.0,117.869064,114.511116,117.46233101790511
8,125.0,117.77028,117.80753,117.77479138205513
8,125.0,117.79437,114.99292,117.45504508548443
8,125.0,117.93187,118.15089,117.9583980634781
8,125.0,116.51008,114.54502,116.27205978792887
8,124.0,116.65858,114.16188,116.35616324827771
8,123.0,116.353775,116.45455,116.36598165362248
8,122.0,115.57121,112.71535,115.22529451041135
8,121.0,110.95664,112.88798,111.19057620677549
8,120.0,109.77881,113.35615,110.21211574515512
8,119.0,111.369064,114.68401,111.77058933455032
8,118.0,110.180984,113.914215,110.6331740812573
8,117.0,109.41367,108.83085,109.34307844149589
8,116.0,104.741486,106.74984,104.98474858807174
8,115.0,107.275085,115.27291,108.24382642427602
8,114.0,108.49127,115.909676,109.38983014342378
8,113.0,107.44433,115.08443,108.36973939972532
8,112.0,103.8231,112.983475,104.93265293231627
8,111.0,103.02374,102.425125,102.95123479926133
8,110.0,100.15411,106.80265,100.95942138838993
8,109.0,99.440346,106.99297,100.3551618823623
8,108.0,99.34941,103.0833,99.80168006878125
8,107.0,103.87255,100.75819,103.49532185672768
8,106.0,107.91881,105.20502,107.5900985865708
8,105.0,107.89235,104.58418,107.49164577751125
8,104.0,100.38617,104.39697,100.8719801536624
8,103.0,101.17261,105.89239,101.74429333555798
8,102.0,102.40645,103.6282,102.55443329737538
8,101.0,98.6509,90.55082,97.66977491194346
8,100.0,100.46826,96.05346,99.93351636044423
8,99.0,102.04906,98.987854,101.67826712945453
8,98.0,102.315506,95.861275,101.53373371217252
8,97.0,104.84482,97.24032,103.9237189421463
8,96.0,104.73809,98.39298,103.9695358563998
8,95.0,104.85362,89.67105,103.01462522317931
9,125.0,118.26195,110.6064,117.33466520823431
9,125.0,117.633934,106.129555,116.2404598294111
9,125.0,118.80379,112.37467,118.0250571473004
9,125.0,118.055725,105.695656,116.55860498948942
9,125.0,118.22311,115.68664,117.91587525802753
9,125.0,117.4648,117.64021,117.48604521557088
9,125.0,118.012985,114.4,117.57536061486789
9,125.0,117.67661,114.108894,117.24447101105753
9,125.0,118.02815,114.09322,117.55153206503984
9,125.0,118.47319,120.66345,118.73848696341351
9,125.0,117.95858,117.08587,117.8528724009271
9,125.0,117.53829,111.54779,116.81268919299823
9,124.0,116.378586,108.72922,115.45205192462076
9,123.0,115.36026,102.32684,113.7815803229745
9,122.0,115.64076,99.088,113.63579968566746
9,121.0,114.64987,103.720695,113.32606940352557
9,120.0,116.102585,107.10083,115.01224240134876
9,119.0,116.84857,108.931175,115.88957281796633
9,118.0,118.08536,114.657845,117.67019827631805
9,117.0,118.32407,111.98724,117.55652179706337
9,116.0,118.59841,112.76352,117.89165706244769
9,115.0,118.00273,111.349045,117.19679992705625
9,114.0,117.72873,116.48116,117.57761711126201
9,113.0,115.27677,109.37691,114.56214728821571
9,112.0,116.47063,109.06125,115.57316188781031
9,111.0,115.107666,112.210304,114.75672149839583
10,125.0,116.39868,121.46022,117.01176326597363
10,125.0,117.25029,121.73937,117.79403245464334
10,125.0,117.67359,121.81979,118.17580259491488
10,125.0,117.79734,116.53358,117.64426636107301
10,125.0,118.517105,121.61475,118.8923094751683
10,125.0,118.901276,118.24108,118.82130922964086
10,125.0,119.076096,117.312904,118.86252808592154
10,125.0,119.05252,118.18865,118.94788418456415
10,125.0,119.447075,117.41515,119.20095730789566
10,125.0,119.18585,115.47053,118.73583136346397
10,125.0,119.17432,114.77926,118.64196265642263
10,125.0,118.87466,114.508224,118.3457702052437
10,125.0,119.4577,115.58944,118.98915714895388
10,125.0,119.53028,115.94124,119.09555632375604
10,125.0,119.40786,119.365364,119.40271248415304
10,125.0,119.64978,122.04311,119.9396740864479
10,125.0,119.588974,119.9266,119.62986884059815
10,125.0,119.29521,121.303055,119.53841286868536
10,125.0,119.61107,121.11322,119.79301764108651
10,125.0,119.92554,121.18663,120.07828770127277
10,125.0,119.639786,119.43456,119.61492800908186
10,125.0,118.86667,119.61385,118.95717186049713
10,125.0,118.09739,118.4753,118.14316431175163
10,125.0,116.89167,119.177925,117.16859409222711
10,125.0,117.57014,120.69503,117.94864140964482
10,125.0,117.445854,119.877266,117.74036025578555
10,125.0,118.35407,122.00012,118.7957022979233
10,125.0,117.5163,122.17771,118.0809128240262
10,125.0,116.821785,121.35723,117.37114335497007
10,125.0,117.204865,122.126114,117.80095350879282
10,125.0,116.72919,121.421684,117.29756829173913
10,125.0,117.63294,121.69978,118.12554054121077
10,125.0,117.33808,116.793755,117.27214948254445
10,125.0,118.05507,123.01103,118.65536269780921
10,125.0,118.53056,117.35041,118.3876166939497
10,125.0,119.028244,116.53369,118.72608997769143
10,125.0,119.148315,116.48561,118.82579390394622
10,125.0,119.2353,116.77349,118.9371104155618
10,125.0,117.58798,116.44975,117.45011352669302
10,125.0,117.23499,120.32205,117.60891468257851
10,125.0,115.83191,122.06726,116.58716952638017
10,125.0,115.81247,120.56582,116.388221500164
10,125.0,114.91077,121.72035,115.73558135464486
10,125.0,115.31004,120.04159,115.88315423329374
10,125.0,115.58345,119.19021,116.02032085452703
10,125.0,115.481476,120.679245,116.11105844499036
10,125.0,116.27202,120.63316,116.80026449323024
10,125.0,117.0309,121.60852,117.58536593495867
10,125.0,117.556435,121.861404,118.07787643646358
10,125.0,118.230415,121.72063,118.65316910738082
10,125.0,117.81938,120.06037,118.0908228073656
10,125.0,118.75916,121.77165,119.1240523087549
10,125.0,118.65515,121.77783,119.03338775968446
10,125.0,118.84186,117.371796,118.66379582049035
10,125.0,119.27719,121.10926,119.4991015634802
10,125.0,119.49335,122.51126,119.85889361934298
10,125.0,119.65433,121.11886,119.83171949918881
10,125.0,119.73956,121.93639,120.00565530671278
10,125.0,119.75059,120.61245,119.85498098863889
10,125.0,119.40181,121.45513,119.65051941596155
10,125.0,119.182175,120.43266,119.3336407552781
10,125.0,119.03585,119.99683,119.15225014651146
10,125.0,118.62691,118.71845,118.63799579922497
10,125.0,118.08524,117.659454,118.03366931568034
10,125.0,117.666214,114.77135,117.3155716574894
10,125.0,117.88214,116.07316,117.66302708256562
10,125.0,117.94296,116.06996,117.71609437050508
10,125.0,118.06685,116.183876,117.83877266117504
10,125.0,117.221535,112.05991,116.59633056887168
10,125.0,116.82093,113.64025,116.43566896958335
10,125.0,117.3336,115.65162,117.12987168550515
10,125.0,117.48104,115.96058,117.29687416414791
10,125.0,116.95116,111.957985,116.34635598142454
10,125.0,117.43056,112.360596,116.8164554031549
10,125.0,117.298904,110.68915,116.49829407438948
10,125.0,117.28512,113.83354,116.86704405601101
10,125.0,117.005226,113.11013,116.53343053658541
10,125.0,117.145355,113.25041,116.67357810823205
10,125.0,116.41484,116.43547,116.41733950400942
10,125.0,116.21813,112.863754,115.81183119150694
10,125.0,116.96701,115.27636,116.7622294841397
10,125.0,116.44285,114.700424,116.23179615026257
10,125.0,116.98193,113.483475,116.55818086276928
10,125.0,118.3454,113.92998,117.81057773763371
10,125.0,118.81499,116.285286,118.5085757459811
10,125.0,119.29111,116.36077,118.93616863738167
10,125.0,119.010284,114.705345,118.4888463151704
10,125.0,119.63951,114.97344,119.07433096121005
10,125.0,118.593216,114.08239,118.0468396782388
10,125.0,117.47684,112.288,116.84833668143935
10,125.0,116.06449,110.89743,115.43862821815995
10,125.0,115.012474,111.69176,114.61025042595641
10,125.0,114.8469,110.41696,114.31032213835077
10,125.0,113.67326,111.72199,113.4369147825657
10,125.0,113.8387,110.429634,113.42577446012614
10,125.0,113.799225,109.29971,113.25421905126245
10,125.0,114.183624,111.76135,113.89022528804583
10,125.0,114.56905,106.72788,113.61928751908283
10,125.0,115.73785,111.38957,115.21115929515949
10,125.0,113.53312,107.77312,112.83543581255935
10,125.0,113.81924,109.08464,113.24575621121471
10,125.0,108.60759,107.54044,108.47833104598354
10,125.0,105.9761,109.959435,106.45858101459024
10,125.0,103.647514,104.93839,103.80387267839741
10,125.0,102.40405,107.853195,103.06408307577367
10,125.0,100.52639,107.26969,101.34317612147828
10,125.0,96.85968,106.21972,97.99341995709987
10,125.0,94.825836,109.28642,96.57738258604752
10,125.0,96.65387,110.9494,98.38542373894603
10,125.0,93.476166,110.39022,95.52488985985487
10,125.0,91.7701,111.724045,94.18703544426418
10,125.0,90.061066,112.34477,92.76019175400818
10,125.0,88.860535,110.22766,91.44863947327242
10,125.0,92.759544,109.23961,94.75570112836098
10,125.0,94.01256,105.65141,95.42232061819848
10,125.0,96.98335,104.08765,97.84386411139612
10,125.0,101.558716,105.866844,102.08054020885581
10,125.0,104.56828,106.029236,104.74524177793724
10,125.0,108.800804,110.72227,109.03354238984097
10,125.0,110.39687,108.359955,110.15015059684396
10,125.0,107.34639,104.86669,107.04603498069072
10,125.0,108.11599,106.090324,107.87062987675583
10,125.0,104.32909,107.972946,104.77045080995505
10,125.0,105.90384,108.77434,106.25152982119542
10,125.0,103.33234,106.69283,103.73937839319349
10,125.0,103.373375,107.71903,103.89974504702334
10,125.0,104.60678,106.30769,104.81280495384826
10,125.0,103.58295,107.45903,104.05243948253147
10,125.0,104.27273,106.92117,104.59352232193928
10,125.0,104.75705,106.48461,104.96630144068996
10,125.0,99.98562,104.87737,100.57813497126361
10,125.0,95.76988,96.09213,95.80891495288698
10,125.0,94.64643,95.66135,94.76936315666423
10,125.0,94.567986,97.07807,94.87202107277311
10,124.0,93.74219,100.852776,94.60346134477439
10,123.0,95.03918,103.03558,96.00774603066728
10,122.0,94.62648,101.79817,95.49515518081563
10,121.0,95.79852,102.896515,96.65827108085641
10,120.0,92.33172,102.47867,93.56077324997626
10,119.0,86.55879,103.80817,88.64813196160624
10,118.0,81.53758,105.03327,84.38351054412317
10,117.0,79.62041,102.43689,82.38406595254891
10,116.0,74.4853,102.24905,77.84819724228053
10,115.0,72.97487,102.83821,76.59208233833475
10,114.0,70.44119,105.74551,74.71744680557991
10,113.0,69.109436,106.8133,73.67633718015894
10,112.0,74.748184,107.88103,78.76141782109056
10,111.0,75.315094,102.948235,78.66217316254918
10,110.0,83.855934,94.56324,85.15286239022552
10,109.0,88.0026,99.856026,89.43835405618952
10,108.0,89.971344,103.04519,91.55492056397931
10,107.0,94.0109,101.938385,94.97112304360942
10,106.0,97.74721,103.96764,98.50066134433159
10,105.0,94.70834,101.28926,95.50546069738256
10,104.0,95.5238,95.01164,95.46176790059894
10,103.0,91.82634,102.50044,93.11924622227849
10,102.0,87.55182,104.33209,89.58433858723654
10,101.0,77.12529,100.0444,79.90137995409515
10,100.0,79.30947,94.25901,81.12024218862835
10,99.0,73.07001,91.81544,75.34055771953521
10,98.0,73.9245,87.25973,75.53973624634514
10,97.0,74.29895,91.47359,76.37923741644201
10,96.0,71.480484,88.01653,73.4834219172246
11,125.0,115.64232,106.331116,114.51449420155878
11,125.0,115.418976,109.5385,114.70669974797784
11,125.0,114.77849,103.74496,113.44204569759682
11,125.0,115.55303,108.92667,114.75040977943618
11,125.0,115.45213,108.25761,114.58069222555957
11,125.0,116.30151,107.63035,115.25121404230799
11,125.0,117.150986,107.30926,115.95890103966448
11,125.0,117.2835,105.30757,115.83290973126017
11,125.0,117.491554,108.33644,116.38263619598715
11,125.0,117.57807,108.20643,116.44292623467555
11,125.0,117.5113,109.69735,116.5648302432274
11,125.0,117.95059,110.11113,117.0010329118573
11,125.0,117.63373,105.66794,116.18436523546599
11,125.0,117.34346,108.359634,116.25528931470278
11,125.0,116.76453,116.29323,116.70744011442639
11,125.0,117.2286,112.76252,116.68764321608374
11,125.0,117.22118,117.639305,117.27182895114107
11,125.0,117.21855,115.02709,116.9531098939601
11,125.0,117.02924,113.865524,116.64603626452902
11,125.0,115.82085,112.96651,115.47511312238562
11,125.0,114.79062,104.61307,113.5578574678366
11,125.0,113.7775,110.408195,113.36938794227741
11,125.0,114.65243,110.40086,114.13745467013615
11,125.0,113.27487,108.04072,112.64088210892825
11,125.0,112.44963,103.84014,111.40680164983178
11,125.0,110.71071,107.86363,110.36585493999256
11,124.0,111.17555,112.45147,111.33009851464976
11,123.0,109.268555,111.60715,109.55181797855033
11,122.0,109.06157,118.364586,110.18840216297265
11,121.0,106.007065,120.979935,107.8206618199143
11,120.0,102.24742,118.86178,104.25984428491645
11,119.0,101.23917,100.786095,101.18428771668572
11,118.0,100.74927,105.60436,101.33734358762452
11,117.0,99.212395,116.09923,101.25782156197982
11,116.0,97.48314,117.01298,99.8487013476605
11,115.0,97.268326,119.98544,100.01994898570575
11,114.0,98.46828,124.59936,101.63341831982171
11,113.0,100.512085,123.50447,103.29705019426407
11,112.0,100.7974,121.61844,103.3193608857444
11,111.0,104.064835,120.36881,106.03966278650967
11,110.0,106.56222,109.28649,106.89219684263388
11,109.0,111.117325,108.81848,110.83887617490305
11,108.0,112.645,113.19649,112.71179626395602
11,107.0,112.259514,111.08333,112.11704773400861
11,106.0,111.14896,107.17982,110.66819216836556
11,105.0,108.99869,106.024315,108.63841521455397
11,104.0,108.19575,105.24936,107.83886449810366
11,103.0,105.46835,98.20564,104.58865350652017
11,102.0,101.997116,96.45105,101.32534579611233
11,101.0,101.36812,94.04105,100.48062361486434
11,100.0,93.40787,99.65009,94.16396040555085
11,99.0,94.647,102.2705,95.57040339216783
11,98.0,93.49153,85.873116,92.56874661402682
11,97.0,90.92032,87.02251,90.44819402006416
12,125.0,119.34463,122.20015,119.69050405335926
12,125.0,119.07744,121.58666,119.38136946765218
12,125.0,119.12573,120.10209,119.24399413432029
12,125.0,119.16578,122.03489,119.5133016347871
12,125.0,119.54713,121.51615,119.78562595183705
12,125.0,119.87233,122.1825,120.15215067623252
12,125.0,120.134125,120.52014,120.18088125608115
12,125.0,120.01816,120.378815,120.06184270241239
12,125.0,120.1748,122.31105,120.43355190693939
12,125.0,120.20883,122.62385,120.50135193369616
12,125.0,120.20301,121.847626,120.40221546574084
12,125.0,120.10039,123.26239,120.48338685217568
12,125.0,120.01372,122.0385,120.25897026238111
12,125.0,119.858734,125.60024,120.55417746626941
12,125.0,119.32633,125.23761,120.0423388248597
12,125.0,119.170364,124.28234,119.78955532658028
12,125.0,118.682526,123.35702,119.24872600442701
12,125.0,118.30429,124.82949,119.09465915438396
12,125.0,117.32933,124.1831,118.15949674482884
12,125.0,116.93814,123.92172,117.78403097885311
12,125.0,114.618576,123.14504,115.6513489226477
12,125.0,113.60866,123.76156,114.83843345142203
12,125.0,112.68753,123.29716,113.97262732603971
12,125.0,111.7267,123.30112,113.12865739233717
12,125.0,111.317986,123.016266,112.73494609776722
12,125.0,112.27799,123.014595,113.57846909560041
12,125.0,112.579865,123.940155,113.95588586597883
12,125.0,114.09426,124.904045,115.40360212334777
12,125.0,115.351616,124.3595,116.44270040727093
12,125.0,116.54523,125.05373,117.57582363383807
12,125.0,117.28436,123.76925,118.06984815453916
12,125.0,116.67671,122.56895,117.39041217876836
12,125.0,115.599014,122.54847,116.44077082751711
12,125.0,115.354034,123.650505,116.35894893917872
12,125.0,114.696335,123.46814,115.75882446358054
12,125.0,115.333496,124.274864,116.41652416453478
12,125.0,115.65744,123.13352,116.56298466237963
12,125.0,116.368904,124.512,117.3552411541427
12,125.0,115.95852,122.14446,116.70779476274286
12,125.0,116.24741,123.575714,117.1350580130809
12,125.0,116.44656,122.357506,117.16252979223708
12,125.0,116.569374,123.5531,117.41528175236176
12,125.0,114.8735,122.51534,115.7991197231312
12,125.0,113.16578,120.56521,114.06203901162908
12,125.0,112.74397,124.00953,114.10851941186824
12,125.0,109.5891,121.5059,111.032531826911
12,125.0,110.65967,122.6092,112.10706147250275
12,125.0,111.64224,122.654144,112.976065028449
12,125.0,112.30469,123.21051,113.62566120798152
12,125.0,113.51812,119.6202,114.25723772558963
12,125.0,115.32876,119.91946,115.88480905920716
12,125.0,117.33699,121.76169,117.87293429133396
12,125.0,118.417656,122.65091,118.93041107308653
12,125.0,118.81467,123.09986,119.33371324822615
12,125.0,119.07721,119.720825,119.15516777684451
12,125.0,119.64899,119.74993,119.66121377613497
12,125.0,119.48961,120.64223,119.62922029574786
12,125.0,119.51967,122.08371,119.8302394553672
12,125.0,119.56822,122.37233,119.90787111087424
12,125.0,119.31514,122.84413,119.74259080795322
12,125.0,119.40866,121.87332,119.70719424869337
12,125.0,118.73475,120.493034,118.9477221298038
12,125.0,118.2714,115.78028,117.9696622623484
12,125.0,118.60192,113.424385,117.9747892184409
12,125.0,118.04785,118.942245,118.1561855122391
12,125.0,117.2593,118.29832,117.38515169725108
12,125.0,115.915,118.340485,116.20878894728892
12,125.0,116.2644,122.624664,117.0347875418459
12,125.0,115.67812,121.43748,116.37572831348437
12,125.0,115.68426,119.666466,116.16660464602616
12,125.0,116.20666,116.5243,116.24513199521294
12,125.0,116.495804,118.24791,116.70802858968686
12,125.0,116.80365,119.69531,117.1539041059974
12,125.0,117.09343,122.419426,117.73854377373324
12,125.0,117.623886,118.44829,117.72374223117424
12,125.0,117.96903,114.98829,117.60798812235434
12,125.0,118.58879,119.56105,118.70655635648185
12,125.0,118.78314,120.52503,118.99412945712845
12,125.0,119.16632,121.92965,119.50103047343976
12,125.0,119.34558,119.89824,119.41252206510464
12,125.0,119.56133,116.65894,119.20977919391323
12,125.0,119.6544,117.55231,119.39978609856968
12,125.0,119.73757,120.292336,119.80476778234397
12,125.0,119.53466,117.720406,119.31490774547964
12,125.0,119.60882,119.450134,119.58959739548878
12,125.0,118.62541,119.2136,118.69665659922259
12,125.0,118.84018,117.097115,118.62904976243259
12,125.0,118.73357,116.54351,118.46829457947644
12,125.0,118.98036,120.69576,119.18814078001277
12,125.0,119.10849,119.88006,119.20194661968985
12,125.0,119.53763,121.549385,119.78130332129001
12,125.0,119.830734,122.47019,120.15044000161001
12,125.0,119.67697,120.466324,119.77258217603912
12,125.0,119.686966,119.360466,119.64741845983494
12,125.0,119.41818,117.59176,119.19695581644962
12,125.0,119.16884,119.77013,119.2416698175921
12,125.0,119.101776,121.6085,119.40540412663154
12,125.0,119.212585,119.139305,119.20370932888056
12,125.0,119.14402,118.813416,119.10397542438585
12,125.0,118.74286,118.430534,118.70502840902131
12,125.0,118.73202,119.91262,118.8750187003913
12,125.0,118.9731,121.411705,119.26847626368568
12,125.0,119.08275,117.846924,118.9330584886072
12,125.0,119.43439,115.88656,119.00465453073991
12,125.0,119.754974,117.741844,119.51113287715187
12,125.0,119.71336,119.89086,119.73486317267358
12,125.0,119.4759,119.44291,119.47190287132311
12,125.0,119.31157,116.7322,118.9991417914527
12,125.0,118.6664,109.84737,117.59818720089363
12,125.0,118.057335,108.267006,116.87147598157665
12,125.0,117.974884,109.942314,117.00193464044465
12,125.0,117.28377,110.25295,116.4321563972487
12,125.0,118.06432,113.15895,117.47015750085032
12,125.0,118.096085,109.70187,117.07933124776196
12,125.0,118.66902,108.28921,117.4117609767267
12,125.0,119.14497,109.021736,117.9187910977798
12,125.0,118.985886,109.5449,117.84234098332868
12,125.0,119.00949,109.57482,117.86671149686313
12,125.0,118.922745,110.96466,117.95881748865656
12,125.0,118.172554,110.92942,117.2952255291072
12,125.0,117.7326,108.82814,116.65404014652536
12,125.0,117.04263,108.886696,116.05474073146483
12,125.0,114.83316,108.8259,114.10552738255063
12,125.0,114.70796,111.53889,114.3241061030032
12,125.0,114.095955,109.54119,113.54425665513085
12,125.0,114.7545,110.42818,114.23047294100715
12,125.0,114.81082,107.359505,113.90827673222853
12,125.0,115.48352,106.56575,114.40335072335837
12,125.0,114.303696,106.78501,113.3929909461813
12,125.0,115.35892,107.51875,114.40927308863039
12,125.0,116.12954,111.268394,115.54073065740135
12,125.0,115.346565,110.21489,114.72498823609347
12,125.0,115.42658,111.29503,114.92614565523348
12,125.0,115.02161,111.15715,114.55352209071252
12,125.0,112.930595,110.9647,112.69247510310083
12,125.0,113.81077,111.44132,113.52376771711488
12,125.0,112.22491,110.63321,112.03211167330838
12,125.0,112.51839,108.76427,112.06366703097105
12,125.0,111.10217,109.72204,110.93500330020228
12,125.0,112.444,110.47121,112.20504454973099
12,125.0,114.33439,113.41834,114.22343214605289
12,125.0,114.04898,113.79151,114.01779461887162
12,125.0,115.177124,111.68354,114.7539618016599
12,125.0,115.75346,112.562256,115.36692695565222
12,125.0,116.10202,112.06174,115.61263876494763
12,125.0,116.29012,113.04662,115.89725231518821
12,125.0,116.8308,113.90023,116.47583572957643
12,125.0,116.758705,114.81033,116.52270753545355
12,125.0,117.58328,115.05268,117.2767619885491
12,125.0,118.47263,116.21717,118.19943922299976
12,125.0,118.9491,112.42696,118.15909979084056
12,125.0,119.398,113.93987,118.73688367616266
12,125.0,119.5105,113.24308,118.75135364669129
12,125.0,119.24593,111.52486,118.31071388916688
12,125.0,118.552864,111.5097,117.69975663028956
12,125.0,116.788376,108.567215,115.79258327395242
12,125.0,113.81438,108.47277,113.1673718843636
12,125.0,111.72222,108.72434,111.35910164796913
12,125.0,106.74016,110.29931,107.1712621433514
12,125.0,99.4104,110.13503,100.70942730194736
12,125.0,92.370605,106.50373,94.0824879521746
12,125.0,93.07839,109.565254,95.07537217068294
12,125.0,91.36206,111.67287,93.82221799504161
12,125.0,92.5762,115.8506,95.39532659645965
12,125.0,89.53769,111.045204,92.14279864628625
12,125.0,86.50296,109.86757,89.33301113950401
12,125.0,82.580826,105.17474,85.31752638380873
12,125.0,79.93144,109.06762,83.46057754194014
12,125.0,77.3178,102.63034,80.3837973686873
12,125.0,77.315834,96.53706,79.64401592107747
12,125.0,76.555214,99.88147,79.38061933876098
12,125.0,80.06432,101.57301,82.66957517623692
12,125.0,81.16989,109.31715,84.57924290949603
12,125.0,86.70326,107.66037,89.24170336978118
12,125.0,90.382034,106.743645,92.3638432549188
12,125.0,91.690025,103.71204,93.14619884576665
12,125.0,92.505775,99.1933,93.31580529591477
12,125.0,94.04566,103.855934,95.23393648005215
12,125.0,95.1895,101.72342,95.98092354720761
12,125.0,99.14661,108.277306,100.25256734299077
12,125.0,102.39162,110.53518,103.37801023265033
12,125.0,107.161995,110.07636,107.51499930266296
12,125.0,109.270424,106.82156,108.9738043703901
12,125.0,111.46327,110.01743,111.28814406878516
12,125.0,110.78534,109.43906,110.62227010040635
12,125.0,109.26228,108.94761,109.22416822021373
12,125.0,108.16522,105.74854,107.87250056440811
12,124.0,99.10308,102.43188,99.50628302093176
13,125.0,118.344635,122.49642,118.84752244276808
13,125.0,118.75289,122.73938,119.23575710749681
13,125.0,119.17271,121.60094,119.46682731700669
13,125.0,119.57613,121.49155,119.80813915683953
13,125.0,119.86916,120.40771,119.93439491166677
13,125.0,120.19272,122.618324,120.4865213234539
13,125.0,120.28678,119.25676,120.16201937678258
13,125.0,120.05519,119.900024,120.03639639814027
13,125.0,119.99833,120.1766,120.01992202338076
13,125.0,119.89935,118.884346,119.77640975054308
13,125.0,119.20391,119.73681,119.26845838134632
13,125.0,119.249954,120.0949,119.35229898691573
13,125.0,118.552376,119.645966,118.68483745021429
13,125.0,118.50714,118.994194,118.56613566260646
13,125.0,117.31571,117.43086,117.32965963613503
13,125.0,117.14669,117.00345,117.12934011780911
13,125.0,117.093216,117.13007,117.09768033981682
13,125.0,117.05464,119.299835,117.32659200425316
13,125.0,116.59445,119.09533,116.89737203612944
13,125.0,116.55766,119.26365,116.88542699150105
13,125.0,116.372696,118.89427,116.6781231774824
13,125.0,117.46963,119.91011,117.76523222135545
13,125.0,118.427864,121.870544,118.84486060414767
13,125.0,118.84282,120.77467,119.07681610955377
13,125.0,119.5321,121.08647,119.72037134244917
13,125.0,119.51738,121.675,119.77872305445555
13,125.0,119.84916,119.92075,119.8578311317433
13,125.0,120.18552,121.130196,120.29994114621864
13,125.0,119.97552,120.72906,120.06679021970203
13,125.0,119.8964,121.24367,120.05958891750063
13,125.0,119.5436,119.21253,119.50350096257745
13,125.0,119.345474,120.30054,119.46115675187549
13,125.0,119.35785,119.201324,119.33888998680348
13,125.0,119.04841,118.79394,119.01758559130343
13,125.0,119.199646,121.11011,119.43105167455721
13,125.0,119.100494,116.40586,118.77410543959537
13,125.0,119.15845,120.38266,119.30673068774507
13,125.0,119.14725,121.37792,119.4174390050679
13,125.0,119.000946,121.162605,119.2627781952369
13,125.0,118.184204,118.964325,118.2786966634385
13,125.0,118.32364,119.2673,118.43794079757606
13,125.0,118.12204,118.13551,118.12367178123287
13,125.0,117.91903,117.28656,117.8424210630221
13,125.0,117.962425,120.7691,118.30238479940118
13,125.0,116.74068,115.74479,116.62004943416673
13,125.0,117.35711,117.144035,117.33130039842342
13,125.0,116.83624,117.63779,116.93333015133862
13,125.0,117.10947,121.097565,117.59252710787578
13,125.0,116.60197,118.20239,116.79581929304385
13,125.0,116.47332,119.37948,116.82533002863977
13,125.0,115.62929,120.95882,116.2748297930709
13,125.0,115.0606,118.72067,115.50392853044347
13,125.0,114.799194,116.02799,114.94803315090748
13,125.0,114.521416,118.200294,114.96702190251865
13,125.0,111.89451,116.604034,112.46495226553225
13,125.0,111.92293,116.762596,112.50913530630675
13,125.0,111.91709,115.599976,112.36318272184175
13,125.0,112.22537,119.65139,113.12485275155042
13,125.0,113.66119,119.626595,114.38374954363161
13,125.0,115.15343,119.54804,115.68572727520636
13,125.0,115.52272,118.60732,115.89634447364759
13,125.0,116.454056,118.63604,116.71834977763274
13,125.0,117.06396,119.89775,117.40720200907992
13,125.0,117.58833,116.97412,117.5139363632045
13,125.0,118.265144,116.64494,118.06889660807417
13,125.0,118.18504,111.05023,117.32083542646204
13,125.0,118.373955,109.6646,117.31902902590038
13,125.0,117.674545,109.26968,116.65650095308256
13,125.0,118.34688,110.91032,117.4461204883401
13,125.0,118.34362,110.63618,117.41005204946174
13,125.0,117.45215,111.77867,116.76494543161161
13,125.0,117.19219,112.579025,116.6334197407997
13,125.0,115.6909,109.49215,114.94007534080727
13,125.0,116.87748,109.3182,115.96185760712514
13,125.0,117.34146,111.32491,116.61270351638245
13,125.0,117.222694,113.25964,116.7426677099281
13,125.0,117.75354,115.38623,117.46679838081246
13,125.0,118.240974,112.87582,117.59111673793515
13,125.0,118.22545,112.19758,117.49531955713488
13,125.0,118.30742,110.06761,117.30936770672047
13,125.0,118.66549,114.82796,118.20066604245571
13,125.0,118.54444,114.35461,118.03694523083685
13,125.0,118.28873,113.64149,117.72582737418358
13,125.0,118.2832,111.85418,117.5044841302298
13,125.0,117.837555,113.58999,117.32306616446579
13,125.0,117.0358,111.84063,116.40652962729295
13,125.0,117.64162,111.08437,116.8473671572421
13,125.0,116.579834,109.6597,115.74162881133425
13,125.0,117.13767,106.59372,115.86053039397775
13,125.0,116.41317,109.9734,115.63314878865617
13,125.0,115.711365,109.076866,114.90775749802343
13,125.0,114.37265,109.53206,113.78633087876129
13,125.0,113.78931,109.713165,113.29558180347395
13,125.0,112.437904,103.32292,111.33384713622318
13,125.0,108.60472,100.778496,107.65676527893729
13,125.0,104.42799,100.960495,104.00799110031332
13,125.0,102.08992,101.38049,102.00399032757201
13,125.0,98.42911,99.983696,98.61740802087948
13,125.0,95.06008,102.36488,95.94487958691919
13,125.0,91.48825,104.9549,93.11940626443976
13,125.0,90.85739,104.84126,92.55119538773084
13,125.0,90.315155,106.421135,92.26600060004758
13,125.0,92.19859,106.05401,93.8768378531293
13,125.0,93.57196,104.15602,94.8539605497935
13,125.0,93.12425,101.2267,94.10566567733932
13,125.0,95.642044,105.79772,96.87215605959022
13,125.0,96.22251,101.27647,96.83467434698099
13,125.0,94.68192,103.125595,95.70466729424756
13,125.0,91.77328,99.966995,92.76574582318626
13,125.0,93.75699,101.68936,94.71780152164715
13,125.0,94.69297,104.50901,95.88194346026806
13,125.0,95.34925,106.86958,96.74465730858465
13,125.0,97.713844,103.80363,98.45147254022538
13,125.0,98.254,106.152626,99.2107234402969
13,125.0,100.0481,107.495476,100.95017036626717
13,125.0,103.08539,105.8904,103.42514721820206
13,125.0,105.93083,105.637695,105.89532557959785
13,125.0,106.74791,105.47574,106.59381713966113
13,125.0,109.98446,108.461075,109.79993819702185
13,125.0,113.72973,108.57818,113.105744369816
13,125.0,115.2933,107.88004,114.39536242052455
13,125.0,114.24652,101.82949,112.74250144863021
13,125.0,116.12567,94.10484,113.45838659777992
13,125.0,116.641396,98.73786,114.47282029099054
13,125.0,117.307236,98.50116,115.02933953582831
13,125.0,118.22305,105.66817,116.70233560508743
13,125.0,118.15733,103.421906,116.37249666674695
13,125.0,118.57651,102.9547,116.68430723163061
13,125.0,118.320656,100.20764,116.12670713145324
13,125.0,118.10719,95.87043,115.41375298986486
13,125.0,117.49732,100.70906,115.46383479499606
13,125.0,116.70896,98.93788,114.55642976181625
13,125.0,116.02178,104.8125,114.66405155682519
13,125.0,115.96174,103.154366,114.41043856578557
13,125.0,116.622826,101.97973,114.84917254967384
13,125.0,116.92073,102.75204,115.20453988532213
13,124.0,117.187355,99.57431,115.05396542547666
13,123.0,117.64987,104.1396,116.01343313122078
13,122.0,117.471954,99.32867,115.27433876783277
13,121.0,117.87078,99.46173,115.64097476040936
13,120.0,117.33136,99.840416,115.21275977665455
13,119.0,117.579414,102.07279,115.7011663125572
13,118.0,116.85424,97.6162,114.5240227174399
13,117.0,115.99243,103.391174,114.46609749890786
13,116.0,116.59019,104.15242,115.0836557819193
13,115.0,115.25057,105.736595,114.0981865638164
13,114.0,114.0002,103.2016,112.69221216228696
13,113.0,113.040634,104.73616,112.03475024375054
13,112.0,111.654915,102.172844,110.50639386226888
13,111.0,108.54779,100.10645,107.52532892474886
13,110.0,106.46118,102.075966,105.93001999857862
13,109.0,109.034935,103.64828,108.38247315439725
13,108.0,108.286446,103.39979,107.69454654624609
13,107.0,111.123695,103.42987,110.19177666719156
13,106.0,110.16553,104.57564,109.48844893696884
13,105.0,108.54499,105.70702,108.2012402541626
13,104.0,110.534546,106.83673,110.08664605403287
13,103.0,110.91879,104.534325,110.14547055886311
13,102.0,112.42633,104.69453,111.48981161778848
13,101.0,110.59058,100.27291,109.3408500846331
13,100.0,110.11415,103.07161,109.26111933395293
13,99.0,110.45319,97.16917,108.84415866272911
13,98.0,109.80062,97.980644,108.36891991828665
13,97.0,109.39762,96.74703,107.86531168833021
13,96.0,104.78011,96.79454,103.81285637313914
13,95.0,91.44054,89.08264,91.15493519813909
14,123.0,112.92807,111.17728,112.71600425938443
14,122.0,110.00149,105.53946,109.46102210450826
14,121.0,107.46506,103.41081,106.97398474467985
14,120.0,108.046104,113.633194,108.72284368789036
14,119.0,105.76843,113.989746,106.76424368001844
14,118.0,104.09744,109.50313,104.75220921182432
14,117.0,101.84215,116.09904,103.56902129694741
14,116.0,98.92794,115.7688,100.96779850194481
14,115.0,97.52039,121.069176,100.3727524314596
14,114.0,98.79933,119.92744,101.35848488532716
14,113.0,98.2973,113.14017,100.09515233458856
14,112.0,95.62581,111.68424,97.57089520463998
14,111.0,91.74797,110.78839,94.05425186579077
14,110.0,93.643265,111.53027,95.80983841623035
14,109.0,88.17752,106.10704,90.34924356399782
14,108.0,87.387436,111.59439,90.31951648773016
14,107.0,88.40198,109.63199,90.97347415751373
15,125.0,119.564255,119.238,119.5247368498602
15,125.0,119.32397,118.30992,119.20114014161422
15,125.0,119.13965,119.18324,119.14492882808952
15,125.0,118.6145,118.89536,118.64852138238155
15,125.0,118.8374,120.27383,119.0113900123257
15,124.0,118.66597,120.44741,118.88174782579082
15,123.0,118.262955,117.62611,118.18581609733951
15,122.0,118.195274,119.392075,118.34023743153732
15,121.0,116.949165,117.00674,116.95613871269968
15,120.0,116.3625,116.00914,116.31970176184808
15,119.0,116.07392,117.38943,116.23326258054509
15,118.0,115.33428,115.60107,115.3665963592821
15,117.0,114.83625,116.0886,114.98794186178905
15,116.0,113.59226,113.56835,113.58936609303882
15,115.0,114.23006,115.18985,114.34631222243326
15,114.0,113.5633,112.7174,113.460840808823
15,113.0,113.89779,113.398415,113.83730200712701
15,112.0,116.01521,115.17885,115.91390787829113
15,111.0,117.750015,116.37668,117.58366909350083
15,110.0,118.138664,113.72008,117.60346052647847
15,109.0,118.0692,114.80299,117.67357777281956
15,108.0,118.38716,114.273605,117.88890455993494
15,107.0,117.942764,115.08717,117.59687929220733
15,106.0,117.53984,114.00402,117.11156257826654
15,105.0,117.15697,115.07985,116.905375126198
15,104.0,116.77066,115.81031,116.65433748028985
15,103.0,116.78116,118.64771,117.00724584644264
15,102.0,116.569565,120.78731,117.08044122270003
15,101.0,115.78576,119.45809,116.23057227394588
15,100.0,115.94082,115.73286,115.91562927197475
15,99.0,112.65964,118.18666,113.32910115398772
15,98.0,112.981285,114.81694,113.20362983042834
15,97.0,108.94565,108.47946,108.88918109735273
15,96.0,107.88878,113.350586,108.55034305808987
15,95.0,106.209076,119.391205,107.80576845550743
15,94.0,105.45717,121.045235,107.34528155713632
15,93.0,102.484314,118.20027,104.38791787522925
15,92.0,104.84125,115.57671,106.14158671258974
15,91.0,106.61996,115.41866,107.68570502286286
15,90.0,109.32953,115.234604,110.04478423603192
15,89.0,109.53131,115.98197,110.31265081881546
15,88.0,110.1217,116.19233,110.85700518553412
15,87.0,106.79062,113.21227,107.56844519659067
15,86.0,101.53369,103.33955,101.75242654999647
15,85.0,95.238304,106.886086,96.64914798701753
15,84.0,89.46619,104.586365,91.29762632791898
15,83.0,87.371185,112.250435,90.38469792819375
16,125.0,118.554306,124.64372,119.29188991368359
16,125.0,118.85451,124.141785,119.49493177320623
16,125.0,118.645905,123.941185,119.28729826410508
16,125.0,118.75935,123.46737,119.32961456672848
16,125.0,118.25215,121.13611,118.60147233720699
16,125.0,116.63629,118.53622,116.86642098016388
16,125.0,115.388824,120.96951,116.06478838751374
16,125.0,112.396355,120.60967,113.39119726606619
16,125.0,112.54945,122.57387,113.76366633657321
16,125.0,111.182045,123.84272,112.71557612881195
16,125.0,111.24091,122.7257,112.63201445651102
16,125.0,112.17966,122.830574,113.4697550988762
16,125.0,112.535286,120.74903,113.53018029089554
16,125.0,113.242004,121.22413,114.2088435418263
16,125.0,114.45699,121.46047,115.30529330350943
16,125.0,113.794426,119.152,114.44336508281829
16,125.0,112.67148,119.71454,113.524572778298
16,125.0,110.6935,121.062294,111.94942291239711
16,125.0,108.23994,117.05349,109.3074832081929
16,125.0,106.10509,119.40544,107.71609988725112
16,125.0,103.92236,119.7519,105.83972448507375
16,125.0,105.757355,120.04296,107.48770657332678
16,125.0,107.08594,121.65153,108.85020249308093
16,125.0,107.58335,122.99028,109.44952378543141
16,125.0,112.34803,123.395805,113.68619787379633
16,125.0,114.205894,125.12308,115.52824418477456
16,125.0,115.92206,123.26096,116.8109870025326
16,125.0,117.581566,123.186714,118.26049249283253
16,125.0,118.3145,124.01049,119.00442896931885
16,125.0,118.582214,123.11777,119.13158567489812
16,125.0,118.90549,123.39591,119.44939224236039
16,125.0,119.28122,122.044075,119.61587185997773
16,125.0,118.95161,122.008705,119.321899454237
16,125.0,119.195114,122.35489,119.57784357322448
16,125.0,119.148926,124.08956,119.74736296318383
16,125.0,119.15958,124.90709,119.8557470295835
16,125.0,118.49701,122.12695,118.93668819863244
16,125.0,118.17831,122.76903,118.73436017139457
16,125.0,117.383156,122.62606,118.01820549939654
16,125.0,116.58804,120.94144,117.11535037311185
16,125.0,114.86105,117.907425,115.23004686547579
16,125.0,112.73993,120.24053,113.6484437802438
16,125.0,111.99957,120.85464,113.0721472408008
16,124.0,113.60042,122.03965,114.62262463779693
16,123.0,114.42367,119.15119,114.9962917976751
16,122.0,114.9495,121.85201,115.78557150600733
16,121.0,116.36046,121.40422,116.97138681244985
16,120.0,117.31657,117.98404,117.39741447769907
16,119.0,118.29523,120.57237,118.57104752317426
16,118.0,118.53286,121.28373,118.86606039582992
16,117.0,118.61784,120.081825,118.79516919829211
16,116.0,118.50083,122.63376,119.00143462581678
16,115.0,118.74603,124.20483,119.40723206115942
16,114.0,118.895454,122.5529,119.33846476101178
16,113.0,118.8195,122.20296,119.22932641229963
16,112.0,118.863815,122.361565,119.28748209594393
16,111.0,118.78417,122.28177,119.20782036414103
16,110.0,118.70535,120.64212,118.93994480866564
16,109.0,118.2825,119.44073,118.42279197600332
16,108.0,118.26847,121.10321,118.61183014908991
16,107.0,118.38398,120.04923,118.5856844339039
16,106.0,117.81081,112.15992,117.12633957173455
16,105.0,117.61385,119.65215,117.86074359660212
16,104.0,116.59984,114.40991,116.33458226208019
16,103.0,114.41229,116.485435,114.6634030536715
16,102.0,114.65679,114.38323,114.62365663538802
16,101.0,113.93054,117.43711,114.35527705694432
16,100.0,114.19676,115.9849,114.41335143470164
16,99.0,114.6666,117.85259,115.05250778348557
16,98.0,115.14157,115.63966,115.20190278801381
16,97.0,114.81257,118.126945,115.21402435945451
16,96.0,116.03538,114.19723,115.81273058176713
16,95.0,114.53089,113.20346,114.37010565046965
16,94.0,115.13495,113.29223,114.91174826517369
16,93.0,113.443756,114.00895,113.51221543415302
16,92.0,112.667595,114.816574,112.92789118158612
16,91.0,110.79582,112.82242,111.04129469383362
16,90.0,111.15711,108.98111,110.89354263589627
16,89.0,111.0099,109.95365,110.88196391399552
16,88.0,110.9787,107.15827,110.51594744098814
16,87.0,110.478935,103.06469,109.58088071336628
16,86.0,108.41003,104.38984,107.92307916931685
16,85.0,107.4001,100.892746,106.61189382906144
16,84.0,104.6107,103.338036,104.4565500409648
17,125.0,118.99141,123.575325,119.54663858337602
17,125.0,119.27655,124.93932,119.962456766131
17,125.0,118.90787,123.44419,119.45733208664045
17,125.0,118.37015,124.175766,119.07335637512654
17,125.0,118.27005,124.90303,119.07347339810121
17,125.0,118.24758,124.606316,119.01778660927269
17,125.0,118.68196,123.31916,119.24364435726784
17,125.0,119.30757,124.67582,119.95780336586353
17,125.0,119.341446,123.64699,119.86295703655941
17,125.0,118.89956,119.29838,118.9478661854477
17,125.0,118.14429,122.96052,118.72765567931151
17,125.0,118.69419,122.866394,119.19955134256597
17,125.0,118.793205,123.36866,119.34740969980285
17,125.0,119.29961,123.53596,119.81273664201544
17,125.0,119.51503,122.96688,119.933137222367
17,125.0,119.09844,120.79568,119.3040206024082
17,125.0,118.638214,124.77972,119.38210692483183
17,125.0,118.89242,123.342186,119.43139848304402
17,125.0,118.62514,123.47742,119.21287234032886
17,125.0,118.11366,120.21347,118.36800307331265
17,125.0,117.993935,123.83061,118.70090537176532
17,125.0,117.541306,122.32765,118.12105435520152
17,125.0,116.90995,119.77348,117.25679724962266
17,125.0,117.80299,120.075066,118.0781997106254
17,125.0,118.45001,119.209145,118.54196252975572
17,125.0,119.07389,120.100975,119.19829683618254
17,125.0,119.44645,118.6734,119.35281337210525
17,125.0,119.53271,120.06648,119.59736104123934
17,125.0,119.717316,119.78373,119.72536009106328
17,125.0,119.27376,118.753,119.2106806471239
17,125.0,118.46736,117.30393,118.32644044876592
17,125.0,117.693825,116.23436,117.51704627352282
17,125.0,116.40251,118.164,116.61587301426619
17,125.0,112.12758,117.06522,112.72565366437831
17,125.0,109.501656,118.05232,110.5373597428371
17,125.0,107.29273,119.537094,108.77583722553616
17,125.0,104.23517,119.812614,106.12199506760004
17,125.0,102.94415,119.523926,104.95238684100381
17,125.0,104.87404,120.26831,106.73867824041335
17,125.0,106.66842,119.19633,108.18586858862527
17,125.0,108.543526,118.980934,109.80776246632446
17,125.0,109.211044,120.48134,110.57616482021244
17,125.0,110.59645,116.54342,111.31678054614511
17,125.0,110.45848,112.08954,110.65604359004858
17,125.0,110.63271,116.48465,111.34153228740655
17,125.0,108.05467,114.40936,108.82438758783383
17,125.0,103.31488,116.33291,104.89169611881957
17,125.0,101.36835,118.5893,103.4542446885853
17,125.0,100.56188,118.86581,102.77895482895082
17,125.0,101.40786,118.865906,103.52247510689483
17,125.0,100.19225,111.01753,101.50347094337624
17,125.0,103.326935,109.38695,104.0609571603533
17,125.0,104.17575,109.21724,104.78640378470973
17,125.0,107.43155,107.9331,107.49229943925272
17,125.0,108.951004,106.72793,108.68173275580618
17,125.0,111.16444,107.86139,110.76435295554825
17,125.0,111.69812,110.82793,111.59271745882918
17,125.0,110.612305,108.993866,110.41627041789275
17,125.0,110.92375,108.1824,110.59170453244035
17,125.0,110.259796,105.094154,109.63410497407338
17,125.0,110.51483,105.57928,109.9170098213311
17,124.0,108.83458,97.75326,107.49234835259367
17,123.0,108.94232,98.0783,107.62641129303039
17,122.0,107.45452,96.49936,106.12757122236532
17,121.0,105.18345,97.38121,104.23839841727842
17,120.0,105.08273,95.079185,103.87104800639378
17,119.0,101.12345,102.34777,101.27174759263406
17,118.0,96.25293,94.93571,96.09338038479243
17,117.0,92.52487,97.271576,93.09981894013319
17,116.0,88.9214,102.61038,90.57948713191767
17,115.0,86.892204,93.383545,87.67847144715519
17,114.0,85.85806,95.00687,86.96621656566715
17,113.0,84.29129,90.50205,85.04357220867249
17,112.0,84.18532,85.486916,84.342974709255
17,111.0,84.32548,95.75978,85.71046379945919
17,110.0,86.407104,87.56703,86.54760132503435
17,109.0,87.28666,86.9774,87.24920025707789
17,108.0,80.572716,85.67856,81.19116371786947
17,107.0,77.195175,82.87575,77.88323760332659
17,106.0,75.86546,83.86069,76.83388910882863
17,105.0,73.97116,83.30478,75.10170046127305
17,104.0,73.25028,77.88945,73.81220400685136
17,103.0,73.27157,80.48177,74.14490830690971
17,102.0,80.29588,86.960266,81.10311018350843
17,101.0,86.954025,87.60795,87.03323205151203
17,100.0,93.458725,80.27905,91.86233001270082
17,99.0,97.13345,77.839035,94.79640646250982
17,98.0,101.06525,76.36782,98.07375745473942
17,97.0,105.40561,79.59175,102.27889154782093
17,96.0,104.322624,68.70886,100.00888794140744
17,95.0,101.31157,73.559555,97.9500914165165
17,94.0,99.276,74.343796,96.25607407194983
17,93.0,89.68341,71.6931,87.50432448768129
17,92.0,86.06174,73.32821,84.5193815447222
17,91.0,83.7746,70.919876,82.21756209237604
17,90.0,85.0688,73.04721,83.61268011412129
17,89.0,82.08249,71.26608,80.77234592832058
17,88.0,84.13422,77.18507,83.29249672788552
17,87.0,84.56241,73.73772,83.25126177350336
17,86.0,85.40188,73.12769,83.91516100635623
17,85.0,87.85348,73.83955,86.15603243635633
17,84.0,86.88699,68.70742,84.68498274149069
17,83.0,85.55799,66.99179,83.30914993173309
17,82.0,84.43373,66.98592,82.32035593619085
17,81.0,87.8004,68.39797,85.45027018383239
17,80.0,85.683685,73.45862,84.20291740168716
17,79.0,84.39117,78.03228,83.62094307738144
17,78.0,85.542465,75.672554,84.34696685267143
17,77.0,85.98193,73.62355,84.48501771490068
17,76.0,80.6415,73.50548,79.77714753765733
17,75.0,80.61661,75.51367,79.99851179507041
17,74.0,75.89765,81.03431,76.51983212965877
17,73.0,76.95911,81.36843,77.49318828936498
17,72.0,75.54437,80.90687,76.19390773094706
17,71.0,75.80764,81.033875,76.44067056201506
17,70.0,80.5856,79.98671,80.51306066199658
17,69.0,77.20324,76.64269,77.13534289604692
17,68.0,80.87728,72.628716,79.87816918892952
17,67.0,78.302025,69.77513,77.26920021805026
17,66.0,79.32356,75.61324,78.87414815390366
17,65.0,77.70415,73.06748,77.14252872918878
17,64.0,71.86993,63.54301,70.86132425813884
17,63.0,65.48299,61.75168,65.03102974287714
17,62.0,64.55676,68.8188,65.07300450780554
17,61.0,61.631504,65.15003,62.05768767316577
17,60.0,59.315823,65.34117,60.045646232720195
17,59.0,59.383423,62.29757,59.73640042082122
17,58.0,57.964848,63.909397,58.68488436086314
17,57.0,55.00772,57.3512,55.29157613369094
17,56.0,54.15844,59.191483,54.768069693701634
17,55.0,54.240154,57.508907,54.636083756198964
17,54.0,55.127953,58.049694,55.481850100985696
17,53.0,54.83818,58.00936,55.22229153074004
17,52.0,49.699875,57.337517,50.624988404661586
17,51.0,51.157448,52.601547,51.332365142763365
17,50.0,48.97012,52.13249,49.35316311275069
18,125.0,118.1971,123.68993,118.86242052379777
18,125.0,117.805664,122.03773,118.31827502889114
18,125.0,117.83899,119.999016,118.10062364761193
18,125.0,117.288925,123.16515,118.00068652118941
18,125.0,116.80795,122.956085,117.55264874991477
18,125.0,115.70123,121.7897,116.4387022033611
18,125.0,114.951294,122.21282,115.83085047252005
18,124.0,113.129875,121.27572,114.11654490471983
18,123.0,112.485,121.957924,113.63241359068357
18,122.0,112.52847,120.77538,113.52738436756665
18,121.0,112.42775,121.22039,113.49276301536275
18,120.0,109.91329,121.26185,111.28789200698648
18,119.0,103.27185,117.51277,104.99678988396471
18,118.0,101.03119,115.19693,102.74702203800763
18,117.0,100.99812,117.135284,102.95274559589821
18,116.0,102.19766,118.25354,104.14243926395807
18,115.0,103.38991,119.02668,105.2839203622928
18,114.0,106.0535,119.738914,107.71115090733272
18,113.0,108.295074,118.860535,109.57482157217079
18,112.0,108.8898,120.45682,110.29086219750411
18,111.0,109.99752,120.91419,111.31980824566162
18,110.0,110.613045,119.45305,111.68379502352484
18,109.0,110.95268,118.598694,111.87880977552018
18,108.0,111.27558,118.46287,112.14614532829823
18,107.0,112.10658,120.76589,113.15544619714404
18,106.0,114.1261,119.96274,114.83306475265738
18,105.0,113.65488,120.854996,114.52699503810739
18,104.0,114.9595,119.62764,115.52493375606196
18,103.0,115.129295,119.48453,115.65682522095102
18,102.0,114.51878,117.74329,114.90935411885044
18,101.0,113.98573,117.725586,114.43872474785069
18,100.0,114.10319,117.88961,114.56182007192675
18,99.0,113.09698,116.94059,113.56253690751178
18,98.0,109.87187,116.75021,110.70501482172929
18,97.0,107.92259,112.77746,108.5106404491487
18,96.0,106.02013,106.89163,106.12568794883586
18,95.0,106.29567,110.11911,106.75878587039541
18,94.0,108.241875,115.93296,109.17346164404117
18,93.0,108.976654,113.234604,109.49240053982385
18,92.0,111.31514,115.32815,111.801217559684
18,91.0,112.38728,117.56322,113.01422112424
18,90.0,115.16266,117.583336,115.45586453099571
18,89.0,117.70537,119.22707,117.88968546310721
18,88.0,117.85299,116.13296,117.64464941770386
18,87.0,117.79773,117.45466,117.7561748328177
18,86.0,117.498184,119.7056,117.76555826942628
18,85.0,116.40915,118.25564,116.632806147809
18,84.0,116.835205,120.57238,117.28787242953894
18,83.0,117.16332,112.97558,116.65607966381192
18,82.0,116.661255,115.805275,116.5575738498774
18,81.0,116.168655,116.185326,116.17067458581899
18,80.0,114.48993,113.32879,114.34928543215703
18,79.0,113.238976,111.53926,113.0330966628992
18,78.0,106.143326,107.30841,106.28444733995272
18,77.0,98.783,104.6695,99.49600326394946
18,76.0,94.42052,104.64412,95.65885635189869
18,75.0,85.07998,99.812645,86.86448112067724
18,74.0,83.901825,99.28316,85.76489719700429
18,73.0,79.33647,99.96854,81.83554162162969
18,72.0,80.438194,101.37964,82.97473810839254
18,71.0,80.34604,98.244995,82.51405962748113
18,70.0,75.61661,92.79412,77.69724327833384
18,69.0,79.08611,93.142525,80.78870348760915
18,68.0,77.915665,95.71871,80.07206843785346
18,67.0,77.06786,98.97379,79.72123108803734
18,66.0,75.65582,95.879364,78.10541017974822
18,65.0,76.38055,96.01435,78.75870178849283
18,64.0,80.96803,99.934944,83.2654102778752
18,63.0,79.68519,95.20831,81.5654352083665
18,62.0,78.589645,97.21695,80.8458877153433
18,61.0,80.28611,96.79897,82.28623944860747
18,60.0,80.833206,92.20442,82.21055087283186
18,59.0,89.254585,92.25328,89.61780387291365
18,58.0,92.89295,88.891525,92.40827698205624
18,57.0,91.47404,91.83303,91.51752045686433
18,56.0,88.22936,89.86534,88.4275212967711
18,55.0,77.73692,87.264854,78.89099906407507
18,54.0,78.27426,93.73252,80.14665156753912
18,53.0,72.91943,98.7793,76.05172358757855
18,52.0,68.90625,92.81267,71.80192785394027
18,51.0,65.62125,95.0796,69.18940512868156
18,50.0,65.339264,96.916626,69.16408905673738
18,49.0,63.046757,94.7251,66.88381300335075
18,48.0,58.091682,84.53472,61.2946098965633
18,47.0,59.746788,81.98447,62.44033892194859
18,46.0,59.05367,84.74216,62.16520104637948
18,45.0,58.91901,91.625,62.880540955944255
18,44.0,55.695812,83.970184,59.12056091213897
18,43.0,52.65846,83.033646,56.33766973322182
18,42.0,49.631428,80.07391,53.31879040292161
18,41.0,47.243538,83.0896,51.585411608056745
18,40.0,42.541153,71.34796,46.03039328567753
18,39.0,40.83152,80.485115,45.634583321667186
18,38.0,39.541695,82.15886,44.7037218655853
18,37.0,35.32808,68.14137,39.30260722643712
18,36.0,35.385525,65.04932,38.9785676353314
18,35.0,32.221783,70.4705,36.85467900849498
18,34.0,31.71634,73.57315,36.78626815474624
18,33.0,30.161757,74.675385,35.553493899251485
18,32.0,27.388567,79.63017,33.71635985974023
18,31.0,27.541737,69.368515,32.60802786924023
18,30.0,28.240242,73.8298,33.76230241278243
18,29.0,26.849663,80.35063,33.32999671859831
18,28.0,26.055471,70.26967,31.410940079943742
19,125.0,117.05606,122.90085,117.76401386520939
19,125.0,117.26222,125.07388,118.20841394574477
19,125.0,116.819176,123.406624,117.61708395380046
19,125.0,117.23517,122.789246,117.90790907007293
19,125.0,117.66955,121.7504,118.16384305050184
19,125.0,118.54061,123.18607,119.10329538085465
19,125.0,118.47281,123.211235,119.04675328755553
19,125.0,118.401245,123.7903,119.05399713232032
19,125.0,118.73142,122.737175,119.21662138054708
19,125.0,117.83871,120.22617,118.12789013912945
19,125.0,117.78774,120.41529,118.10600582059998
19,125.0,117.49026,121.828186,118.01569124319394
19,125.0,117.937256,121.78489,118.40330254137261
19,125.0,118.13789,120.47171,118.42057847209428
19,125.0,118.60845,118.019455,118.53710927520055
19,125.0,118.945465,121.51929,119.25722067902076
19,125.0,119.68499,122.72346,120.0530259451951
19,125.0,119.70483,123.56113,120.17192283111697
19,125.0,119.73561,123.517334,120.19367421823739
19,125.0,119.45744,120.79771,119.6197833659801
19,125.0,119.65474,118.76995,119.54756889037334
19,125.0,119.5471,115.33681,119.03712270900132
19,125.0,119.527054,121.155815,119.72433842961323
19,125.0,119.55237,121.43037,119.77984173507787
19,125.0,119.36706,122.883255,119.79295909762311
19,125.0,119.52176,120.20158,119.60410226097333
19,125.0,119.32921,124.09716,119.90672914703127
19,125.0,119.45232,125.3094,120.16175903104241
19,125.0,119.32682,125.66026,120.09396206111153
19,125.0,119.0828,125.47613,119.85719688159678
19,125.0,118.813416,123.48189,119.37888677061817
19,125.0,119.05153,124.99958,119.77198989541246
19,125.0,119.2628,126.760216,120.17093042516285
19,125.0,119.342545,123.56541,119.85404103989717
19,125.0,118.64984,123.61376,119.25109888816132
19,125.0,119.012054,122.87935,119.48048256857525
19,125.0,118.66269,123.347176,119.23010016871791
19,125.0,118.1962,124.9103,119.00944696914343
19,125.0,118.94345,122.59111,119.38527564302882
19,125.0,118.48587,121.16157,118.80996565416318
19,125.0,118.29144,121.775635,118.71346750784933
19,125.0,118.60749,115.84257,118.27258772694945
19,125.0,118.56457,114.47879,118.06967557207903
19,125.0,118.20738,115.79017,117.91459591056869
19,125.0,118.14908,113.94876,117.64031264342901
19,125.0,118.58095,113.0539,117.91148140081702
19,125.0,116.333046,114.54411,116.1163605018178
19,125.0,117.25595,115.21442,117.00866896114911
19,125.0,117.066956,115.61914,116.8915881947941
19,125.0,118.015594,114.655,117.60854050152035
19,125.0,117.75062,110.98152,116.9307075038387
19,125.0,117.93681,111.40255,117.1453471234966
19,125.0,118.30659,113.47688,117.72158666299075
19,125.0,117.68569,108.151794,116.53089332960938
19,125.0,116.626755,106.82719,115.43977673968568
19,125.0,116.07487,108.72481,115.18458729598618
19,125.0,115.448364,113.751175,115.24279127772834
19,125.0,113.00238,104.554375,111.97911109237438
19,125.0,112.71397,108.955505,112.25872073859563
19,125.0,113.60502,106.173584,112.70488205728851
19,125.0,113.817314,109.08102,113.24362752624621
19,125.0,113.89014,110.07186,113.427646029575
19,125.0,113.354355,106.53753,112.52866312059967
19,125.0,112.91175,107.38935,112.24284710406384
19,125.0,111.85572,108.60111,111.46150433857017
19,125.0,111.60717,112.45628,111.71001943481254
19,125.0,107.1037,108.985405,107.33162142115974
19,125.0,105.96617,109.67863,106.41584448489157
19,124.0,102.82185,113.91491,104.16550604106665
19,123.0,96.66629,110.16003,98.30072642190508
19,122.0,97.011444,113.57346,99.01752768619089
19,121.0,94.78496,111.11957,96.76349639747926
19,120.0,98.412384,114.249344,100.33064440049267
19,119.0,100.02847,116.02023,101.96548355208013
19,118.0,101.11931,115.4136,102.85071195104636
19,117.0,106.601364,116.81734,107.83877940530854
19,116.0,105.935585,113.785866,106.88645454557548
19,115.0,106.19593,117.08732,107.51515576419312
19,114.0,106.865974,115.311035,107.88888699676914
19,113.0,105.22542,110.16451,105.82366860161325
19,112.0,103.14514,113.14266,104.35609669896405
19,111.0,95.11772,106.463264,96.49195660820055
19,110.0,94.30283,109.65356,96.16219825535104
19,109.0,90.50019,109.36383,92.78505936115523
19,108.0,87.79205,110.570305,90.55108133265836
19,107.0,84.2879,111.46476,87.57971440513059
19,106.0,81.932175,109.81683,85.30971913568878
19,105.0,80.01814,109.32706,83.56820085912119
19,104.0,78.1517,107.26962,81.67862675591792
19,103.0,78.96437,104.19304,82.02020687568121
19,102.0,82.33669,113.01747,86.05291878016283
19,101.0,84.85489,106.49664,87.47625814898124
19,100.0,87.638794,107.2502,90.0142359636362
19,99.0,92.98836,106.31837,94.60296218421341
19,98.0,95.083435,112.36449,97.17661182959071
19,97.0,94.14371,104.38538,95.38423588690588
19,96.0,96.58213,106.22922,97.75063909961135
19,95.0,96.31579,100.734886,96.85105390384538
19,94.0,93.47984,101.467834,94.4473929310393
19,93.0,87.66116,99.7556,89.12610854164794
19,92.0,80.55651,97.74422,82.63838115466186
19,91.0,78.3902,99.914215,80.99730605099901
19,90.0,75.60574,101.9205,78.79313280849115
19,89.0,74.05034,101.753105,77.40585138299019
19,88.0,73.81544,104.296776,77.50750600831472
19,87.0,69.91926,98.96224,73.43710533953686
20,125.0,118.16932,105.3932,116.62180522953959
20,125.0,118.097885,108.43801,116.92782764835277
20,125.0,117.41336,111.35671,116.6797457843234
20,125.0,117.69983,112.88793,117.11698542869541
20,125.0,117.86018,109.69407,116.87105862182295
20,125.0,118.2564,106.76243,116.86418736268506
20,125.0,118.8431,108.86038,117.63393918630753
20,125.0,119.16529,112.53142,118.36175936184304
20,125.0,118.96866,108.79976,117.73694496452762
20,125.0,118.72514,110.01537,117.67016778338217
20,125.0,118.986115,106.87099,117.51866309169958
20,125.0,118.92979,111.17445,117.9904177642115
20,125.0,118.61502,106.23852,117.11591010102643
20,125.0,118.4368,109.10098,117.30599237810897
20,125.0,117.324486,105.905624,115.94136998731423
20,125.0,117.06871,107.76241,115.94148000878265
20,125.0,116.505104,108.64481,115.5530221030373
20,125.0,115.1468,106.92995,114.15152672436179
20,125.0,114.08237,101.874306,112.60365889366393
20,125.0,112.48888,104.18773,111.48339534519822
20,125.0,109.891495,104.047264,109.18360913714557
20,125.0,108.4971,104.71192,108.03861894985961
20,125.0,109.06595,103.84561,108.43363234055067
20,125.0,109.6785,105.50062,109.17244940965922
20,125.0,106.46363,106.99542,106.52804423336809
20,125.0,105.30478,101.72709,104.87142939205954
20,125.0,104.91719,105.62091,105.00242903044105
20,125.0,110.89356,109.7918,110.76011093344468
20,125.0,110.77118,105.55376,110.13921606520279
20,125.0,112.8225,104.24887,111.78401638718435
20,125.0,114.76122,104.36125,113.50152069897226
20,125.0,116.19627,104.513214,114.78115684915666
20,125.0,116.442406,106.08372,115.18770394417857
20,125.0,115.10111,106.05283,114.0051346776241
20,125.0,112.85544,103.19326,111.68510166634192
20,125.0,109.48132,104.41698,108.86790154268118
20,125.0,107.0948,106.82483,107.06210213866429
20,125.0,108.14802,108.81625,108.2289583051706
20,125.0,107.0663,105.085754,106.82640484367509
20,125.0,108.54552,104.111664,108.0084640954141
20,125.0,111.439964,105.865456,110.76474890260317
20,125.0,114.699394,103.97337,113.40019912590212
20,125.0,114.6128,101.908806,113.07402232977732
20,125.0,114.54809,104.983986,113.38963100030509
20,125.0,114.63776,103.63022,113.30446234437554
20,125.0,115.61965,103.49377,114.150897382652
20,124.0,115.052826,98.85484,113.09083645951796
20,123.0,115.724525,100.88182,113.92669476957106
20,122.0,112.95648,104.79202,111.96755737245566
20,121.0,113.85009,99.657364,112.13098836049676
20,120.0,111.78041,102.44953,110.65020295112701
20,119.0,108.97708,103.88416,108.36019879029875
20,118.0,109.50201,100.26499,108.38316809670523
20,117.0,109.52986,103.75017,108.829792921418
20,116.0,107.954666,103.47405,107.41194936720451
20,115.0,105.53174,103.031906,105.22894475311199
20,114.0,105.16518,107.37195,105.43247283130333
20,113.0,99.718216,106.74421,100.5692432049282
20,112.0,100.079605,106.9411,100.91070753108013
20,111.0,96.74561,106.68305,97.9492907933948
20,110.0,95.89224,106.25658,97.14762803291923
20,109.0,96.42624,113.828285,98.53407131745833
20,108.0,94.34891,106.76007,95.85221637407085
20,107.0,95.330734,108.65944,96.94518086960821
20,106.0,94.2777,105.013115,95.57803501673703
20,105.0,94.21918,105.13432,95.54128022206623
20,104.0,95.00256,107.94099,96.56973701298082
20,103.0,90.27337,104.90678,92.04584828284416
20,102.0,89.90306,107.06812,91.98218837044404
20,101.0,86.43932,109.15214,89.19042540472343
20,100.0,86.47269,109.2376,89.23009952533128
20,99.0,91.803734,108.50508,93.82669360015214
20,98.0,88.21689,111.96481,91.09336872582819
20,97.0,94.03495,115.88227,96.6812188319881
20,96.0,96.25195,115.2571,98.55396222813032
20,95.0,95.777725,106.38734,97.06282017995903
20,94.0,97.98601,106.18409,98.9790048244288
20,93.0,97.03054,101.77345,97.60502829533415
20,92.0,98.66705,108.93534,99.91080514575293
20,91.0,101.5309,106.04404,102.07755531870691
20,90.0,97.725586,101.73328,98.21101961882863
20,89.0,99.3574,103.63379,99.87537905879472
20,88.0,88.791405,90.81471,89.03647898102514
20,87.0,88.89081,96.91484,89.86272341403581
20,86.0,82.92883,94.6377,84.34707624191951
20,85.0,82.092125,94.484955,83.59321319504755
20,84.0,80.23164,92.40793,81.70650278931544
20,83.0,76.63451,91.932556,78.48749083689347
20,82.0,77.705826,94.92203,79.79114760291043
20,81.0,81.22583,101.48119,83.67927198579211
20,80.0,83.82961,101.882965,86.01633484738369
20,79.0,88.39638,103.680954,90.24773018847308
20,78.0,90.528656,98.848755,91.53643250399887
20,77.0,93.732025,102.416336,94.78391702543634
20,76.0,92.31656,99.38915,93.17323059216173
20,75.0,94.02098,101.90874,94.97638960927704
20,74.0,83.04294,87.76788,83.61524977166123
20,73.0,77.428795,86.32008,78.50575704366004
20,72.0,68.65605,85.460365,70.69148326029756
20,71.0,65.23719,84.81885,67.6090291422406
20,70.0,59.30323,84.50006,62.355210103732425
20,69.0,55.09515,85.31592,58.7556569387295
20,68.0,56.29823,88.41903,60.18887857622377
20,67.0,53.269173,93.81935,58.18083508017533
20,66.0,51.74936,90.7423,56.472400519961866
20,65.0,53.71624,90.229324,58.13890712207889
20,64.0,53.132397,88.650536,57.43455057330967
20,63.0,53.514442,92.13146,58.19194993628978
20,62.0,50.832905,84.05692,54.85718206369889
20,61.0,51.09267,81.96876,54.83255328142847
20,60.0,51.36409,82.40076,55.12342310775327
20,59.0,50.782394,92.16743,55.79517898061948
20,58.0,51.49521,89.62717,56.113962877251154
20,57.0,51.880867,85.54885,55.95891986477346
20,56.0,52.70048,86.77491,56.82776509212708
20,55.0,51.551807,82.26879,55.272418759307925
20,54.0,58.189896,92.079636,62.29480880403055
20,53.0,54.78786,86.63436,58.6452855383199
20,52.0,54.120995,82.304276,57.53470978889235
20,51.0,50.129524,81.68285,53.95143841081827
20,50.0,48.247406,87.61633,53.01598868453871
20,49.0,48.93122,89.21384,53.81047472243867
20,48.0,47.734158,92.77442,53.18968403268981
20,47.0,45.78343,86.62058,50.729850710932475
20,46.0,45.628803,77.52637,49.49241301987507
20,45.0,43.650604,72.93929,47.198212579277126
20,44.0,38.908466,55.64219,40.93534759371053
20,43.0,40.61631,62.933834,43.319532337591255
20,42.0,37.760887,62.23086,40.7248261080009
20,41.0,39.24594,59.267773,41.67109638518604
20,40.0,39.34955,61.869385,42.077275765621565
20,39.0,41.011227,66.69253,44.12188820868766
20,38.0,38.626602,54.356377,40.53187965470322
20,37.0,37.978058,58.221836,40.43009650103757
20,36.0,37.749027,57.890488,40.18867259155739
20,35.0,39.06884,60.572567,41.67349064127886
20,34.0,39.39668,60.122925,41.90715672074532
20,33.0,40.798546,57.86907,42.86622212920391
20,32.0,35.59782,45.309875,36.77419824699113
20,31.0,30.456705,40.916653,31.723671929343094
20,30.0,28.012085,41.100365,29.597409955521616
20,29.0,25.791323,37.904594,27.258549327516974
20,28.0,23.406288,32.12207,24.461991998480066
20,27.0,21.551773,34.026745,23.06281080677011
20,26.0,21.500015,29.81633,22.507333396107352
20,25.0,21.989103,36.70545,23.771628582996787
20,24.0,22.664825,34.88384,24.144860055597846
20,23.0,24.125614,31.242249,24.98762037182209
20,22.0,24.549084,29.175467,25.109456843998448
20,21.0,22.90921,25.75711,23.25416368762198
20,20.0,20.79866,20.593836,20.77385080578633
20,19.0,19.885244,20.733992,19.988049341840085
20,18.0,17.851433,13.981657,17.382704106816806
20,17.0,16.240047,13.0774355,15.856974362250082
20,16.0,15.552781,13.422384,15.294735629645851
21,125.0,118.52518,120.40181,118.75248515646244
21,125.0,118.839966,122.75857,119.31460861593693
21,125.0,118.46495,122.145645,118.91077669285788
21,125.0,117.77041,120.15296,118.05899666950978
21,125.0,117.11093,122.09872,117.71507960639217
21,125.0,117.50776,122.21635,118.07808933186337
21,125.0,117.85144,120.855896,118.21535674297984
21,125.0,118.12344,120.096664,118.36245104834053
21,125.0,118.762405,123.32576,119.3151441883898
21,125.0,119.60116,125.29019,120.29024541756381
21,125.0,120.03037,124.81369,120.60975455935835
21,125.0,119.88209,121.03669,120.02193950840426
21,125.0,120.00435,122.01949,120.24843420920884
21,125.0,119.363144,121.45806,119.61689191705227
21,125.0,118.691605,121.7475,119.06175130790622
21,125.0,118.199875,122.643555,118.73811800984086
21,125.0,116.64542,122.5567,117.36142391645473
21,125.0,116.87962,122.71,117.58583083487795
21,125.0,116.90315,121.10232,117.41177865023352
21,125.0,116.507484,121.265884,117.08384821761526
21,125.0,116.97774,120.69986,117.42858150014706
21,125.0,117.22063,121.743126,117.7684169904738
21,125.0,116.92476,121.554726,117.4855661482285
21,125.0,117.62343,121.926094,118.1445910672457
21,125.0,117.53686,120.54578,117.90131452528976
21,125.0,117.87568,122.74995,118.4660773254993
21,125.0,117.61375,122.07438,118.15404315752744
21,125.0,118.13623,122.83935,118.70589811623636
21,125.0,118.19779,123.1985,118.80350571319323
21,125.0,117.96529,123.24141,118.6043595263149
21,125.0,117.77397,122.696175,118.37017607877674
21,125.0,117.55593,119.99537,117.85140932859838
21,125.0,117.308174,120.368225,117.67882446938378
21,125.0,118.00428,120.19925,118.27014692481119
21,125.0,117.65358,121.01747,118.061032910305
21,125.0,118.16847,121.826126,118.61150759540566
21,125.0,118.37901,123.11699,118.95290298842939
21,125.0,118.312744,121.73744,118.72756253205033
21,125.0,118.538055,123.20454,119.10328546929642
21,125.0,118.8059,124.0801,119.4447409682937
21,125.0,119.01751,122.194824,119.40236343730243
21,125.0,119.14719,122.871666,119.59831590408481
21,125.0,119.18783,122.37922,119.5743870321792
21,125.0,119.449036,121.213326,119.66273621216087
21,125.0,119.42022,122.5564,119.80009057253835
21,125.0,119.56527,122.91763,119.9713263315073
21,125.0,119.70684,117.68492,119.46193444708237
21,125.0,119.49425,118.05892,119.3203928404442
21,125.0,119.32749,120.80856,119.50688734722826
21,125.0,119.08316,122.35056,119.47892632195524
21,125.0,118.063286,122.51795,118.60285968451271
21,124.0,118.27251,123.69186,118.92892838791336
21,123.0,118.34131,121.67972,118.74567524951425
21,122.0,118.094124,119.02256,118.20658118923292
21,121.0,117.31551,116.28228,117.19036262435797
21,120.0,117.62924,119.58273,117.86585962793498
21,119.0,118.24326,119.923164,118.44674218112259
21,118.0,117.55602,121.37996,118.01919902622065
21,117.0,117.26004,121.7876,117.80844313057477
21,116.0,117.93043,119.82184,118.15952571567942
21,115.0,118.2755,121.13095,118.62136579248059
21,114.0,118.80782,122.12687,119.2098444341661
21,113.0,118.74568,121.77257,119.11231497279081
21,112.0,118.77303,122.13901,119.18073862375536
21,111.0,118.15363,122.33392,118.65997304267027
21,110.0,118.23614,120.96006,118.56607401109854
21,109.0,117.75901,120.768425,118.12352730269703
21,108.0,117.569214,122.806755,118.20361389129523
21,107.0,116.85734,121.34844,117.40132537966942
21,106.0,116.34377,120.176414,116.80800368507296
21,105.0,115.5734,120.21106,116.1351411493562
21,104.0,115.18296,114.52369,115.10310592299078
21,103.0,115.49066,117.84455,115.77577776183466
21,102.0,115.63169,117.69777,115.88194582212512
21,101.0,116.31858,118.633095,116.59892741294388
21,100.0,117.10544,118.81274,117.31223566429655
21,99.0,117.50039,118.957855,117.67692547565024
21,98.0,116.755135,117.86735,116.88985200291505
21,97.0,117.33754,117.16451,117.3165816787704
21,96.0,116.35694,115.83425,116.2936301347147
21,95.0,116.84306,113.6966,116.46194649691513
21,94.0,116.17168,110.839294,115.52578894355283
21,93.0,114.79449,110.97519,114.33187247898583
21,92.0,113.95526,106.5198,113.05463673954752
21,91.0,113.12671,106.52559,112.32714473749984
21,90.0,114.92009,109.33556,114.24366096743343
21,89.0,115.04411,108.75441,114.28226942036945
21,88.0,116.046814,108.009865,115.07333413032846
21,87.0,115.78459,110.18693,115.10657159528802
21,86.0,115.848175,110.281624,115.17392350848263
21,85.0,116.10495,109.556366,115.31174915714925
21,84.0,116.28966,113.09829,115.90310139690273
21,83.0,112.68744,110.08073,112.3716995158502
21,82.0,112.10091,110.148994,111.86447997920837
21,81.0,110.11844,108.36977,109.90662981557556
21,80.0,105.39171,101.37364,104.90501789689469
21,79.0,106.25399,107.14818,106.36229917198585
21,78.0,106.07325,108.43341,106.35912557980285
21,77.0,107.07993,105.18288,106.85015115732041
21,76.0,110.30831,102.93401,109.41509559789978
21,75.0,114.41865,112.40965,114.1753071481217
21,74.0,116.48918,106.14291,115.23598329643697
21,73.0,115.29022,102.1426,113.69770941034554
21,72.0,117.60144,109.71423,116.64609819161961
21,71.0,118.39549,108.494934,117.19628202823836
21,70.0,118.33791,105.48398,116.78097362139044
21,69.0,118.65711,110.11581,117.62254184592196
21,68.0,118.902275,109.66093,117.78291175432328
21,67.0,119.188675,106.91563,117.70209526924972
21,66.0,118.437225,104.09851,116.70044074335374
21,65.0,118.268135,101.10362,116.18907414969091
21,64.0,118.01985,99.388725,115.76314637357518
21,63.0,113.94587,93.23294,111.43700469157855
21,62.0,110.90855,91.53386,108.56177693184898
21,61.0,103.1606,90.969444,101.68393854304988
21,60.0,98.41315,88.279305,97.18567979631638
21,59.0,90.600075,87.452095,90.21877401169213
21,58.0,84.81005,81.83699,84.44993738247297
21,57.0,79.39207,76.78753,79.07659087922214
22,120.0,119.702194,114.27666,119.04502308291373
22,119.0,119.75119,116.83572,119.3980518203549
22,118.0,120.09525,117.71648,119.80712238829061
22,117.0,119.67975,115.82282,119.2125762816259
22,116.0,119.966125,114.57773,119.31345294700047
22,115.0,120.04668,115.1203,119.4499666239189
22,114.0,119.903885,114.54773,119.25511765454043
22,113.0,119.800514,111.400085,118.7830077208613
22,112.0,119.83722,117.862175,119.59799093007675
22,111.0,119.94503,118.91592,119.82037824778229
23,125.0,119.722275,124.13902,120.25725578779172
23,125.0,119.59484,124.7054,120.21386006480749
23,125.0,119.73311,125.98853,120.49080021260492
23,125.0,119.43337,123.18987,119.88838063115021
23,125.0,119.253334,125.329765,119.98934508584105
23,125.0,119.44465,125.72016,120.20477362840646
23,125.0,119.34654,125.89696,120.13996493991517
23,125.0,119.63224,126.52379,120.4669828111987
23,125.0,119.916824,126.327484,120.69331899184724
23,125.0,119.89455,124.80725,120.48960050732279
23,125.0,120.14867,125.62841,120.81240334673032
23,125.0,120.131325,125.7044,120.80636642635974
23,125.0,119.8691,126.5856,120.68264210937664
23,125.0,119.37413,122.670815,119.77344292226509
23,125.0,119.186226,126.103325,120.02406326655957
23,125.0,118.874146,124.51318,119.55717706058202
23,125.0,118.90153,124.831955,119.61985366490252
23,125.0,118.94645,123.98627,119.55689995098462
23,125.0,119.27975,124.63566,119.92848467076632
23,125.0,119.262566,124.77666,119.9304629414315
23,125.0,119.35567,124.73438,120.00716695416332
23,125.0,119.46996,125.21208,120.16548033830522
23,125.0,119.4932,122.316986,119.83523456589585
23,125.0,119.41147,122.080055,119.73470252392553
23,125.0,119.00819,118.48322,118.94459986576365
23,125.0,119.20382,118.367096,119.1024707071139
23,125.0,118.77869,121.085915,119.05815077953622
23,125.0,119.31311,123.27962,119.79355566250223
23,125.0,119.35647,123.0436,119.80307428470576
23,125.0,119.21831,122.59562,119.62738621101724
23,125.0,119.48935,123.89558,120.02305601877593
23,125.0,118.89462,122.3211,119.30965651285193
23,125.0,118.64162,123.08292,119.17957162945787
23,125.0,118.229324,122.54342,118.75187138694868
23,125.0,118.13316,123.76693,118.81555644175776
23,125.0,118.0235,123.62273,118.70170805815746
23,125.0,117.498344,123.79638,118.26119729329525
23,125.0,118.04669,124.84344,118.869951362811
23,125.0,117.49577,124.73074,118.37211299985772
23,125.0,117.52406,124.57452,118.37805308417276
23,125.0,118.07591,122.89492,118.6596174232219
23,125.0,117.38955,123.383156,118.11552810815064
23,125.0,116.48522,122.802864,117.25044970911786
23,125.0,115.440994,122.5814,116.30587954716586
23,125.0,115.50077,121.049324,116.1728421229487
23,125.0,114.499725,121.92657,115.39930558326652
23,125.0,113.83761,120.76405,114.67657775318328
23,125.0,112.89087,121.232315,113.90123131130028
23,125.0,110.296936,123.30727,111.87281935129214
23,125.0,110.14706,123.25535,111.73480552666194
23,125.0,107.839264,125.07647,109.92712980064262
23,125.0,107.27747,123.30926,109.21933200637248
23,125.0,106.31506,123.37917,108.38196305007732
23,125.0,106.45354,124.745026,108.66910349048153
23,125.0,108.40519,124.33894,110.33517412285839
23,125.0,110.41144,124.7213,112.14472758546263
23,125.0,112.04152,125.03334,113.61516057925508
23,125.0,113.06405,124.889275,114.49638567233454
23,125.0,113.26367,124.61508,114.63861756967916
23,125.0,114.24215,125.23397,115.57353968031671
23,125.0,116.2259,123.56044,117.11429904621195
23,125.0,117.47788,125.27568,118.4223949248061
23,125.0,117.97314,124.82484,118.80305276730292
23,125.0,118.21608,124.32769,118.95635184457602
23,125.0,118.36069,124.258545,119.0750684709248
23,125.0,118.26349,124.20936,118.9836854375158
23,125.0,118.44661,124.33764,119.16016362960555
23,125.0,118.40523,124.55073,119.14960471066539
23,125.0,118.140785,122.62779,118.6842763957763
23,125.0,117.8875,122.63549,118.46260023756395
23,125.0,118.14721,124.928444,118.96858991086198
23,125.0,118.54266,124.83512,119.30484091838474
23,125.0,118.057365,125.11428,118.91213811633305
23,125.0,118.76645,121.82826,119.13731278115549
23,125.0,118.92012,124.34032,119.57664449002004
23,125.0,119.00952,124.014145,119.61570921511428
23,125.0,118.16109,121.000275,118.50498517985041
23,125.0,117.90224,124.95523,118.75653464244587
23,125.0,118.20552,121.703026,118.62915784654366
23,125.0,118.18812,122.22291,118.67683411719887
23,125.0,118.10359,121.540504,118.51988981777943
23,125.0,118.36984,122.26827,118.8420419660276
23,125.0,118.310394,121.1845,118.65852210316302
23,125.0,118.52059,119.50584,118.63993004174625
23,125.0,118.454605,122.737755,118.97340394001655
23,125.0,118.70459,122.74592,119.1940979461688
23,125.0,119.02888,122.10374,119.4013213007426
23,125.0,119.264305,122.60635,119.66911257315492
23,125.0,119.294464,122.554565,119.68934565525988
23,124.0,119.29964,123.326935,119.78744549656531
23,123.0,119.22773,122.75799,119.65533423782546
23,122.0,119.310776,115.29891,118.82483658484358
23,121.0,119.234886,121.51706,119.51131563332092
23,120.0,119.28712,120.77498,119.4673350533263
23,119.0,119.12258,123.28789,119.62710644593442
23,118.0,118.20018,121.90594,118.64904190137135
23,117.0,118.26744,118.717026,118.32189701862492
23,116.0,117.34152,119.99161,117.66251525705772
23,115.0,117.48799,120.53379,117.8569154230948
23,114.0,117.51189,120.63592,117.89028655745358
23,113.0,117.15847,120.427795,117.55446895224205
24,125.0,119.12695,124.11078,119.73062171945173
24,125.0,119.1192,123.26672,119.62157251312028
24,125.0,118.80262,124.626724,119.50806773370665
24,125.0,118.72415,124.62097,119.43840714681356
24,125.0,117.64564,124.60775,118.48892716355078
24,125.0,117.62435,123.89706,118.38413631303784
24,125.0,117.75548,123.596634,118.46299110093719
24,125.0,117.71065,122.53756,118.29530991332679
24,125.0,117.37057,123.22621,118.07983541098842
24,125.0,118.065056,123.37034,118.70766108444413
24,125.0,118.35117,122.78429,118.88813663412601
24,125.0,118.94147,123.14164,119.45021545269121
24,125.0,118.98545,124.43233,119.64520662400358
24,125.0,118.990005,124.49246,119.65649354710027
24,125.0,119.109344,124.510925,119.7636138936604
24,125.0,119.0384,123.89339,119.62646181457147
24,125.0,118.910225,122.842834,119.38656438450533
24,125.0,119.081085,125.17439,119.8191403869133
24,125.0,118.80202,123.674736,119.39222792604464
24,125.0,118.72145,122.91479,119.22937096655426
24,125.0,117.06095,121.79206,117.63400945671309
24,125.0,118.0056,121.82232,118.4679021453909
24,125.0,116.986145,121.451294,117.52698860981116
24,125.0,117.03108,122.56645,117.70155683746358
24,125.0,116.88766,122.66995,117.58804081736922
24,125.0,117.3851,124.89358,118.2945695856092
24,125.0,117.83087,124.937805,118.69170277593194
24,125.0,118.90369,125.287,119.67686914788536
24,125.0,119.223274,127.13475,120.18155607743674
24,125.0,119.73601,126.44563,120.54871469456141
24,125.0,119.65591,124.27678,120.21561236978758
24,125.0,119.76944,125.339966,120.44417270129628
24,125.0,119.389404,123.65123,119.90562023416038
24,125.0,119.21267,125.11414,119.92748861792495
24,125.0,118.88733,122.39347,119.31201241590402
24,125.0,118.57197,123.359505,119.1518610536938
24,125.0,118.77406,123.31863,119.324525809075
24,125.0,118.759155,124.12934,119.40962195326617
24,125.0,119.21102,123.455315,119.72511374536889
24,125.0,119.70093,124.2723,120.25463777165837
24,125.0,119.56537,125.92756,120.33599240357802
24,125.0,119.229904,124.97808,119.92615518633919
24,125.0,119.35798,124.6635,120.00061270562827
24,125.0,118.975334,124.23114,119.61194652184221
24,125.0,118.78516,124.12985,119.43253546308742
24,125.0,118.2148,123.32039,118.83321543644449
24,125.0,118.87903,123.0422,119.38329453223682
24,125.0,119.182884,124.23616,119.79496502558993
24,125.0,119.58358,125.28914,120.27466892469837
24,125.0,119.42599,125.56636,120.16974328820133
24,125.0,119.31499,122.00237,119.64049821895645
24,125.0,118.354744,121.0939,118.68652603525547
24,124.0,117.288956,121.54172,117.80407377766598
24,123.0,117.22337,121.359406,117.72435254952428
24,122.0,117.08404,124.50182,117.98252109824998
24,121.0,115.68355,125.10526,116.82475829704553
24,120.0,115.00317,120.291245,115.64368755767632
24,119.0,114.12618,116.91108,114.46350470066885
24,118.0,115.14049,118.77491,115.5807090474332
24,117.0,114.293045,120.24148,115.01355221442167
24,116.0,114.54955,120.1351,115.22610550307759
24,115.0,113.63162,122.826584,114.74536702906096
24,114.0,111.86557,121.32327,113.0111394401464
24,113.0,111.18907,119.39074,112.18250312311523
24,112.0,113.4186,115.77658,113.70421345589058
24,111.0,115.27059,114.82516,115.21663823143338
24,110.0,116.10148,115.457954,116.02353136184657
24,109.0,117.28215,115.79215,117.1016734675464
24,108.0,116.951584,108.92691,115.97959092811466
24,107.0,117.27428,110.44113,116.4466083145582
24,106.0,116.54296,108.55509,115.57542611504755
24,105.0,116.8378,105.07963,115.41358420987903
24,104.0,116.83758,104.47691,115.34038563072178
24,103.0,116.665375,106.93294,115.48652801880657
24,102.0,116.12193,104.03128,114.65744613264981
24,101.0,115.3012,108.7411,114.50660465969267
24,100.0,115.359024,110.15875,114.729138323364
24,99.0,114.708466,113.773224,114.59518391708444
24,98.0,113.70237,111.36231,113.41892896889574
24,97.0,110.44638,109.94423,110.3855572431971
24,96.0,102.42862,106.42244,102.91237302582618
24,95.0,99.98662,105.30293,100.63055954892052
24,94.0,93.19174,102.58104,94.32902570401137
24,93.0,91.93106,101.76151,93.12177962780652
24,92.0,91.14305,105.06002,92.82875161720297
24,91.0,85.34264,98.05434,86.8823544377501
24,90.0,82.39543,97.84966,84.26733367899733
24,89.0,80.97102,89.04296,81.94874138345267
24,88.0,80.079636,91.42269,81.45356940935436
24,87.0,80.702324,89.14516,81.72496664262265
24,86.0,75.46326,88.04547,76.98728438771563
24,85.0,76.1131,87.42209,77.48290576226296
24,84.0,76.75107,86.59738,77.94370818619322
24,83.0,75.86548,84.84232,76.95280371910863
24,82.0,73.91225,79.82804,74.62880051249498
24,81.0,74.13934,84.803696,75.4310687439113
24,80.0,72.2201,87.094894,74.02181791075581
24,79.0,72.43742,87.21474,74.2273338022595
24,78.0,75.248,81.13832,75.96146928851407
24,77.0,79.39424,80.576256,79.53741347750265
24,76.0,78.7999,80.653,79.02435442544407
24,75.0,77.87497,76.48565,77.70668729713276
24,74.0,80.42081,76.354164,79.9282325702404
24,73.0,78.96081,75.1285,78.49661766444417
24,72.0,78.8262,74.748,78.33222804449618
24,71.0,78.379395,74.408356,77.89840029626228
24,70.0,76.340706,75.53764,76.24343449722743
24,69.0,76.17671,74.17319,75.93403400827995
24,68.0,75.544846,73.34111,75.27791693894734
24,67.0,72.477066,70.15858,72.1962377908514
24,66.0,71.5851,73.25854,71.78779447806387
24,65.0,71.95521,72.2966,71.99655917887384
24,64.0,69.31798,73.50846,69.82555244731861
24,63.0,69.11656,69.36611,69.14678875275528
24,62.0,66.09239,63.034847,65.72204520332302
24,61.0,64.21593,60.650585,63.78407314276217
24,60.0,59.474934,71.2981,60.907021480638655
24,59.0,60.422607,72.62458,61.900578028152424
24,58.0,58.803802,73.6985,60.60793101304232
24,57.0,55.27775,65.25515,56.48626631521991
24,56.0,54.805668,70.1962,56.669854143130436
24,55.0,52.320095,72.90785,54.813798330967586
24,54.0,52.152664,67.53541,54.01590739159613
24,53.0,54.034836,53.876343,54.01563825958323
24,52.0,53.148537,56.83972,53.59563347098184
24,51.0,54.060997,51.311405,53.72795120488211
24,50.0,55.10386,60.654007,55.776123641797774
24,49.0,55.574837,57.195007,55.77108077456914
24,48.0,55.251057,56.338203,55.382737913154855
24,47.0,54.33299,58.51825,54.83993072464328
24,46.0,52.982697,53.111656,52.9983168415921
24,45.0,51.923195,48.14252,51.46525869468242
24,44.0,48.398678,55.423725,49.249590498267814
24,43.0,47.64789,56.559544,48.72731729022892
24,42.0,46.46553,58.239796,47.89169467755637
24,41.0,47.4132,55.646626,48.41047847311116
24,40.0,48.079803,55.745373,49.0082997148716
24,39.0,48.003624,55.560184,48.9189164616596
24,38.0,48.120113,50.071598,48.35648801524936
24,37.0,43.326954,42.006535,43.16701738123171
24,36.0,41.44156,41.959946,41.504348725709214
24,35.0,40.262352,38.870266,40.093734812929384
24,34.0,37.418358,33.524498,36.946711957011146
24,33.0,33.839996,34.39189,33.906844936851876
24,32.0,31.501856,32.042828,31.567381348161284
24,31.0,30.601194,32.09646,30.782309052796414
24,30.0,31.23842,32.50572,31.391922614512996
24,29.0,30.265991,34.558983,30.785982156195974
24,28.0,30.21162,32.2664,30.46050656027004
24,27.0,28.729828,30.996721,29.004406574313872
24,26.0,27.947474,28.295229,27.98959559170991
24,25.0,28.349758,29.75801,28.52033352376036
24,24.0,28.150862,28.158274,28.151759517406266
24,23.0,27.588188,23.964046,27.149212039220057
24,22.0,25.92073,25.98747,25.928814513952872
24,21.0,24.082273,25.670416,24.274638093970243
24,20.0,23.107075,18.469229,22.54531312114243
25,125.0,119.88983,122.41216,120.19535028494093
25,125.0,119.80235,125.32556,120.47135455080983
25,125.0,119.39916,118.06406,119.23744686524685
25,125.0,119.37416,119.052025,119.33514187758138
25,125.0,118.85681,117.35085,118.67440147477203
25,125.0,118.69101,118.49716,118.667529618772
25,125.0,117.930756,118.13518,117.95551634072537
25,125.0,118.06163,119.06819,118.1835505310074
25,125.0,118.20196,115.250916,117.84451111537118
25,125.0,117.86932,110.22855,116.9438313167677
25,125.0,118.595024,112.801506,117.8932810845287
25,125.0,118.07832,121.3585,118.47563625359402
25,125.0,117.35073,115.34282,117.10752150227187
25,125.0,118.0444,119.36619,118.20450499938565
25,125.0,116.52883,115.453445,116.39857476251383
25,125.0,113.326,115.99294,113.64903173236178
25,125.0,109.91835,117.749054,110.86684846537125
25,125.0,108.6018,117.34057,109.66028721990382
25,125.0,105.5672,117.75975,107.04402903182843
26,125.0,116.94539,116.52743,116.89476302606543
26,125.0,116.866035,116.70447,116.84646548741208
26,125.0,117.20455,116.884865,117.16582944853056
26,125.0,117.34386,116.58922,117.25245079227413
26,125.0,116.721176,116.329575,116.67374319538203
26,125.0,117.37127,116.993484,117.32550984546147
26,125.0,117.770325,117.364815,117.72120709411148
26,125.0,117.39232,117.53177,117.40920969149339
26,125.0,118.46525,118.247,118.43881288683843
26,125.0,118.51044,117.68978,118.41103462919133
26,125.0,118.414116,118.48231,118.4223756416891
26,125.0,118.54836,118.426575,118.53361109122996
26,125.0,119.01362,119.92736,119.12429597349875
26,125.0,119.54117,121.15361,119.73647612845457
26,125.0,119.64483,117.71289,119.41082173543997
26,125.0,119.23679,115.469086,118.78042786018776
26,125.0,119.29671,118.65102,119.21849748997201
26,125.0,119.22178,119.176544,119.21629979440921
26,125.0,119.55835,112.921005,118.7543976665742
26,125.0,119.72681,116.63287,119.35205231178593
26,125.0,119.357925,113.95691,118.70372438827788
26,125.0,119.908035,117.748375,119.6464452460197
26,125.0,120.06981,117.5858,119.76893204541807
26,125.0,120.057236,117.25039,119.71725489567099
26,125.0,120.1124,119.49019,120.03703100149833
26,125.0,120.25331,119.59064,120.17304441487016
26,125.0,120.37521,121.944786,120.5653289389044
26,125.0,120.31591,121.48948,120.4580594890336
26,125.0,120.32718,120.23405,120.3158982886577
26,125.0,120.31478,119.33666,120.19630600605642
26,125.0,120.18527,119.555176,120.10895144360695
26,125.0,119.94147,119.969315,119.9448403032962
26,125.0,119.993576,117.69221,119.71482151368718
26,125.0,119.86053,116.29358,119.4284785311983
26,125.0,119.70986,117.41531,119.43193337766922
26,125.0,119.94752,118.85067,119.8146611413456
26,125.0,119.65819,118.55708,119.52481595661314
26,125.0,119.19223,114.52898,118.62739107569323
26,125.0,118.782974,113.299095,118.11873640817873
26,125.0,118.76543,115.703674,118.39457022211253
26,125.0,118.747406,114.80358,118.26970808750322
26,124.0,118.188126,116.049034,117.92902699090172
26,123.0,118.64959,117.191956,118.47303283152476
26,122.0,119.03681,118.24203,118.94054311855507
26,121.0,119.13583,116.72525,118.8438505042063
26,120.0,119.63377,117.59162,119.3864169838464
26,119.0,119.42173,115.763115,118.97857829770287
27,125.0,117.93933,124.267365,118.70581754504161
27,125.0,118.0531,123.552086,118.71916816774942
27,125.0,118.08381,123.78168,118.77396629905893
27,125.0,118.24639,123.50713,118.88360155286806
27,125.0,117.57678,122.72652,118.20054661621194
27,125.0,117.91071,123.18414,118.54946025479356
27,125.0,118.40491,124.464455,119.13887320147458
27,125.0,118.13311,124.26285,118.87557787524061
27,125.0,118.22138,123.76797,118.89321527365813
27,125.0,118.0578,121.48074,118.47240613804554
27,125.0,117.03297,121.87584,117.6195621917457
27,125.0,116.949326,123.799126,117.77901132244573
27,125.0,117.039894,122.60301,117.71372979279789
27,125.0,118.001564,123.56183,118.67505409582786
27,125.0,118.84622,122.454,119.28321629232323
27,125.0,119.071465,121.69303,119.38900323861391
27,125.0,118.81206,121.647316,119.15547971983693
27,125.0,118.761925,122.07364,119.163057922575
27,125.0,118.47673,123.65116,119.10348609515627
27,125.0,118.50359,123.98534,119.16757252773303
27,125.0,118.50721,123.83636,119.15270564544842
27,125.0,117.68471,121.385216,118.13293369844547
27,125.0,117.23489,123.57639,118.00301135137869
27,125.0,116.92431,122.03611,117.54347846891808
27,125.0,117.71054,122.82835,118.33043774170484
27,125.0,118.29984,122.96847,118.86533256003825
27,125.0,118.43495,123.55816,119.05550302555473
27,125.0,118.78371,125.936584,119.6501028768134
27,125.0,119.02058,126.42163,119.91703321131138
27,125.0,119.376175,125.74275,120.14733004386345
27,125.0,119.5015,125.78107,120.2621185812841
27,125.0,119.623116,124.572975,120.22266997598632
27,125.0,119.73667,126.16059,120.51477220988419
27,125.0,119.47512,125.58105,120.2147042117492
27,125.0,119.400475,122.45528,119.77048909360633
27,125.0,119.48386,124.615395,120.10541657759835
27,125.0,119.51832,124.52572,120.12484228470825
27,125.0,118.86127,125.263145,119.63669808501339
27,125.0,119.11667,126.48788,120.00951029927808
27,125.0,118.55275,125.289055,119.36868826653325
27,125.0,118.45246,125.5191,119.30841126347639
27,125.0,117.55494,122.56487,118.1617701844918
27,125.0,117.938194,124.98565,118.7918210717019
27,125.0,118.10794,122.52975,118.64353436929895
27,125.0,117.99184,124.334076,118.76004373951432
27,125.0,117.42764,122.253975,118.01223491987811
27,125.0,117.784515,120.614075,118.12724729200363
27,125.0,116.78315,120.04556,117.17831126988139
27,125.0,116.834854,121.2385,117.36824842879722
27,125.0,117.00209,122.227264,117.63499248850934
27,125.0,117.2442,123.69645,118.0257336596437
27,125.0,116.70421,122.87622,117.45179672164817
27,124.0,114.40345,118.794876,114.93536388350434
27,123.0,115.724106,122.73487,116.57328856484678
27,122.0,116.72023,122.85269,117.46302784029048
27,121.0,117.213776,123.123726,117.92962157140691
27,120.0,117.017784,120.93589,117.49236684683045
27,119.0,117.405106,123.818924,118.18198282527462
27,118.0,118.18245,122.23488,118.6733020299223
27,117.0,118.45735,122.02253,118.88918579736855
27,116.0,118.6928,122.90726,119.20328053918843
27,115.0,119.022545,122.33051,119.42322429951409
27,114.0,119.18814,122.55228,119.59562363919746
27,113.0,118.78701,119.698326,118.89739382870182
27,112.0,119.180046,122.18669,119.54422761571372
27,111.0,119.76348,120.42044,119.84305572068848
27,110.0,119.34763,121.8849,119.6549615200949
27,109.0,119.261795,121.322365,119.511382676355
27,108.0,118.887146,121.41009,119.19273866723064
27,107.0,118.3246,121.5046,118.70977948490449
27,106.0,118.52849,119.96276,118.70221522744978
27,105.0,119.21256,123.74983,119.76214180624028
27,104.0,119.46531,123.42826,119.94532381662168
27,103.0,119.38756,122.87377,119.80982751051212
27,102.0,119.59945,124.368645,120.17712056139578
27,101.0,119.63306,123.339386,120.08198779687734
27,100.0,119.48645,123.05389,119.91855784602018
27,99.0,119.15929,120.76639,119.35394753439617
27,98.0,119.12216,120.300156,119.26484700135669
27,97.0,118.511734,122.12755,118.94970146991467
27,96.0,118.4924,122.84316,119.01938946374528
27,95.0,118.11292,124.13882,118.84281237404983
27,94.0,117.576035,121.80254,118.0879727568907
27,93.0,117.450134,120.858696,117.86299816647701
27,92.0,117.13262,118.24385,117.26721997475414
27,91.0,115.05898,114.48223,114.98912348492695
27,90.0,115.201256,114.46601,115.11219887829924
27,89.0,112.48287,105.40003,111.62495916915363
27,88.0,112.946106,110.92975,112.70187356849033
27,87.0,112.72476,110.86555,112.49956356191923
27,86.0,110.654045,105.930786,110.08193779505861
27,85.0,108.02951,102.21794,107.32558101864251
27,84.0,109.37265,108.65428,109.28563736784805
27,83.0,109.887024,107.01221,109.5388101670736
27,82.0,107.48023,108.59953,107.61580816159027
27,81.0,105.46536,109.06297,105.90112507261622
27,80.0,104.044136,108.71492,104.60988729734905
27,79.0,97.3502,105.31582,98.31503712588308
27,78.0,92.01238,103.36943,93.38801112266239
27,77.0,88.809616,108.096535,91.14575459088657
27,76.0,87.693054,113.465195,90.81471872384914
27,75.0,85.227776,113.04053,88.59661024708448
27,74.0,82.647545,111.23727,86.11049043675705
27,73.0,80.55074,111.53965,84.30429128782161
27,72.0,78.9426,112.889595,83.05444508945911
27,71.0,72.095985,95.03743,74.8747803330145
27,70.0,69.50163,108.53558,74.22964119528623
27,69.0,72.85373,109.70289,77.3171036872458
27,68.0,74.94949,110.04085,79.19995277714752
27,67.0,76.49507,115.871025,81.26450519932088
27,66.0,77.82682,114.790764,82.30409811627266
28,125.0,119.939,122.24816,120.21870104780477
28,125.0,119.98477,120.53068,120.05089489754813
28,125.0,119.93552,117.92595,119.69210643083838
28,125.0,119.032,114.200676,118.44680121213003
28,125.0,118.14676,113.499435,117.58384943548594
28,125.0,117.31898,114.9001,117.02598960740345
28,125.0,116.63849,115.827995,116.54031730759628
28,125.0,115.2635,112.838585,114.9697776757561
28,125.0,113.05728,115.60718,113.36613906201408
28,125.0,111.78091,113.38704,111.97545035006983
28,125.0,111.48714,114.67229,111.87293988332549
28,125.0,113.41769,118.61595,114.04732914476091
28,125.0,115.616615,119.6587,116.10621488517027
28,125.0,117.19018,123.01219,117.89537250971594
28,125.0,117.47844,121.41585,117.9553600690668
28,125.0,118.57063,116.400085,118.30772419079415
28,125.0,118.94224,112.014885,118.10315846859044
28,125.0,119.34235,112.77221,118.54653477375476
28,125.0,119.20484,114.25503,118.60529272202132
28,125.0,118.97573,114.33673,118.41382950726265
28,125.0,118.462204,116.748604,118.25464322899185
28,125.0,118.36579,119.53831,118.5078129426698
28,125.0,117.789795,115.67889,117.53410998160571
28,125.0,117.9409,112.69357,117.30531704687411
28,125.0,117.706154,115.96284,117.49499369292168
28,125.0,116.459435,117.53449,116.58965149177105
28,125.0,116.089294,114.944695,115.95065414689572
28,125.0,115.80217,116.4236,115.87744077885569
28,125.0,115.27345,115.57307,115.30974366163137
28,125.0,114.375,116.858154,114.67577341371225
28,125.0,114.6859,111.76626,114.3322548954073
28,125.0,114.61195,112.19997,114.31980046224466
28,125.0,115.73233,118.23849,116.03588994137294
28,125.0,115.19613,119.89612,115.76541760573205
28,125.0,116.72308,121.88693,117.34855749767715
28,125.0,117.24253,124.054695,118.06765792655717
28,125.0,117.56834,126.21615,118.61580740171863
28,125.0,117.992836,124.066795,118.72854762584898
28,125.0,118.94704,128.0835,120.0536953473343
28,125.0,118.79066,125.17517,119.56398475389062
28,125.0,118.89975,119.397575,118.96004915494174
28,125.0,118.81983,121.443375,119.13760989385499
28,125.0,118.44229,121.446526,118.80618077373576
28,125.0,117.56499,119.156975,117.75781754704875
28,125.0,115.85634,116.41212,115.92365747424827
28,125.0,116.48873,123.19388,117.300895933163
28,125.0,116.58861,122.07136,117.25270885411653
28,125.0,115.58734,117.735,115.8474777086932
28,125.0,117.50238,124.40781,118.33880385126494
28,125.0,118.60124,122.441635,119.0664117627109
28,125.0,119.36951,124.6357,120.00737691021389
28,125.0,119.37839,123.381065,119.86321398923532
28,125.0,119.02238,120.73431,119.22973538357208
28,125.0,118.36894,118.597626,118.39664167053046
28,125.0,118.13204,122.05551,118.60727431186535
28,125.0,118.19062,121.79276,118.62693187019936
28,125.0,118.061646,119.92113,118.28687625279343
28,125.0,117.57274,119.46209,117.80158730093993
28,125.0,117.583916,125.75603,118.57376715848986
28,125.0,118.25444,121.461685,118.64291958588493
28,125.0,118.15443,112.25699,117.44009618594231
28,125.0,117.667114,114.5048,117.28407709018207
28,125.0,117.51967,109.258514,116.51903179004405
28,125.0,116.11602,111.87763,115.60264314527623
28,125.0,117.13143,112.93002,116.62253370549632
28,125.0,116.474266,108.51255,115.50989891139605
28,125.0,113.38986,101.16074,111.90860345466889
28,125.0,113.754944,109.414024,113.22914761473879
28,125.0,112.34624,110.68618,112.14516186809117
28,125.0,112.00679,109.244194,111.67216920347194
28,125.0,107.34468,108.725,107.51187251624242
28,125.0,108.63692,104.86019,108.17945915297055
28,125.0,106.451584,108.03937,106.6439050396143
28,125.0,106.467155,100.1184,105.69815907104689
28,125.0,107.12442,101.25177,106.41309222545276
28,125.0,108.784164,112.76975,109.26692095016246
28,125.0,104.01377,112.53862,105.04634801768543
28,125.0,104.95144,104.38235,104.88250735063158
28,125.0,100.1631,108.38957,101.15953696056182
28,125.0,98.42319,103.41291,99.02757019086515
28,125.0,89.235306,99.395935,90.46601752868895
28,125.0,87.41702,95.500656,88.39615719657928
28,125.0,82.88294,96.675644,84.5535906915138
28,125.0,82.681656,99.68624,84.74134551551539
28,125.0,88.54043,106.62496,90.73092713327338
28,125.0,96.183685,113.10187,98.23290933708122
28,125.0,102.27851,110.819855,103.31308594359614
28,125.0,107.98685,111.055664,108.3585590675393
28,125.0,110.7652,116.58173,111.46972883188843
28,125.0,110.95308,113.69287,111.28493800287714
28,125.0,113.73143,115.30104,113.92154999014124
28,125.0,113.03247,112.88596,113.01472493125056
28,125.0,113.52606,110.15844,113.11815692130848
28,125.0,115.907166,114.7018,115.76116466818412
28,125.0,113.15455,112.906265,113.12447518492944
28,125.0,109.72389,94.73083,107.90784908009829
28,125.0,105.025635,99.71784,104.38272549465896
28,125.0,99.934326,98.10638,99.71291479236596
28,125.0,98.27104,97.99937,98.23813507478953
28,125.0,92.54487,92.15972,92.4982173180762
28,125.0,89.25314,94.389305,89.87526370039605
28,124.0,90.38539,98.261536,91.33939350730904
28,123.0,91.61792,94.60483,91.9797107716819
28,122.0,95.11443,96.240074,95.2507771505934
28,121.0,99.24417,94.36223,98.65284317394584
28,120.0,100.92284,93.08256,99.97317829429481
28,119.0,97.80105,94.71795,97.42760619264315
28,118.0,106.08025,98.94555,105.21605863017913
28,117.0,107.61043,88.15627,105.25403276329496
28,116.0,112.999725,91.67589,110.41686396250034
28,115.0,114.66636,93.25489,112.07288318863392
28,114.0,113.77443,98.73689,111.9529995257095
28,113.0,115.40356,100.734474,113.62675621665812
28,112.0,113.86087,97.2744,111.85182497977284
28,111.0,110.42192,96.45846,108.73058875250325
28,110.0,106.36843,94.58539,104.94120361546
28,109.0,100.464935,92.0926,99.45083139221012
28,108.0,98.2514,96.42071,98.02965974784351
28,107.0,89.313034,102.35485,90.89273119453763
28,106.0,82.69925,97.93898,84.54516994719748
28,105.0,77.97982,98.95258,80.5201575752193
28,104.0,70.97498,100.935936,74.60401990091921
28,103.0,68.59779,96.5379,71.9820544967872
28,102.0,83.21178,103.51388,85.67087976685335
28,101.0,86.110855,106.51534,88.58235975337433
28,100.0,88.88897,110.62554,91.52182355009028
28,99.0,98.16022,101.345345,98.54601755531776
28,98.0,103.64496,107.96214,104.16787980861847
28,97.0,108.08623,105.98011,107.83112282066588
29,125.0,112.09877,114.79731,112.42563223342594
29,125.0,113.67704,115.85533,113.94088682015108
29,125.0,114.18641,116.564285,114.4744305534961
29,125.0,113.78531,111.41006,113.4976051763848
29,125.0,115.401955,118.13557,115.73306489733054
29,125.0,116.31853,119.88994,116.75111633607254
29,125.0,116.96378,119.19735,117.23432519419276
29,125.0,118.62996,122.30166,119.07469570671483
29,125.0,119.39044,121.59311,119.65724116060032
29,125.0,119.67732,122.63958,120.03612742336242
29,125.0,119.77414,121.54164,119.98822902415577
29,125.0,119.538956,121.21894,119.7424447902304
29,125.0,119.8742,120.198746,119.91350982279498
29,125.0,119.6539,121.56205,119.88502581823649
29,125.0,119.05071,117.70677,118.8879270335564
29,125.0,119.0807,118.48633,119.00870966652639
29,125.0,118.3984,122.832825,118.93552153397857
29,125.0,118.72659,122.76886,119.21621478608768
29,125.0,118.75053,121.97167,119.1406894432167
29,125.0,118.73231,120.67815,118.96799823175508
29,125.0,118.5264,116.30767,118.25765317786255
29,125.0,118.18836,109.90112,117.18456578484768
29,125.0,117.829346,112.65969,117.20316845036227
29,125.0,118.019775,113.041626,117.41679433740507
29,125.0,118.2711,110.7484,117.35991116437127
29,125.0,117.95731,119.500496,118.14423234119597
29,125.0,118.74844,118.52514,118.72139569449136
29,125.0,119.12871,118.87206,119.09762159609555
29,125.0,119.07028,116.32762,118.73807573610338
29,125.0,119.42273,118.563995,119.31871485389664
29,125.0,119.15871,116.16371,118.79593625379972
29,125.0,119.2547,115.17258,118.76025036406602
29,125.0,119.37195,120.39358,119.49569365042528
29,125.0,119.734604,120.37977,119.81274978127966
29,125.0,119.826675,119.27081,119.75934627650717
29,125.0,119.87746,118.449776,119.70452803174783
29,125.0,119.85174,115.75202,119.35515762493618
29,125.0,120.1166,117.94015,119.85297602817634
29,125.0,120.072845,115.253204,119.48906380984002
29,125.0,119.987976,116.41986,119.55578617731531
29,125.0,119.70431,114.19861,119.03742675352858
29,125.0,119.80241,108.5872,118.44395790946135
29,125.0,119.84532,113.922005,119.12785666992495
29,125.0,120.15333,116.02563,119.65335793855448
29,125.0,120.37448,118.311584,120.12461171382171
29,125.0,120.626526,115.27608,119.97844988344141
29,125.0,120.70584,116.32362,120.17504259942838
29,125.0,120.49479,114.495255,119.76809223374332
29,125.0,120.27482,113.636246,119.47071769516538
29,125.0,119.720184,113.67888,118.9884279091701
29,125.0,118.19912,115.04759,117.81738909822693
29,125.0,116.63008,112.63613,116.14631182574973
29,125.0,116.740005,114.523346,116.47151140099396
29,125.0,117.04171,117.42666,117.08833702408587
29,125.0,116.968025,117.36032,117.01554225402329
29,125.0,115.27284,114.769485,115.21187302508898
29,125.0,116.876144,112.053154,116.29195707374397
29,125.0,116.0235,112.49122,115.59564920433594
29,125.0,116.64285,112.94146,116.19451952907038
29,125.0,116.35572,113.97891,116.06782833914369
29,125.0,115.878235,114.91092,115.76106822658822
29,125.0,112.58035,117.91944,113.22705277208975
29,125.0,109.72702,115.45367,110.42066342392118
29,125.0,108.21438,114.87455,109.02109525049458
29,125.0,106.030624,117.2585,107.39060682138998
29,125.0,104.7708,116.227875,106.15854241081202
29,125.0,103.71335,117.40294,105.3715074722152
29,125.0,105.18099,120.62363,107.05148963277797
29,125.0,108.09248,118.02308,109.29533228499875
29,125.0,112.36658,118.23111,113.0769218311097
29,125.0,114.642136,120.006645,115.29191475871404
29,125.0,116.40186,117.160835,116.49379401446328
29,125.0,117.01501,119.18953,117.2783972265043
29,125.0,117.595764,118.93079,117.75747034624425
29,125.0,118.223175,118.79148,118.29201141820556
29,125.0,118.59876,120.72454,118.85624855175158
29,125.0,118.28451,120.937546,118.60585842405999
29,125.0,118.60083,122.094734,119.02403111271406
29,125.0,118.73308,121.00355,119.00808987508367
29,125.0,119.080696,119.44335,119.12462296739947
29,125.0,119.03173,116.40608,118.71369755052675
29,125.0,119.03694,118.206985,118.9364126501456
29,125.0,118.2046,116.849686,118.04048304451602
29,125.0,117.873314,112.681595,117.24446411174155
29,125.0,117.27132,112.423515,116.68412397233908
29,125.0,116.75753,114.518036,116.48627024535747
29,125.0,117.09418,114.25396,116.75015434691069
29,125.0,117.05278,113.80591,116.65950102208053
29,125.0,117.02397,111.24882,116.32445287700241
29,125.0,116.08177,111.62571,115.54202888074565
29,125.0,116.38139,110.26623,115.64069066257076
29,125.0,116.65109,111.09479,115.97808207480396
29,125.0,116.66793,108.5361,115.68295847985765
29,125.0,115.56752,105.99913,114.4085437157941
29,125.0,115.56386,109.76382,114.86132488992068
29,125.0,114.62373,107.84667,113.80285826779
29,125.0,115.07673,106.56321,114.04552417036419
29,125.0,114.2885,104.152954,113.06082467091818
29,125.0,113.8753,102.53203,112.5013378819419
29,125.0,113.90698,99.38106,112.14752190038573
29,125.0,111.835785,100.15449,110.42088142801819
29,125.0,111.176765,99.016975,109.70390426501322
29,125.0,111.59426,101.59437,110.3830186724042
29,125.0,104.510925,96.73789,103.5694124292747
29,125.0,103.65578,101.457985,103.3895682206731
29,125.0,100.35428,102.33267,100.59391255894897
29,125.0,95.54266,99.9283,96.07387604256587
29,124.0,95.52475,105.17499,96.69364008265464
29,123.0,96.75084,108.311615,98.15114447980275
29,122.0,100.21828,102.40164,100.48273823377414
29,121.0,102.65038,102.20461,102.59638883015842
29,120.0,105.35084,105.38519,105.35499899537822
29,119.0,106.255875,105.226006,106.13113118182767
29,118.0,108.713554,104.58223,108.2131454245687
29,117.0,106.060555,105.6306,106.00847602842806
29,116.0,104.68726,106.449585,104.90072563484294
29,115.0,101.02423,104.91215,101.4951569638998
29,114.0,96.052505,104.220436,97.04185052642643
29,113.0,92.919136,104.137634,94.27798274231195
29,112.0,91.189735,103.29311,92.6557636864305
29,111.0,92.74678,104.39901,94.1581630031296
29,110.0,93.46662,108.78689,95.32229703182881
29,109.0,88.85486,103.98717,90.68776754506762
29,108.0,92.83194,107.52115,94.61117811854433
29,107.0,92.662895,105.36488,94.20143042887493
29,106.0,93.83167,101.53358,94.76457001211848
29,105.0,91.60557,100.54144,92.68793064043128
29,104.0,95.703384,105.19934,96.85358728159937
29,103.0,96.397804,101.34407,96.99692343873221
29,102.0,97.195496,99.62048,97.489223569784
29,101.0,99.923706,107.19991,100.80504057830636
29,100.0,99.38923,98.6873,99.30420750903887
29,99.0,97.245544,94.815575,96.95121302247152
29,98.0,99.09611,83.63456,97.22331909660551
29,97.0,92.19571,84.11322,91.2167133541983
29,96.0,91.27872,84.06396,90.40482533605407
29,95.0,83.852036,86.50215,84.17303225918003
29,94.0,78.795166,95.69287,80.84190972649579
29,93.0,75.13434,94.52157,77.48262713914596
29,92.0,78.79657,97.17343,81.02247716930962
29,91.0,82.72189,92.28871,83.88067936875521
29,90.0,88.50816,93.20141,89.07663529539559
30,125.0,117.25374,118.166985,117.36435584013444
30,125.0,117.353516,119.50785,117.6144606253385
30,125.0,117.32471,119.25975,117.55909020682222
30,125.0,117.83475,118.458595,117.9103112378193
30,125.0,117.43892,118.93193,117.61976089364182
30,125.0,118.276245,118.05949,118.24999009845476
30,125.0,118.62259,115.15169,118.20217428213411
30,125.0,118.450134,117.36618,118.31883977727436
30,125.0,118.707504,119.1869,118.76557101076902
30,125.0,118.28016,116.36607,118.04831436370308
30,125.0,118.07993,113.35695,117.50785912470617
30,125.0,118.57322,114.331955,118.05949385076721
30,125.0,118.79183,122.21635,119.20662818289075
30,125.0,119.25392,121.784515,119.56044106682852
30,125.0,118.59916,116.514,118.34659318708964
30,125.0,117.96873,117.37914,117.8973133869342
30,125.0,118.053825,114.0897,117.5736683912206
30,125.0,118.38626,113.34097,117.77514772498992
30,125.0,118.27224,118.86801,118.34440286684804
30,125.0,118.39557,113.545204,117.80806578918322
30,125.0,117.96254,113.45386,117.41642308489858
30,125.0,116.30849,119.59882,116.70703074840522
30,125.0,116.4974,118.50397,116.74044512602669
30,125.0,117.22385,120.102936,117.57257769840749
30,125.0,116.2624,119.10079,116.60619980191674
30,125.0,116.05939,118.138916,116.31127126411978
30,125.0,116.157715,112.97054,115.7716669108867
30,125.0,116.55645,106.081955,115.28772099874223
30,125.0,118.05767,111.948654,117.31771265954976
30,125.0,118.8664,113.889465,118.26356755335821
30,125.0,118.51354,116.63717,118.28626544067863
30,125.0,116.39815,95.798546,113.90300962644339
30,125.0,116.81878,99.99703,114.78123576537676
30,125.0,117.50867,106.838104,116.216189280744
30,125.0,116.78514,107.121346,115.61460851284451
30,125.0,117.08124,114.23633,116.73664656333197
30,125.0,116.728455,122.087296,117.37754711132335
30,125.0,117.66858,119.908905,117.93993979709428
30,125.0,118.0325,121.68577,118.47500516019835
30,125.0,118.9167,120.674255,119.12958684498192
30,125.0,119.22122,117.631294,119.02864107032745
30,125.0,119.2847,117.688866,119.09140236815887
30,125.0,119.483665,123.8757,120.01565326677061
30,125.0,119.39263,120.38029,119.51226185686875
30,125.0,119.23059,122.90476,119.6756268336991
30,125.0,118.69487,118.81134,118.70897752797325
30,125.0,118.43472,116.23126,118.16782752640741
30,125.0,118.02403,117.70732,117.98567074920463
30,125.0,118.229996,116.991936,118.08003503749457
30,125.0,118.87039,124.0668,119.49980996822387
30,125.0,118.858765,119.92327,118.98770358049626
30,125.0,116.9433,116.551285,116.89581548557867
30,125.0,116.07318,108.00799,115.09628024573144
30,125.0,116.3122,105.80411,115.03940376170144
30,125.0,113.90445,103.66453,112.66413339772389
30,125.0,113.94748,98.40578,112.0649821141865
30,125.0,112.944305,104.521904,111.92413746966214
30,125.0,108.66917,109.46535,108.76560438796386
30,125.0,108.16562,116.54292,109.18032440558645
30,125.0,109.38156,113.802216,109.91701543346932
30,125.0,110.75499,102.52233,109.7578044028434
30,125.0,113.06372,110.83337,112.79356782532167
30,125.0,113.16969,116.48886,113.57172903201077
30,125.0,114.36949,115.27797,114.47953144236325
30,125.0,116.43645,119.62848,116.823083737392
30,125.0,117.99619,119.534,118.1824602349632
30,125.0,118.07166,122.22172,118.57434056182963
30,125.0,117.70314,121.63385,118.17924962421846
30,125.0,117.30861,117.60377,117.34436022872897
30,125.0,116.62361,117.031555,116.67302385565935
30,125.0,116.90593,113.92651,116.54504619611961
30,125.0,117.386856,117.56602,117.40855706128805
30,125.0,117.823166,117.95561,117.83920852229707
30,125.0,118.501465,123.80886,119.14432606075897
30,125.0,118.34659,117.576836,118.25335144457515
30,125.0,118.43285,117.27841,118.29302130425145
30,125.0,118.07772,117.49374,118.00698521729387
30,125.0,118.1018,112.66531,117.44330177588499
30,125.0,118.058945,117.72784,118.01883905440701
30,125.0,118.253204,113.528175,117.6808826412036
30,125.0,116.12901,109.58441,115.33629465530055
30,125.0,114.50354,105.422485,113.40359235481893
30,125.0,107.85153,96.55717,106.48349589229954
30,125.0,108.06825,99.23979,106.99890046404884
30,125.0,104.94714,102.38194,104.63643221300889
30,125.0,102.26079,103.77608,102.44432820463818
30,125.0,100.87868,104.61632,101.3314010905661
30,125.0,96.23389,105.55824,97.36330441627668
30,125.0,102.5723,110.13808,103.48871213955978
30,125.0,101.1658,110.15855,102.25505306017749
30,125.0,100.720856,105.08643,101.2496386840624
30,125.0,94.15602,96.347534,94.42146932874805
30,125.0,96.22453,97.8048,96.41594400552378
30,125.0,84.91592,92.60984,85.84784716270394
30,125.0,76.6706,91.80335,78.50356363638782
30,125.0,72.62039,81.31853,73.6739582202358
30,125.0,69.05992,87.391426,71.28033474868668
30,125.0,62.116093,82.56175,64.59258431693709
30,125.0,58.70959,61.354725,59.02998420177736
30,125.0,57.694473,83.62503,60.83532610593282
30,125.0,59.147522,97.12406,63.7474509719938
30,125.0,54.281815,87.0398,58.2496436715622
30,125.0,58.36113,88.440475,62.00450685605427
30,125.0,63.810417,93.75221,67.43713340922275
30,124.0,65.07468,95.94145,68.81343147260738
30,123.0,73.20124,86.64366,74.82946108372963
30,122.0,81.99071,84.68182,82.31667032581952
30,121.0,83.38458,90.46919,84.2427097542326
30,120.0,76.78292,93.844574,78.8495228460292
30,119.0,81.060684,91.68444,82.34749247272623
30,118.0,81.5152,95.39898,83.1968783253171
30,117.0,85.00698,97.297264,86.49564812829271
30,116.0,82.691574,100.61676,84.86277201165493
30,115.0,82.982315,108.60393,86.08574680785998
31,125.0,117.37678,120.152534,117.71299270420072
31,125.0,116.29677,123.146805,117.12648259695018
31,125.0,116.34008,122.41329,117.07570132531751
31,125.0,115.80972,121.51708,116.50102989903505
31,125.0,116.71384,121.510086,117.29478498382865
31,125.0,116.79825,117.589745,116.89411870769892
31,125.0,117.95552,110.75587,117.08345867174788
31,125.0,117.73544,115.09338,117.41542224348946
31,125.0,118.46057,116.399734,118.21095131264323
31,125.0,118.74596,120.95882,119.01399030401821
31,125.0,118.802536,120.802734,119.04481112464734
31,125.0,118.75499,120.1382,118.92253159355086
31,125.0,118.40278,116.52657,118.17552222139425
31,125.0,118.247314,115.467865,117.91065212640353
31,125.0,117.77824,114.1328,117.33668059120234
31,125.0,116.9904,114.089264,116.63900026774387
31,125.0,117.28264,114.26487,116.91710965660705
31,125.0,116.98151,118.34578,117.1467546648485
31,125.0,116.082275,116.840576,116.17412498486254
31,125.0,116.60279,116.09831,116.5416856055418
31,125.0,117.56107,114.89778,117.23848062066034
31,125.0,117.77426,114.10058,117.32928460455453
31,125.0,118.232056,115.309204,117.87802368009206
31,125.0,118.36908,117.12572,118.21847664018082
31,125.0,118.36957,115.83906,118.06305847831442
31,125.0,118.52658,113.21619,117.88335641651622
31,125.0,118.40903,115.36705,118.04056599091636
31,125.0,117.96962,118.024704,117.97629185809177
31,125.0,117.12375,116.98505,117.10694837661617
31,125.0,115.503815,112.72953,115.16777799610053
31,125.0,114.39192,108.61968,113.69275632821704
31,125.0,112.72562,110.11964,112.40996572108222
31,125.0,114.13226,113.554855,114.06232434554754
31,125.0,113.7988,113.83368,113.80302265918513
31,125.0,112.45393,112.717896,112.48590623132891
31,125.0,111.43671,109.88655,111.2489430986636
31,125.0,112.22882,108.265945,111.74881536837154
31,125.0,113.24108,110.69245,112.93237707293628
31,125.0,113.07502,111.997116,112.94445815920159
31,125.0,113.48677,105.38958,112.5059939868105
31,125.0,114.54695,114.48939,114.53997884959844
31,125.0,116.99338,107.77963,115.87735780089501
31,125.0,117.26391,110.898895,116.49294271260939
31,125.0,118.13628,107.12442,116.80245919299614
31,125.0,118.390114,104.59474,116.719141898664
31,125.0,117.8627,105.810074,116.40282035222853
31,125.0,117.62314,105.488304,116.1533000295752
31,125.0,117.90988,106.04794,116.47309784729477
31,125.0,118.66864,106.80639,117.23181850351973
31,125.0,118.796135,107.49721,117.42754623810191
31,124.0,119.28929,113.485794,118.58633961563487
31,123.0,119.71393,112.76479,118.87221049017714
31,122.0,120.13071,112.98607,119.26530861905862
31,121.0,120.113266,113.75188,119.34273927200533
31,120.0,120.3157,110.17261,119.08710951312334
31,119.0,120.051544,109.806786,118.81064223565605
31,118.0,119.85202,114.04809,119.14901582294095
31,117.0,119.52696,113.145775,118.7540374837875
31,116.0,119.212296,114.38627,118.6277403991964
31,115.0,118.84683,116.28872,118.53697943613723
31,114.0,118.67201,114.62121,118.1813564764006
31,113.0,116.13911,106.87009,115.01639165585723
31,112.0,114.93333,105.903366,113.83956783214875
31,111.0,111.38871,100.8047,110.10671639019981
31,110.0,109.884796,97.33818,108.36508050933178
31,109.0,107.73504,99.40415,106.72595556119842
31,108.0,103.97991,102.335396,103.78071891102965
31,107.0,95.03543,101.403175,95.80672741483627
31,106.0,89.47562,101.79789,90.96815849972019
31,105.0,87.82539,104.56343,89.85279751814006
31,104.0,89.63712,104.932625,91.48979906495502
31,103.0,89.40991,100.33091,90.73272388121417
31,102.0,83.61583,98.584175,85.42887846841838
31,101.0,81.87404,100.98873,84.18931623625599
31,100.0,77.39946,95.36301,79.57530420184455
31,99.0,81.60509,97.11762,83.48405152417516
31,98.0,80.6949,92.89566,82.17272418475788
31,97.0,76.346634,89.94902,77.99423036526798
31,96.0,76.32568,95.79802,78.68428085189419
31,95.0,79.86022,98.7311,82.14596747380132
31,94.0,81.360634,98.65385,83.4552836597015
31,93.0,86.873314,103.969635,88.94411508899105
31,92.0,87.13236,96.49088,88.26591824824406
31,91.0,87.12138,99.190994,88.58332180978738
31,90.0,90.70145,94.943275,91.21524036622965
31,89.0,93.43541,93.7644,93.47525828979249
31,88.0,97.418625,93.30118,96.91989688455679
31,87.0,94.983795,91.38024,94.54731275698614
31,86.0,82.61145,81.543015,82.4820353442559
31,85.0,76.75378,82.05363,77.3957238180032
31,84.0,72.211426,79.73399,73.12260088809009
31,83.0,67.68733,85.77684,69.878433647665
31,82.0,66.913025,87.6345,69.42292466487193
31,81.0,64.12932,78.86313,65.91395903229468
31,80.0,65.70675,80.750626,67.52894669718033
31,79.0,66.280594,86.27831,68.70282843108359
31,78.0,68.73291,88.73291,71.15542102551639
31,77.0,68.14688,81.97352,69.82164005688036
31,76.0,66.30582,80.29952,68.00081186436601
31,75.0,69.08998,76.66236,70.00718972989668
31,74.0,71.25815,74.254295,71.62105814589708
31,73.0,71.30046,80.42264,72.40538947714569
31,72.0,70.03523,73.62894,70.47052192107925
31,71.0,67.72647,81.49871,69.39464096382544
31,70.0,67.58888,80.918015,69.20338081338289
31,69.0,61.16738,74.37562,62.76723613441469
31,68.0,60.302715,70.63586,61.55432266041824
31,67.0,57.790012,72.421364,59.56224275814047
31,66.0,59.00872,68.43482,60.15046208723331
31,65.0,56.91844,65.20836,57.922562473405456
31,64.0,61.86729,70.21014,62.87782224252301
31,63.0,66.24294,71.746,66.90950386904495
31,62.0,67.22619,70.14069,67.57920966231096
31,61.0,77.6418,71.95344,76.95279397336502
31,60.0,89.77046,73.37324,87.78433931621089
31,59.0,92.75624,67.16265,89.65620337311795
31,58.0,98.79698,70.44033,95.36226701126587
31,57.0,98.44799,68.82005,94.85929040827443
31,56.0,88.05678,65.68595,85.34709940977349
31,55.0,82.59504,57.915943,79.6057704256117
31,54.0,79.42583,65.30803,77.71580108909139
31,53.0,77.7447,60.54203,75.66101515278189
31,52.0,73.13609,55.22147,70.96617466127998
31,51.0,70.27933,53.857227,68.29019159713692
31,50.0,62.84929,45.029305,60.69083364110703
31,49.0,65.75285,46.137844,63.3769747311019
31,48.0,63.13562,44.49485,60.877746725389926
31,47.0,58.4341,49.150288,57.3095941519756
31,46.0,59.583878,44.220062,57.722927084671355
31,45.0,56.890896,46.159557,55.59105663548622
31,44.0,56.011795,43.799324,54.53255285603484
31,43.0,51.89266,35.816765,49.94545690865486
31,42.0,49.74201,37.72453,48.28638454121425
31,41.0,45.489136,37.812588,44.55930969326252
31,40.0,42.78836,45.571968,43.12552656485918
31,39.0,40.478542,45.984543,41.14545963302969
31,38.0,39.87851,46.337605,40.66087091378844
31,37.0,37.179832,44.875824,38.11201361337441
31,36.0,35.052498,43.562298,36.08325200835864
31,35.0,34.201164,36.13787,34.43574887815152
31,34.0,35.500202,47.67867,36.975325588276554
31,33.0,36.409355,43.568363,37.27649390139664
31,32.0,35.939804,46.76289,37.25075622479605
31,31.0,36.14089,42.653973,36.92978910309141
31,30.0,33.811768,40.84369,34.66351287768265
31,29.0,32.074417,39.92064,33.024795008915305
31,28.0,28.93055,37.80736,30.00575829702673
31,27.0,28.359985,36.70689,29.371008726204675
31,26.0,25.435299,33.804184,26.448984668364083
31,25.0,21.889717,27.973452,22.626612751143195
31,24.0,19.570625,20.367058,19.667093623978698
31,23.0,18.162025,21.057312,18.512718609729298
31,22.0,17.050463,20.252232,17.438278717821422
31,21.0,16.5517,19.682438,16.93091284951218
31,20.0,16.277927,21.141012,16.866971187152973
31,19.0,15.959388,19.880558,16.434341654923667
31,18.0,15.07493,21.070637,15.80116340635194
31,17.0,13.775743,16.064722,14.05299642041093
31,16.0,12.447328,16.68587,12.960723268996535
31,15.0,12.5633745,15.238204,12.887364694152133
31,14.0,11.408984,15.820857,11.943374682580293
31,13.0,10.755296,18.185703,11.655307902990634
31,12.0,9.064053,14.3099375,9.699463240679336
31,11.0,8.207555,12.603945,8.740069940531908
31,10.0,7.7069683,12.250301,8.257281992745932
31,9.0,7.6009674,12.106811,8.146740109049293
31,8.0,6.73454,14.105265,7.627323018002781
32,125.0,113.21589,123.28387,114.43537827240371
32,125.0,112.47286,124.603485,113.942190530575
32,125.0,112.75198,124.270966,114.14722658942883
32,125.0,113.32822,123.27513,114.53304199826678
32,125.0,113.93786,124.2279,115.18424515524705
32,125.0,114.92073,124.25614,116.05148733034282
32,125.0,115.80055,124.2306,116.82164628121177
32,125.0,116.33847,124.296646,117.30240881067907
32,125.0,117.14624,123.78268,117.95008220754326
32,125.0,117.90268,124.83237,118.74204160782784
32,125.0,118.480736,125.5912,119.34199483775004
32,125.0,118.87584,125.664825,119.69815887717178
32,125.0,118.98062,125.591354,119.78134996910997
32,125.0,119.27138,124.34934,119.88644880747049
32,125.0,119.20712,124.84057,119.88947697953225
32,125.0,119.17907,125.559044,119.95184738131402
32,125.0,119.160835,122.24921,119.53491591543889
32,125.0,118.66965,122.154305,119.09172822454056
32,125.0,118.65721,121.502396,119.00183580147181
32,125.0,118.32415,125.65218,119.21176211926665
32,125.0,118.71565,126.89466,119.70633931342218
32,125.0,119.23221,126.35179,120.09457162779246
32,125.0,119.654144,127.11717,120.55810760393186
32,125.0,119.5357,125.31712,120.23597623979389
32,125.0,119.6966,123.693344,120.1807094446124
32,125.0,119.665726,125.425476,120.36337860132815
32,125.0,119.428375,124.85513,120.0856942334235
32,125.0,119.44817,125.00834,120.1216515794089
32,125.0,119.28259,125.42954,120.02714540473627
32,125.0,118.7568,125.0007,119.51309406964052
32,125.0,118.90551,124.65837,119.60232836660413
32,125.0,118.58246,124.9776,119.3570734981079
32,125.0,118.00501,122.74404,118.57902996692209
32,125.0,117.13587,120.59354,117.55468337764134
32,125.0,117.04574,124.41288,117.93808726526116
32,125.0,117.49397,123.921745,118.27254021830284
32,125.0,115.4232,122.22074,116.24655809084231
32,125.0,115.28171,122.86737,116.20052529791401
32,125.0,114.749825,122.215706,115.6541334595933
32,124.0,113.70856,122.20497,114.73768991450177
32,123.0,110.89609,119.914375,111.98843264025192
32,122.0,110.0379,117.48189,110.93955955891474
32,121.0,108.53548,118.89857,109.79071165517581
32,120.0,106.48639,120.91446,108.23399698831312
32,119.0,105.052055,118.40918,106.66994430229713
32,118.0,106.28875,120.28895,107.98453133028923
32,117.0,107.60957,120.399,109.1586998674555
32,116.0,109.65067,120.772156,110.99776856681544
32,115.0,109.364624,115.317276,110.08564222926492
32,114.0,111.36667,120.80524,112.50992039364519
32,113.0,111.50733,119.9852,112.53421811124738
32,112.0,110.099,115.0778,110.70205862639492
32,111.0,109.54901,113.03554,109.97131864627936
32,110.0,109.04597,114.93985,109.75986685343103
32,109.0,109.64287,113.78507,110.14459478710867
32,108.0,110.36882,113.695915,110.7718163843031
32,107.0,109.78837,113.825775,110.27740133263319
32,106.0,111.44738,113.32398,111.67468452396906
32,105.0,112.54037,115.07349,112.8471925664233
32,104.0,113.7337,113.431145,113.69705600221918
32,103.0,115.787384,113.58926,115.52113461529657
32,102.0,115.57323,114.26086,115.41426536286282
32,101.0,114.426025,113.890274,114.36113221807035
32,100.0,112.56763,113.06447,112.62780714142927
32,99.0,110.28535,113.05133,110.6203782493883
32,98.0,105.47724,108.60005,105.85549361855774
32,97.0,104.68914,109.87633,105.31744118784327
32,96.0,103.78311,111.08379,104.66741065538942
32,95.0,99.056885,108.205315,100.16499330553816
32,94.0,100.07379,107.846695,101.01528865765277
32,93.0,102.65322,106.9812,103.17745006499665
32,92.0,103.167175,104.11991,103.28257594673973
32,91.0,102.03835,101.872505,102.01826456402735
32,90.0,101.4831,100.11517,101.31740992304731
32,89.0,98.60414,96.93927,98.40248280453888
32,88.0,97.870514,100.625916,98.20426343364744
32,87.0,94.23327,95.27525,94.35947968367387
32,86.0,91.507256,90.61942,91.39971634298075
32,85.0,89.90796,94.29012,90.43875098059782
32,84.0,86.13472,94.96511,87.20430574904393
32,83.0,87.38332,92.70683,88.02813661639095
32,82.0,84.54935,93.3425,85.61442222107726
32,81.0,85.32391,89.143936,85.78661588562771
32,80.0,88.05417,89.69859,88.2533505049667
32,79.0,91.98544,90.4091,91.79450810976309
32,78.0,95.20631,95.31954,95.22002216580262
32,77.0,100.584625,99.03679,100.39714273066137
32,76.0,103.66817,99.87373,103.20856428307935
32,75.0,102.55713,94.80549,101.6182072597791
32,74.0,101.14896,92.80689,100.13851927487356
32,73.0,94.9241,91.95127,94.56401692475737
32,72.0,94.18941,93.68068,94.12778738984576
32,71.0,86.742195,91.588684,87.32922873767161
32,70.0,76.25495,90.76204,78.01213035969411
32,69.0,73.15478,90.53357,75.25979312946642
32,68.0,73.846245,86.81734,75.41737540697122
32,67.0,76.44265,95.49079,78.74986632997829
32,66.0,80.11287,87.51833,81.00986013517095
32,65.0,83.06757,88.4138,83.71513850747704
32,64.0,79.76798,87.30159,80.68049478351698
32,63.0,76.36008,86.02719,77.53101137249641
32,62.0,74.43678,88.31713,76.1180475567734
32,61.0,65.106,87.21222,67.78363028669914
32,60.0,60.62081,80.768715,63.06123721650745
32,59.0,59.21511,84.27112,62.25003329036842
32,58.0,57.926476,74.386795,59.92024067222631
32,57.0,56.183155,67.127266,57.50876643670979
32,56.0,57.68555,71.616165,59.37290393832788
32,55.0,56.537415,70.79049,58.26382596330079
32,54.0,56.96029,67.84225,58.278372079106155
32,53.0,56.28501,68.29697,57.73996590057752
32,52.0,53.64653,71.17897,55.7701564970797
32,51.0,51.18164,66.81573,53.07532786205401
32,50.0,50.413715,61.82246,51.795605778138075
32,49.0,49.4173,54.443043,50.026046857816816
32,48.0,49.685947,53.09488,50.09885612690227
33,125.0,116.79269,98.66234,114.59663818282388
33,125.0,115.16586,100.85496,113.4324468362334
33,124.0,115.80501,103.11938,114.26845400994637
33,123.0,113.28788,102.7705,112.01395660451763
33,122.0,112.25538,101.21347,110.917921583776
33,121.0,115.20613,107.997055,114.33292774183013
33,120.0,117.413216,110.64772,116.5937413421605
33,119.0,117.30885,105.79082,115.91372479276865
33,118.0,116.82982,101.67569,114.99426661131736
33,117.0,117.725044,95.862274,115.07690434286606
33,116.0,117.47226,94.40383,114.67808363834929
33,115.0,116.49202,93.14395,113.6639721992581
33,114.0,114.729065,96.360596,112.50417412233016
33,113.0,113.94174,96.91862,111.87980671325492
33,112.0,111.59537,100.5548,110.25807293643446
33,111.0,110.2949,101.83813,109.27056790046888
33,110.0,114.082306,107.00207,113.22470819114399
33,109.0,116.12128,111.92712,115.61325689020617
33,108.0,114.715225,112.56395,114.45465078932617
33,107.0,116.31631,120.489136,116.82174320882699
33,106.0,116.70107,116.18987,116.63915332096695
34,125.0,119.12108,124.24334,119.7415151443338
34,125.0,118.75386,123.205734,119.29309610458024
34,125.0,118.899445,123.80977,119.49421025486949
34,125.0,118.27556,124.193115,118.9923257505362
34,125.0,117.68987,123.89194,118.44110117657142
34,125.0,118.078835,119.78157,118.28507934505986
34,125.0,118.220856,124.47976,118.97896880122659
34,125.0,118.58831,122.83776,119.10302726517008
34,125.0,118.49977,124.21622,119.19217873724813
34,125.0,118.47142,123.202,119.04441474798432
34,125.0,118.11696,122.49079,118.64674148128857
34,125.0,118.4561,122.97522,119.0034812405367
34,125.0,118.66792,124.78932,119.40938074527384
34,125.0,118.60617,125.35433,119.42354536106558
34,125.0,119.14198,123.756134,119.70087457984167
34,125.0,119.196594,123.90721,119.767170290379
34,125.0,119.58855,123.74792,120.09235275580369
34,125.0,119.67159,123.41172,120.12461769615057
34,125.0,119.57198,123.76959,120.08042100244552
34,125.0,119.35171,122.31638,119.71080543847837
34,125.0,119.03346,122.714424,119.47932099975807
34,125.0,118.92177,123.43624,119.46858617937971
34,125.0,118.99636,123.8004,119.57825261368
34,125.0,117.677505,125.45129,118.61910892008486
34,125.0,118.3411,124.87509,119.1325355629691
34,125.0,117.98199,124.49752,118.7711845292652
34,125.0,118.63248,124.67049,119.36383400615296
34,125.0,118.29397,124.46411,119.0413301402414
34,125.0,118.3375,125.628654,119.22064638991864
34,125.0,117.67505,122.5467,118.26513016621733
34,125.0,116.33609,122.20332,117.04676190711666
34,125.0,115.5403,122.799736,116.41960178173248
34,125.0,112.55207,123.972305,113.93535274979072
34,125.0,111.7919,124.292854,113.30608544237698
34,125.0,110.75486,122.21621,112.14312210978922
34,125.0,111.92747,124.48097,113.44801745488442
34,125.0,113.40199,124.75425,114.77704106924675
34,125.0,113.447845,123.32865,114.64466345186398
34,125.0,115.111404,124.060524,116.19537139012192
34,125.0,115.07401,123.78286,116.12887658772102
34,125.0,116.221436,122.22063,116.94809085151167
34,125.0,116.678856,122.17161,117.3441684762134
34,125.0,116.376656,122.18062,117.07966371580241
34,125.0,116.16814,123.73563,117.08475289004255
34,125.0,117.3895,125.103615,118.32387940595959
34,125.0,118.123055,125.387436,119.0029566504471
34,125.0,118.7901,125.88719,119.64973918377596
34,125.0,119.008224,125.40751,119.7833412835243
34,125.0,119.37201,126.2041,120.19955016837486
34,125.0,119.40518,124.77486,120.05558664891885
34,125.0,119.35349,124.51569,119.97876712965508
34,125.0,119.47444,125.24068,120.17287991901571
34,125.0,119.617966,125.87372,120.37569712726533
34,125.0,119.60425,123.31725,120.05398780336637
34,125.0,119.57943,124.00323,120.11526451583555
34,125.0,119.25575,125.29822,119.98764944589128
34,124.0,119.47053,125.32264,120.1793678730961
34,123.0,119.50723,126.04398,120.29900015835739
34,122.0,119.58059,124.21646,120.14211179619787
34,121.0,119.380936,125.60565,120.13490779994288
34,120.0,119.5654,126.55441,120.41194724920031
34,119.0,119.40611,123.80689,119.93915950664496
34,118.0,119.496704,123.61618,119.99567790940804
34,117.0,119.3871,122.96423,119.82038242003858
34,116.0,118.92752,122.36777,119.34422248884948
34,115.0,118.56394,120.27053,118.7706534447871
34,114.0,117.67538,119.640236,117.9133715073582
34,113.0,118.2697,121.15669,118.6193877422233
34,112.0,116.40714,118.36911,116.64478701501069
34,111.0,117.28941,118.35108,117.41800861359128
34,110.0,117.29701,117.28657,117.29574721627043
34,109.0,115.6559,117.081856,115.82861883125247
34,108.0,116.06104,115.13708,115.94912696787513
34,107.0,117.40829,113.93205,116.98722626306918
34,106.0,117.04879,113.51638,116.62092493725953
34,105.0,115.472,114.644516,115.37177065701269
34,104.0,115.681946,118.61003,116.03661172733906
34,103.0,115.95763,118.18909,116.22791321718779
34,102.0,114.96534,117.5157,115.27425359950607
34,101.0,114.8745,117.29714,115.1679407211066
34,100.0,115.84119,114.07185,115.62687511608445
34,99.0,115.17722,114.76794,115.12764815593998
34,98.0,115.56202,112.856735,115.23434033905008
34,97.0,114.63519,111.02026,114.19733260725694
34,96.0,114.97589,112.10524,114.62818192112276
34,95.0,114.38937,112.491844,114.15953447501073
34,94.0,112.55948,112.63372,112.56847131853822
34,93.0,110.42071,112.10196,110.62435020740732
34,92.0,107.46477,109.91276,107.76128162576501
34,91.0,108.51464,109.896996,108.6820792768023
34,90.0,105.0639,109.85239,105.64391137387958
34,89.0,103.37468,112.09469,104.43089537640272
34,88.0,99.16577,111.698,100.68374423756325
34,87.0,94.448395,110.99467,96.45257099733507
34,86.0,95.75679,111.02314,97.60593507644815
34,85.0,94.31031,110.97602,96.32895359913348
34,84.0,92.19052,108.81671,94.20437756218324
34,83.0,94.45703,111.487366,96.5198397683626
34,82.0,92.9003,110.02117,94.97407405809861
34,81.0,92.87784,106.6202,94.54238931871281
34,80.0,91.64093,102.56919,92.96462170468048
34,79.0,94.486435,107.08999,96.0130472367228
34,78.0,94.25065,101.79111,95.16399065401586
34,77.0,95.19269,106.474144,96.55916047656991
34,76.0,92.68782,103.33388,93.97732989005063
34,75.0,91.84073,102.26178,93.10298422867504
34,74.0,88.64731,93.58823,89.2457797237819
34,73.0,88.758484,94.311516,89.43109789606586
34,72.0,85.47549,90.73891,86.1130213760626
34,71.0,84.18153,100.91393,86.20825473419978
34,70.0,85.474,97.94934,86.98508157847465
34,69.0,79.347015,92.56613,80.94818801601396
34,68.0,77.17682,95.61571,79.41023924411093
34,67.0,77.47706,91.9494,79.23002887558667
34,66.0,77.66644,93.419975,79.5745980456818
34,65.0,75.08493,96.936104,77.73166567341457
34,64.0,72.0838,92.42095,74.54714968526972
34,63.0,70.425285,92.45046,73.09309687359284
34,62.0,71.76633,95.67803,74.66264516962647
34,61.0,67.1389,83.15295,69.07861074715197
34,60.0,64.58826,86.405304,67.23085852500826
34,59.0,62.042957,85.238266,64.85250167621496
34,58.0,60.55479,80.22263,62.93706865259929
34,57.0,59.721725,86.74962,62.995493700204136
34,56.0,56.616188,85.065994,60.062186288338054
34,55.0,54.99264,91.00412,59.35455134400797
34,54.0,56.420456,90.46624,60.54427002183798
34,53.0,55.791496,84.3931,59.255880699140874
34,52.0,55.425446,89.07639,59.501434869209554
34,51.0,55.41971,90.063866,59.616000646027956
34,50.0,54.14697,87.5292,58.19040945318558
34,49.0,54.225754,89.637505,58.51502134402482
34,48.0,51.982143,87.37826,56.26951698915629
34,47.0,53.221264,95.587265,58.352868796634006
34,46.0,54.93661,92.26778,59.45836886228056
34,45.0,53.060337,90.54214,57.600340471244635
34,44.0,51.659657,78.94538,54.964654750455686
34,43.0,50.0049,76.8125,53.2519867764925
34,42.0,48.539932,81.166664,52.49186288047224
34,41.0,43.24057,83.627304,48.132435173882484
34,40.0,39.11315,69.24696,42.763125899441
34,39.0,34.76889,58.94875,37.69768896264769
34,38.0,31.651552,56.304337,34.63763410229648
34,37.0,34.701904,61.268963,37.91985370356837
34,36.0,34.7563,53.014183,36.967797658427735
34,35.0,34.77662,45.924026,36.12685475300843
34,34.0,36.952686,53.94119,39.01042790805064
34,33.0,36.04646,44.612946,37.08407951375974
34,32.0,39.7215,50.939877,41.08033230584425
34,31.0,40.217182,56.497173,42.18910493503378
34,30.0,40.942894,52.222054,42.309088311740034
34,29.0,37.639755,46.792583,38.7483965409798
34,28.0,34.937057,40.54696,35.61655985438631
34,27.0,31.18935,36.01534,31.773900640631176
34,26.0,28.496128,31.60937,28.873221114034365
34,25.0,26.156565,32.353992,26.907231516773464
34,24.0,23.40615,35.40407,24.85940551821363
34,23.0,20.53674,26.216581,21.224713297824373
34,22.0,18.849936,26.900494,19.825063755475917
34,21.0,17.840578,24.658386,18.666388796771848
34,20.0,17.109076,24.590496,18.015266672259997
34,19.0,16.236092,21.543156,16.878912631795206
34,18.0,15.97486,20.01798,16.46458534517104
34,17.0,15.27083,21.814608,16.063448756269455
34,16.0,15.0982065,19.414928,15.62107180816016
34,15.0,13.843507,20.195345,14.612876656341498
34,14.0,13.060282,20.526846,13.964673397460585
34,13.0,11.938664,18.886635,12.780241125834873
34,12.0,10.775969,18.637327,11.728179889578083
34,11.0,9.957665,15.424724,10.619865836832005
34,10.0,8.841408,12.163502,9.243798212658962
34,9.0,7.9535728,8.383036,8.00559167842612
34,8.0,7.950064,8.535885,8.02102202990035
34,7.0,7.132576,5.892469,6.982367347237466
35,125.0,112.96791,103.73814,111.84994931726148
35,125.0,114.15602,100.799225,112.53817191167967
35,125.0,114.787544,98.972984,112.87199708354363
35,125.0,112.21229,91.7844,109.73794899264462
35,125.0,108.6431,88.404564,106.1916936128779
35,125.0,104.96331,98.86037,104.22408790317613
35,125.0,104.78081,98.2214,103.9862953825355
35,125.0,105.53114,96.97682,104.49499637337901
35,125.0,103.65393,94.174934,102.50578208854158
35,125.0,99.81267,89.17621,98.52432092731445
35,125.0,99.16531,77.16958,96.50106834454851
35,125.0,99.73149,80.33815,97.38246211286578
35,125.0,103.46291,83.95905,101.10049781368205
35,125.0,107.615524,92.17923,105.74579472487747
35,125.0,107.281906,97.39168,106.08394685356984
35,125.0,105.63116,88.941505,103.60961381453696
35,125.0,101.26844,86.959145,99.535219033878
35,125.0,106.95603,97.10257,105.76252583301587
35,125.0,103.9067,97.79095,103.16592620740988
35,125.0,102.461174,99.45831,102.09745083788091
35,125.0,100.49705,109.058464,101.53405366595372
35,125.0,103.53499,107.48648,104.01361505680813
35,125.0,106.34723,108.94052,106.6613429353907
35,125.0,106.3595,98.24261,105.37633436344913
35,125.0,108.244255,90.89262,106.14252838702211
35,125.0,104.46584,92.595795,103.02807712240538
35,125.0,85.96326,90.90207,86.56147315449176
35,125.0,77.28006,91.24518,78.97159237117634
35,125.0,70.9554,101.47717,74.65236505815264
35,125.0,74.76856,101.94284,78.06006153927297
35,125.0,79.11792,96.20454,81.18754563333854
35,125.0,89.41434,105.684616,91.3850835359796
35,125.0,95.923965,103.50635,96.84238561908339
35,125.0,105.00919,112.48649,105.91488483145778
35,125.0,109.82251,110.78225,109.93875875656103
35,125.0,115.81781,100.17803,113.9234334320788
35,125.0,115.936325,97.466866,113.69920174975002
35,125.0,116.237816,107.1627,115.13858713381684
35,125.0,117.19995,108.58978,116.15703983820634
35,125.0,116.492645,100.668816,114.57597529753816
35,125.0,115.09689,102.34693,113.55254725196234
35,125.0,117.07801,105.14324,115.63240521700072
35,125.0,116.85591,101.10474,114.94804163169346
35,125.0,116.1567,99.40584,114.12774285632156
35,125.0,117.565704,103.46233,115.8574259090582
35,125.0,117.7939,105.28892,116.27922679603435
35,125.0,118.28713,101.387054,116.24010115268499
35,125.0,118.88855,103.143196,116.98138528090657
35,125.0,117.58557,100.32258,115.49458189722642
35,125.0,117.10403,97.52615,114.73264625959621
35,125.0,115.65209,90.363014,112.58893869276098
35,125.0,115.40718,91.54434,112.51678147455291
35,125.0,114.73916,96.29537,112.50514495236959
35,125.0,112.40942,95.02922,110.30423055904066
35,125.0,109.6711,95.27995,107.92796168806596
35,124.0,112.56708,106.345985,111.81354446013664
35,123.0,115.68275,101.505615,113.96553411100672
35,122.0,114.30243,99.034645,112.45311055036633
35,121.0,115.631836,101.545715,113.92564692387272
35,120.0,115.59129,100.70115,113.78771650854465
35,119.0,115.876114,91.37416,112.90830150342315
35,118.0,113.00463,91.56523,110.40777209996037
35,117.0,107.97116,87.43415,105.48360436794862
35,116.0,101.81804,80.689,99.2587729781654
35,115.0,101.7202,85.19057,99.71803885686941
35,114.0,96.42119,83.48197,94.85391871015973
35,113.0,94.527504,84.33133,93.2924867749991
35,112.0,93.4973,89.074524,92.96158813631611
35,111.0,98.2829,91.85663,97.50451255980431
35,110.0,98.00421,85.156265,96.44799696391684
35,109.0,92.37613,86.801155,91.7008573875721
35,108.0,91.873604,80.03744,90.43994173527862
35,107.0,90.162674,84.65399,89.49543181877902
35,106.0,89.09161,89.82362,89.18027886499887
35,105.0,90.30252,88.36744,90.06813295580811
35,104.0,90.93098,93.73087,91.27011582141508
35,103.0,96.090096,97.01321,96.20190783695831
35,102.0,96.39257,96.34318,96.38658777795119
35,101.0,103.27381,101.95547,103.1141261927843
35,100.0,106.65669,98.004135,105.60864679072495
35,99.0,109.53638,106.533775,109.17268519967045
35,98.0,108.660034,104.59346,108.1674681821933
35,97.0,109.74567,106.78565,109.38713315791944
35,96.0,109.15518,98.18529,107.82644746271849
35,95.0,106.17175,103.8409,105.88942669079987
35,94.0,106.0503,105.99636,106.04376710821315
35,93.0,105.79209,83.355965,103.07450332879125
35,92.0,102.36013,77.226395,99.31579291937274
35,91.0,98.41878,80.60992,96.26166952552451
35,90.0,97.709564,83.31901,95.96650025211356
35,89.0,103.0915,86.6024,101.09424842117315
35,88.0,100.15672,82.75163,98.04852199696548
35,87.0,104.182526,74.43698,100.57958039963425
35,86.0,104.131714,71.78517,100.21372134486718
35,85.0,106.27595,73.55356,102.3124303929657
35,84.0,111.29856,78.82069,107.3646608658543
35,83.0,113.17945,98.50207,111.40164494505711
35,82.0,112.31681,97.441986,110.51508940352812
35,81.0,106.85701,92.65258,105.13649062960327
35,80.0,103.39015,89.002014,101.64738096498341
35,79.0,98.685165,84.16188,96.92602462742154
35,78.0,86.70115,85.11917,86.5095310606861
35,77.0,72.14158,70.6426,71.96001419047232
35,76.0,63.363174,69.53548,64.11079790245454
35,75.0,61.295784,75.31821,62.99425757775709
35,74.0,57.397743,70.55741,58.99171515960934
35,73.0,53.383774,70.224014,55.423557083724134
35,72.0,56.19275,77.31859,58.7516277817016
35,71.0,57.54519,83.282684,60.662657024227045
35,70.0,61.643513,86.03575,64.59803588459431
35,69.0,65.47206,76.03886,66.75196998655453
35,68.0,78.21953,83.136,78.81503870936801
35,67.0,80.59292,73.21299,79.69902053494906
35,66.0,83.01936,75.21167,82.07365228718523
35,65.0,83.15344,71.85164,81.78450528099525
35,64.0,83.235565,75.61988,82.31311126051547
35,63.0,78.49595,71.61486,77.66247323677558
35,62.0,69.61363,65.93465,69.16801307247516
35,61.0,65.31917,67.089806,65.53363752176293
35,60.0,66.65906,66.33402,66.61968756463494
35,59.0,67.402466,72.5314,68.0237110736744
35,58.0,62.302933,54.32393,61.33647155481732
35,57.0,58.871017,51.495197,57.97761723069762
35,56.0,56.88144,50.145622,56.065559719571944
35,55.0,52.29935,44.637108,51.37125740439833
35,54.0,52.188896,47.217567,51.58674128439494
35,53.0,51.439674,48.780758,51.117611674578626
35,52.0,45.812393,46.07027,45.843628722624445
35,51.0,44.17735,43.090275,44.0456766276522
35,50.0,44.06022,40.637913,43.64569012952403
35,49.0,43.704567,38.606148,43.087018160440074
35,48.0,42.560974,38.687317,42.091775284335746
35,47.0,44.11485,41.21964,43.764165173652614
35,46.0,43.385117,39.114433,42.867827742860165
35,45.0,45.52027,41.275524,45.006123994424215
35,44.0,46.238876,42.863136,45.82998799447251
35,43.0,49.42841,48.916523,49.36640703420159
35,42.0,45.659386,41.886574,45.20240179063379
35,41.0,38.86798,37.135376,38.658118237164715
35,40.0,36.057983,30.03414,35.32834204863239
35,39.0,35.808914,33.398254,35.516921707396655
35,38.0,34.055878,34.436447,34.10197436797361
35,37.0,33.25956,30.883883,32.97180445045517
35,36.0,31.046814,31.363134,31.0851284475414
35,35.0,32.968086,34.92626,33.20527133359056
35,34.0,31.678787,35.52797,32.14502150869838
35,33.0,28.912199,26.437475,28.612446753261054
35,32.0,26.405062,22.018585,25.873747369824514
35,31.0,25.41743,26.798635,25.58473003611263
35,30.0,21.883144,21.60237,21.84913534569434
35,29.0,20.601936,22.457611,20.826705952148078
35,28.0,20.023285,22.229132,20.290469302920886
35,27.0,19.286232,25.334705,20.018856617258756
35,26.0,18.35004,22.374596,18.83751687235209
35,25.0,19.363846,25.650734,20.12534856573331
35,24.0,19.214594,26.587963,20.10769724088412
35,23.0,18.154362,26.417774,19.15527205182044
35,22.0,16.756607,22.661263,17.471811656801485
35,21.0,16.473543,19.330612,16.81960720432926
35,20.0,16.327991,20.839128,16.874405407407988
35,19.0,16.145823,19.789047,16.587110098731504
35,18.0,15.832501,19.89017,16.323988620698984
35,17.0,15.440686,17.890434,15.737413288492938
35,16.0,15.56415,17.12116,15.752743617803695
35,15.0,15.531652,17.031786,15.713356937761283
35,14.0,13.939137,14.449109,14.000908048261403
35,13.0,13.160322,13.490369,13.200299269634478
35,12.0,10.992964,11.745872,11.084160151652302
35,11.0,9.923539,10.573056,10.002212268481708
36,115.0,118.16655,95.537605,115.42560649453262
36,114.0,118.41638,97.115295,115.83627616625559
36,113.0,118.37224,90.9646,115.05247304478834
36,112.0,117.39748,95.18403,114.70686028708184
36,111.0,116.16913,92.27716,113.275200837003
36,110.0,116.131454,94.82709,113.55095142883121
36,109.0,114.897484,105.23733,113.72739214996176
36,108.0,114.39653,105.85737,113.36221955189815
36,107.0,114.98549,106.36298,113.94108326469117
36,106.0,113.7422,104.32003,112.60093698850278
36,105.0,111.44211,104.01282,110.5422312720538
36,104.0,110.62739,102.14298,109.59970977120844
36,103.0,110.34093,102.30203,109.36721164029562
36,102.0,112.328766,107.869385,111.78862090946723
36,101.0,112.02214,103.171974,110.95015929758192
36,100.0,110.64903,103.26679,109.75485472501506
36,99.0,110.954735,104.98725,110.23192011771617
36,98.0,108.81958,117.46522,109.86678762037792
36,97.0,107.872986,103.77438,107.37654040943133
36,96.0,105.36433,104.21395,105.22498663563167
36,95.0,110.23428,104.43652,109.53202661521286
36,94.0,114.31507,109.07757,113.68067570242206
36,93.0,115.77365,115.5723,115.7492628157231
36,92.0,116.75696,114.045074,116.4284796396246
36,91.0,117.90943,116.19893,117.7022458975301
36,90.0,116.75322,111.02743,116.05967994507346
36,89.0,115.89099,100.50286,114.0270955790331
36,88.0,115.52692,97.4388,113.33598319841127
36,87.0,115.7604,100.315605,113.88963983401278
36,86.0,114.5028,101.66741,112.94810661849249
36,85.0,113.0041,92.86079,110.56422754772261
36,84.0,110.481705,89.14337,107.89708751495563
36,83.0,112.88943,89.255775,110.02678827482787
36,82.0,112.72774,83.90819,109.23695382386848
36,81.0,114.62802,83.77832,110.89133444968166
36,80.0,113.58035,86.260796,110.27125657139422
36,79.0,113.6667,89.091125,110.68997217683606
36,78.0,114.48268,91.38132,111.68451598872824
36,77.0,115.40965,96.4045,113.10764360683059
36,76.0,114.76686,84.09398,111.05159145037827
36,75.0,114.61981,101.463455,113.02624114292561
36,74.0,110.268875,94.100876,108.31051742407035
36,73.0,107.01967,88.08005,104.72559669591757
36,72.0,105.15798,87.14258,102.97585630292441
36,71.0,99.68547,93.07332,98.88457006452737
36,70.0,100.749466,89.492516,99.38596171005732
36,69.0,102.01779,90.977066,100.68047784643497
36,68.0,99.57065,90.657135,98.49099406482911
36,67.0,95.21516,77.23814,93.0376802058874
36,66.0,93.17509,75.56978,91.04263441123314
36,65.0,88.791725,70.22949,86.5433646021631
36,64.0,82.026985,71.13517,80.70770813480561
36,63.0,78.36655,70.83755,77.45459249544612
36,62.0,75.42943,66.298,74.32337848790999
36,61.0,72.16852,66.559784,71.48915709666463
36,60.0,69.64812,66.39927,69.25459859047228
36,59.0,73.93828,70.06819,73.46951184709775
36,58.0,72.5268,70.06443,72.22854593733445
36,57.0,74.746506,74.08063,74.66585086683355
36,56.0,71.51663,73.77303,71.7899398849855
36,55.0,72.20425,59.20676,70.62991895172009
36,54.0,70.075455,50.321285,67.68272019990705
36,53.0,69.92151,55.858448,68.21811291168947
36,52.0,67.79138,54.751396,66.21190648651117
36,51.0,62.684868,53.425,61.563261239669075
36,50.0,62.73726,52.82791,61.53698380568838
36,49.0,60.234833,50.897125,59.10379786566712
36,48.0,63.95369,47.806896,61.9979004536118
36,47.0,63.453735,49.915188,61.81387142599887
36,46.0,66.25827,62.336315,65.7832213196988
36,45.0,65.541016,62.344677,65.15385736849419
36,44.0,68.14899,55.399536,66.60470267349716
36,43.0,70.44751,57.066124,68.8266821379173
36,42.0,66.06202,53.23299,64.5080962283289
36,41.0,64.605934,48.007996,62.595499817329106
36,40.0,60.831867,46.807705,59.13318293872308
36,39.0,57.250122,44.931572,55.75803099357516
36,38.0,55.36191,42.905273,53.85309468548561
36,37.0,50.04933,46.36749,49.60336645446348
36,36.0,48.58313,41.63951,47.74208028515948
36,35.0,45.002792,41.89626,44.62651185436536
36,34.0,44.747307,40.09904,44.18428309786526
36,33.0,45.07341,44.154408,44.96209535293086
36,32.0,40.416073,40.506817,40.42706426402246
36,31.0,38.116154,30.270697,37.16586846486805
36,30.0,38.23153,28.147488,37.01009421728315
36,29.0,35.07769,27.607613,34.1728729258368
36,28.0,32.558853,22.965693,31.39687635466251
36,27.0,30.501396,25.898382,29.943853607811455
36,26.0,31.375847,28.460869,31.02276856504732
36,25.0,30.672562,32.195633,30.857044483128885
36,24.0,30.100538,30.353964,30.131234567086953
36,23.0,28.103712,29.289686,28.247363841860093
36,22.0,27.419355,27.160524,27.388004343988303
36,21.0,26.383402,24.6351,26.17163778515608
36,20.0,24.255596,21.27532,23.89460859766209
36,19.0,23.78365,21.35415,23.489375097531873
37,112.0,108.10954,124.69063,110.11793580335639
37,111.0,109.285446,124.61359,111.14207548612
37,110.0,110.46415,122.78021,111.95593929048877
37,109.0,110.959114,122.435646,112.34921524815203
37,108.0,113.36048,122.6909,114.49063363080802
37,107.0,114.71797,122.21669,115.6262581264868
37,106.0,116.681366,122.843315,117.42773540731842
37,105.0,117.55603,122.583244,118.16495430738567
37,104.0,118.24571,121.53161,118.64371825552881
37,103.0,118.46054,120.19436,118.67055042556576
37,102.0,117.40231,116.76007,117.3245212688542
37,101.0,117.018005,119.097565,117.26989312464053
37,100.0,116.24142,118.52962,116.51857644554119
37,99.0,115.613174,118.387726,115.9492434836512
37,98.0,116.4464,119.3485,116.79792189578819
37,97.0,116.843575,120.19938,117.25004816088429
37,96.0,117.32982,119.797134,117.62867367747393
37,95.0,117.702614,120.07813,117.99034983608178
37,94.0,117.87644,120.090065,118.14456825014206
37,93.0,117.61862,120.02708,117.91034723423799
37,92.0,116.20586,120.70145,116.75038713061208
37,91.0,116.286514,121.5971,116.92976177912116
37,90.0,115.35768,119.68122,115.88137237436634
37,89.0,115.30195,118.852585,115.73202129781227
37,88.0,115.13719,119.29814,115.64118906704863
37,87.0,115.536896,116.82625,115.69306926417704
37,86.0,115.4776,116.90638,115.65066180344395
37,85.0,116.7303,118.74672,116.97454068477768
37,84.0,116.26755,119.03328,116.60254837616644
37,83.0,116.448715,121.502975,117.06091523002038
37,82.0,115.38101,119.83495,115.92049802888351
37,81.0,115.80379,122.44889,116.60867899875248
37,80.0,115.8734,123.01413,116.73832284854501
37,79.0,116.26942,120.663925,116.80170402266113
37,78.0,116.30751,117.890854,116.49929371861289
37,77.0,115.08785,115.87729,115.18347338377976
37,76.0,114.384735,117.69706,114.78594221550925
37,75.0,115.18941,116.685646,115.37064007535025
37,74.0,115.299324,119.32681,115.78715579425351
37,73.0,115.38753,116.28316,115.49601112211795
37,72.0,115.042725,115.15453,115.05626750823558
37,71.0,115.26392,118.56539,115.66381573808961
37,70.0,113.53269,115.80147,113.8074986742883
37,69.0,112.60164,115.936676,113.00559699107453
37,68.0,111.03652,115.23535,111.5451074349937
37,67.0,107.22717,116.17984,108.31156953600899
37,66.0,104.012505,109.71547,104.70327928629523
37,65.0,104.52773,114.5568,105.74250916022368
37,64.0,101.93765,110.549286,102.98074135155457
37,63.0,101.051956,105.96127,101.6465998684274
37,62.0,95.20889,101.73941,95.99990531301277
37,61.0,94.84688,103.999275,95.95546713124159
37,60.0,81.30719,97.83841,83.30954288532601
37,59.0,76.543785,103.08145,79.75817435057007
37,58.0,70.03013,112.72732,75.20184874108416
37,57.0,70.401695,114.48327,75.74109979671461
37,56.0,65.95593,107.15845,70.94660959603489
37,55.0,70.08591,110.16102,74.94002662878698
37,54.0,70.764496,112.91733,75.87028053791256
37,53.0,66.47654,114.12749,72.2482865328718
37,52.0,64.79902,110.044975,70.27945992086228
37,51.0,64.23471,107.997826,69.53554177280635
37,50.0,61.98505,106.33187,67.35658297547755
37,49.0,60.613045,104.586044,65.93929820973167
37,48.0,57.65281,101.2035,62.9279101008501
37,47.0,58.976234,92.879135,63.082741707796984
37,46.0,54.84941,90.024574,59.11002177811602
37,45.0,55.666733,101.4054,61.20685409141286
37,44.0,55.338142,103.038925,61.115925632373624
37,43.0,55.671265,104.904564,61.634674777236576
37,42.0,53.07055,95.53846,58.214497782586854
37,41.0,49.23294,98.6786,55.222072607259456
37,40.0,47.84289,100.25252,54.19103612593214
37,39.0,49.70482,103.316574,56.198571730932215
37,38.0,46.518772,89.65731,51.743951028384565
37,37.0,46.79429,92.2843,52.304291196877365
37,36.0,46.18203,97.36883,52.382058461610356
37,35.0,47.705437,108.34628,55.050592164945556
37,34.0,41.25437,95.13646,47.78086879957797
37,33.0,39.236732,83.930115,44.650242698752166
37,32.0,38.6096,86.20315,44.37439441231024
37,31.0,35.368015,59.221985,38.25734031771181
37,30.0,33.703835,55.257607,36.31454687756386
37,29.0,31.47212,58.502354,34.74617199351207
37,28.0,29.579567,51.080803,32.18391584658632
37,27.0,27.78717,55.585007,31.15419843954764
37,26.0,28.667492,63.200188,32.85028345526847
37,25.0,27.813168,54.18884,31.007935102947727
37,24.0,26.630348,42.22069,28.518737031797002
37,23.0,25.996632,45.119095,28.312850372959613
37,22.0,26.596413,45.697666,28.91006237086284
37,21.0,25.081177,50.11724,28.113683633915386
38,125.0,118.1101,101.999756,116.15872562820206
38,125.0,118.32817,108.4044,117.12614909440644
38,125.0,118.29056,100.87645,116.18126453242404
38,125.0,116.79566,95.821205,114.25511944908297
38,125.0,116.3775,92.549706,113.49134758799536
38,125.0,114.85662,88.143524,111.62098244305177
38,125.0,115.39938,99.3132,113.45093605145149
38,125.0,117.05048,101.2498,115.13661750105126
38,125.0,116.13015,99.94015,114.16912699692077
38,125.0,114.708466,89.14043,111.611522964221
38,125.0,114.434326,82.404015,110.55463727390627
38,125.0,116.845375,92.88551,113.94322378460981
38,125.0,116.8504,96.742874,114.4148674921718
38,125.0,116.7351,94.086586,113.99178625055234
38,125.0,117.445786,103.60838,115.76972264345359
38,125.0,117.61911,110.33641,116.73698916231338
38,125.0,117.14014,98.43364,114.87430208002755
38,125.0,118.072014,106.20104,116.63413595884063
38,125.0,116.884476,95.72233,114.3211990885579
38,125.0,113.12552,84.26648,109.62995197898195
38,125.0,111.73122,91.32335,109.25930239707921
38,124.0,113.50251,101.92323,112.09996384659114
38,123.0,112.56575,101.707695,111.250562295342
38,122.0,109.825035,104.74097,109.20922455957378
38,121.0,103.53538,104.60281,103.66467129449077
38,120.0,98.30479,109.28851,99.6351965238713
38,119.0,90.997055,99.31113,92.00410150134891
38,118.0,91.9563,93.35254,92.12541918531902
38,117.0,95.68602,90.05761,95.00427563627193
38,116.0,99.0262,97.84919,98.8836334154761
38,115.0,101.99606,99.99399,101.75356078633521
38,114.0,106.062874,101.68166,105.53219735842906
38,113.0,108.56515,98.94351,107.39972157858836
38,112.0,112.433105,101.45416,111.10327504683602
38,111.0,113.35147,104.596794,112.29105595973695
38,110.0,112.22998,97.89415,110.49354518561013
38,109.0,112.29181,106.754845,111.62114125794514
38,108.0,110.23581,102.283394,109.27256868096912
38,107.0,111.64894,109.05453,111.33469126371445
38,106.0,113.60318,116.09389,113.90486821876618
38,105.0,113.41733,111.85832,113.2284924636659
38,104.0,112.295,111.89131,112.24610141940512
38,103.0,114.36901,112.93776,114.19564980638818
38,102.0,114.42614,110.54133,113.95558993929986
38,101.0,113.84852,106.62093,112.97307323004698
38,100.0,114.55606,104.507675,113.3389446218499
38,99.0,113.959114,101.7565,112.48106584280663
38,98.0,112.39877,99.80433,110.87326428594332
38,97.0,114.158424,106.12727,113.18564686999088
38,96.0,116.12758,111.3567,115.54970310235309
38,95.0,115.02038,108.8537,114.2734357212449
38,94.0,115.75108,108.44511,114.86614295539574
38,93.0,116.047516,111.73619,115.52530427659713
38,92.0,115.57151,101.9457,113.92107682911043
38,91.0,115.54183,97.82553,113.39593538774754
38,90.0,115.00047,100.95561,113.29928162036815
38,89.0,116.04461,109.114365,115.20517944499295
38,88.0,112.78606,93.34074,110.43073155006354
38,87.0,113.558464,103.689865,112.3631246407076
38,86.0,115.30379,99.43181,113.38128517833042
38,85.0,114.07907,84.94494,110.55018342642568
38,84.0,114.36709,86.413994,110.98125455720621
38,83.0,108.94038,97.15184,107.51248344340729
38,82.0,109.30805,88.75829,106.81895134683711
38,81.0,111.85835,89.494896,109.14956681146863
38,80.0,111.972664,96.57596,110.10772954272593
38,79.0,113.436646,89.902405,110.58604781028416
38,78.0,111.41895,99.65312,109.9938102684908
38,77.0,110.910736,94.7602,108.95449368420971
38,76.0,110.52071,96.41139,108.81171456015146
38,75.0,109.181496,95.1692,107.48424838534848
38,74.0,105.428535,83.510956,102.77375671481246
38,73.0,102.88463,96.151375,102.06905930897778
38,72.0,96.83171,87.64998,95.71956851546696
38,71.0,94.220856,84.55717,93.05033617212801
38,70.0,92.27197,79.56119,90.73237192592538
38,69.0,90.69049,84.33281,89.92041312312627
38,68.0,95.520226,80.37409,93.6856418826915
38,67.0,96.69323,81.16563,94.81244030513741
38,66.0,99.20465,84.56625,97.43156706058977
38,65.0,103.567825,94.42914,102.46089687176135
38,64.0,101.94952,82.064,99.54087269019107
38,63.0,97.989235,74.09211,95.09468264190885
38,62.0,92.16455,68.66153,89.31773456049665
38,61.0,88.00697,65.56879,85.28913571483301
38,60.0,83.404205,62.483486,80.87017184597464
38,59.0,75.173256,64.67955,73.90220010855639
38,58.0,74.64923,70.50804,74.14762711915108
38,57.0,73.188,62.360115,71.87646966227662
38,56.0,67.75078,54.751163,66.17619280100425
38,55.0,70.779015,60.90336,69.58282037184999
38,54.0,64.858536,54.006702,63.54410155529604
38,53.0,67.617935,58.79954,66.54980245039681
38,52.0,60.939877,53.045044,59.98361066582699
38,51.0,55.990074,48.948784,55.13719404547887
38,50.0,54.401123,50.122242,53.8828412514932
39,125.0,120.1876,116.33623,119.72109968399742
39,125.0,120.38838,119.69103,120.30391511498124
39,125.0,120.26209,117.78779,119.96239114950808
39,125.0,120.419044,118.756516,120.2176697669858
39,125.0,120.55054,115.8727,119.9839319775368
39,125.0,120.55091,114.32559,119.79686581365928
39,125.0,120.56446,116.63253,120.0882035306357
39,125.0,120.488396,115.76005,119.91567199658533
40,125.0,107.91632,103.962204,107.43737625188514
40,125.0,110.25815,98.19641,108.79716373678895
40,125.0,112.54809,94.29073,110.3366560590901
40,125.0,114.6414,94.40168,112.18985572542078
40,125.0,112.17526,91.18906,109.63329683756463
40,125.0,112.743835,97.6216,110.91214613380635
40,125.0,111.229416,101.64133,110.06805340395616
40,124.0,111.711426,95.10756,109.70027341850043
40,123.0,111.46631,102.55983,110.38750649884302
40,122.0,110.73114,102.18664,109.69618265705849
40,121.0,109.81203,106.756836,109.44196530243005
40,120.0,110.50413,107.31583,110.11794280062338
40,119.0,111.71981,108.13245,111.28528904790433
40,118.0,110.57735,102.85254,109.64167526619055
40,117.0,113.67109,98.76327,111.86537117251403
40,116.0,114.76368,96.28927,112.52595643055363
40,115.0,116.14184,104.08875,114.68190156306983
40,114.0,115.474976,100.93478,113.71378604610854
40,113.0,116.79006,101.10661,114.89039569243353
40,112.0,116.67625,96.97783,114.29026509819852
40,111.0,117.28969,98.05805,114.96024574242591
40,110.0,115.9453,104.677826,114.58051865490872
40,109.0,117.8098,114.30766,117.38560104013781
40,108.0,115.59473,109.59893,114.86848248884202
40,107.0,114.00742,94.50573,111.64527014991208
40,106.0,112.337204,99.02961,110.7253143877981
40,105.0,111.24364,104.39794,110.41444849767132
40,104.0,110.07126,97.87573,108.5940688154467
40,103.0,109.02768,90.74815,106.81356195181087
40,102.0,104.995605,90.58202,103.24975253414044
40,101.0,109.427444,94.80598,107.65641124989752
40,100.0,108.20793,89.642914,105.95923366021238
40,99.0,112.22128,87.340324,109.20756333186378
40,98.0,113.0121,98.08541,111.20409688457316
40,97.0,113.71558,104.191345,112.56195522641437
40,96.0,110.92595,104.56087,110.15497510602758
40,95.0,108.30434,92.89381,106.43772771560224
40,94.0,108.005165,100.74366,107.12561134523376
40,93.0,108.842255,100.3344,107.81173568123799
40,92.0,100.987434,86.30465,99.2089740703869
40,91.0,99.53961,80.49499,97.2328213445482
40,90.0,91.25185,79.54239,89.8335319225485
40,89.0,85.219894,82.50965,84.89161472562195
40,88.0,88.276505,80.4759,87.33165190289168
40,87.0,87.178116,76.37088,85.86908354507504
40,86.0,90.018906,83.62181,89.2440540643072
40,85.0,89.16344,86.66995,88.86141222482343
40,84.0,91.40265,79.521095,89.96348928274823
40,83.0,94.89212,77.22462,92.7521344155795
40,82.0,99.06754,84.531975,97.30691442749345
40,81.0,99.81357,89.87901,98.61023973528737
40,80.0,98.19052,93.99815,97.68271844189314
40,79.0,103.84636,101.73417,103.59051906141451
40,78.0,109.34412,104.51464,108.75914337812672
40,77.0,108.87528,95.22095,107.22139353743097
40,76.0,111.86897,94.11871,109.71896296195138
40,75.0,111.03829,110.875206,111.01853805834142
40,74.0,108.31285,102.07344,107.55709897651042
40,73.0,106.6399,92.36706,104.91109441417788
40,72.0,107.67865,93.59522,105.97278710115576
40,71.0,100.95018,83.142715,98.79324122637941
40,70.0,102.16097,78.39673,99.28251561607954
40,69.0,96.04381,79.49696,94.03956245286204
40,68.0,93.8686,80.411934,92.23865307192797
40,67.0,101.649414,86.821106,99.85332718458353
40,66.0,99.2289,83.13285,97.27925472113152
40,65.0,96.80698,73.2123,93.94905870941004
40,64.0,90.16029,58.69847,86.34946322925968
40,63.0,97.14852,75.67662,94.54772575279887
40,62.0,92.94757,69.26606,90.07913491992258
40,61.0,91.211334,71.127495,88.77866826436153
40,60.0,85.06912,60.643536,82.11055985095196
40,59.0,83.05369,62.843887,80.60576495379499
40,58.0,75.73065,49.02807,72.49628693980846
40,57.0,71.87972,46.79662,68.84151809079908
40,56.0,65.02691,40.54292,62.06127231406221
40,55.0,63.454357,45.237766,61.247862676664596
40,54.0,63.025116,47.512657,61.14616096404074
40,53.0,57.273,42.64456,55.50112142305461
40,52.0,57.37796,44.996555,55.878255810547344
40,51.0,60.41281,49.23708,59.05914470850807
40,50.0,59.878654,50.91797,58.79328655113257
40,49.0,61.1213,54.953087,60.37417160507793
40,48.0,62.114346,54.266384,61.163756957760185
40,47.0,61.858486,63.3156,62.03498004279654
40,46.0,59.61498,49.337833,58.37015397018363
40,45.0,56.775055,47.594063,55.6630022707901
40,44.0,54.015026,45.93606,53.03645715913818
40,43.0,52.48968,48.907444,52.05578081094454
40,42.0,51.964767,41.821648,50.7361765564112
40,41.0,50.796288,41.370037,49.6545278271031
40,40.0,45.891186,37.225136,44.84150574974278
40,39.0,47.577606,43.806255,47.120799278591356
40,38.0,47.133537,43.277847,46.66651474550866
40,37.0,43.5011,40.10172,43.08934691555085
40,36.0,40.708237,37.332634,40.29936498009708
40,35.0,37.65406,36.19399,37.477208402118514
40,34.0,35.26712,36.203648,35.380557733718724
40,33.0,27.098186,28.18441,27.229755917070577
40,32.0,23.986244,28.231705,24.500477913216724
40,31.0,22.752872,26.068575,23.154488726849355
40,30.0,21.215168,27.689947,21.999429140076092
40,29.0,21.528896,27.81091,22.289808563121976
40,28.0,23.137316,34.214813,24.47908365287919
41,111.0,119.340225,120.157425,119.43920897835878
41,110.0,119.351974,119.92696,119.42162038103571
41,109.0,119.6508,119.608315,119.6456562183262
41,108.0,119.75639,119.38609,119.71154060838671
41,107.0,120.00709,122.332985,120.28881327194387
41,106.0,120.21949,120.45096,120.2475267628718
41,105.0,120.325714,120.148445,120.30424230955222
41,104.0,119.87371,122.548874,120.19774123714015
41,103.0,120.00859,123.02142,120.3735216893202
41,102.0,119.90688,123.40394,120.33046593364797
41,101.0,119.96785,123.88667,120.44251932639196
41,100.0,120.26381,123.51546,120.65766682910206
41,99.0,120.107506,121.9439,120.32994017266554
41,98.0,120.03957,123.04258,120.40331440095976
41,97.0,119.45678,120.53932,119.58790301885645
41,96.0,119.357475,120.007744,119.43623941284534
41,95.0,119.38356,121.72506,119.66717555936133
41,94.0,119.39261,119.33041,119.38507433657945
41,93.0,119.31783,118.85322,119.26155621836983
41,92.0,119.07876,120.33316,119.2306983831757
41,91.0,119.224075,120.09745,119.32986333151216
41,90.0,119.49768,121.27086,119.71245782515322
41,89.0,119.49497,117.62098,119.26798381813194
41,88.0,119.36182,119.17,119.3385823180103
41,87.0,119.16317,117.30265,118.93781343627889
41,86.0,118.96075,117.37373,118.76851892339755
41,85.0,118.95205,118.814514,118.9353902422179
41,84.0,119.15526,123.52873,119.68499760845117
41,83.0,119.205536,123.53731,119.7302241082332
41,82.0,119.02138,121.78488,119.35610849076993
41,81.0,119.0086,121.36415,119.29391592535147
41,80.0,118.98317,119.8732,119.09097491187548
41,79.0,118.9995,121.80386,119.33917694483173
41,78.0,118.258286,121.63139,118.66685505123903
41,77.0,118.540085,122.289345,118.99421598774242
41,76.0,118.318375,121.59686,118.71548329380775
41,75.0,118.35292,121.306465,118.71067022906742
41,74.0,118.231125,119.39818,118.37248483377454
41,73.0,118.7273,118.33746,118.68008306965373
41,72.0,118.91499,121.53317,119.23212167930836
41,71.0,118.81717,119.92802,118.9517211933426
41,70.0,118.4555,121.221214,118.79049666221466
41,69.0,117.59791,121.40257,118.05875008882144
41,68.0,116.78843,122.665276,117.50026546382415
41,67.0,114.866196,122.80194,115.8274171336025
41,66.0,114.25854,122.69624,115.28055901654531
41,65.0,112.79817,119.623825,113.62493293541371
41,64.0,111.24489,119.65593,112.26368024934558
41,63.0,105.330894,115.91899,106.61338342739124
41,62.0,104.85457,114.4217,106.01339242835056
41,61.0,103.77171,115.70481,105.21711621782883
41,60.0,104.1732,118.86882,105.9532171921566
41,59.0,102.45785,119.14915,104.47959031080931
41,58.0,101.465904,119.614174,103.66412326051713
41,57.0,98.70357,120.3363,101.32384443443982
41,56.0,91.76341,115.26321,94.60983779588086
41,55.0,93.66341,117.07843,96.49956385550136
41,54.0,91.31859,113.19769,93.96870669372873
41,53.0,83.19156,110.62688,86.51467663990161
41,52.0,79.28444,106.90146,82.62956560125966
41,51.0,73.803055,107.514915,77.88642225277744
41,50.0,72.46889,107.43841,76.70458951265498
41,49.0,75.68753,112.56112,80.15386397159465
41,48.0,78.4462,109.63603,82.22408317558292
41,47.0,75.50884,113.24957,80.08020893481299
41,46.0,75.268036,112.29579,79.75304292557996
41,45.0,78.5885,111.798706,82.61110511517869
41,44.0,79.14192,113.27637,83.27647522158
41,43.0,76.8571,113.90026,81.34397426463218
41,42.0,71.85184,109.77016,76.44471423934175
41,41.0,67.21886,106.38341,71.96268430939912
41,40.0,61.70413,107.568855,67.2595182515071
41,39.0,54.881767,101.30064,60.50427800977431
41,38.0,54.21537,101.850235,59.98516906578791
41,37.0,49.851006,99.48854,55.863378968786726
41,36.0,47.279995,88.87045,52.3176617825949
41,35.0,43.429466,86.083405,48.595947704204484
41,34.0,44.56985,95.99254,50.79845189510928
41,33.0,42.174316,84.70082,47.32536237741869
41,32.0,44.25244,85.24567,49.217768074517814
41,31.0,40.45327,86.97051,46.08769622844356
41,30.0,40.359756,83.31676,45.56294652899539
41,29.0,36.86793,79.01727,41.97329327185929
41,28.0,33.843918,71.14107,38.361555368662316
41,27.0,34.802658,68.20969,38.84910252706122
41,26.0,32.789078,75.1958,37.92561513138312
41,25.0,33.886826,86.93621,40.3124611586191
41,24.0,31.873222,95.354675,39.56244783850236
41,23.0,31.205872,92.034676,38.573793526706744
41,22.0,29.689177,81.96033,36.020548081992594
41,21.0,28.57022,81.09403,34.93219614062822
41,20.0,27.068834,66.98295,31.90345305472426
41,19.0,26.140102,61.123737,30.377514181961974
41,18.0,24.857605,58.805256,28.96953264617577
42,125.0,118.46557,124.58435,119.20670934282779
42,125.0,118.97159,125.05287,119.70818691205598
42,125.0,119.45904,123.44352,119.9416603056022
42,125.0,119.71847,126.0082,120.4803151476708
42,125.0,119.85711,124.80819,120.45681136458919
42,125.0,119.55935,123.69667,120.06048437185738
42,125.0,119.412,123.72785,119.93476215595348
42,125.0,118.58609,123.0591,119.12788551616619
42,125.0,118.75755,124.20127,119.41692639653323
42,125.0,118.97857,126.094604,119.84050269333116
42,125.0,119.32486,125.006805,120.01308839218937
42,125.0,119.87908,125.88098,120.60606509137929
42,124.0,120.18643,125.51672,120.83206636956585
42,123.0,120.54896,126.001045,121.20934487432544
42,122.0,120.440056,127.07355,121.2435411121165
42,121.0,120.64131,126.53205,121.3548306616898
42,120.0,120.55375,124.81257,121.06960092062184
42,119.0,120.33975,123.456566,120.7172779456668
42,118.0,120.37617,125.99396,121.0566251910863
42,117.0,120.17592,124.80682,120.73683948228799
42,116.0,120.31511,125.43152,120.93483711018588
42,115.0,120.45765,124.80909,120.98471981785119
42,114.0,120.39594,121.40017,120.51758019091722
42,113.0,120.571785,123.52854,120.92992372221468
42,112.0,120.49654,125.78933,121.13762871662607
42,111.0,120.21664,125.25393,120.82678144699531
42,110.0,119.54086,124.761284,120.17318934814696
42,109.0,119.614815,123.38459,120.07143085122486
42,108.0,118.864975,121.77915,119.21795624130289
42,107.0,118.692764,124.18134,119.35757137178015
42,106.0,117.78847,122.14039,118.31559621333793
42,105.0,118.3313,126.27157,119.29306828294997
42,104.0,118.15224,123.32581,118.77888918612254
42,103.0,118.65169,124.9114,119.40989866654952
42,102.0,118.70002,122.08469,119.1099893987606
42,101.0,119.00369,124.73755,119.69820907546058
42,100.0,119.027695,122.63154,119.46421222753115
42,99.0,119.13687,123.498405,119.66516452834618
42,98.0,118.73789,123.32969,119.29407604283645
42,97.0,118.87337,123.57202,119.44249435003972
42,96.0,118.71098,120.99424,118.98754396452186
42,95.0,118.47208,119.19894,118.56011773415598
42,94.0,118.01307,120.0885,118.26445696040244
42,93.0,117.77988,119.211754,117.95331360528299
42,92.0,117.3623,122.236244,117.95265655468002
42,91.0,117.04372,120.470924,117.45883885577926
42,90.0,115.03871,119.81865,115.61768410483141
42,89.0,113.043396,120.66895,113.96704572536436
42,88.0,111.2498,119.25922,112.21994634081442
42,87.0,104.21506,117.78816,105.85910707550501
42,86.0,100.51376,116.35925,102.43305695510077
42,85.0,95.7854,113.543724,97.93638699608267
42,84.0,92.11235,120.34524,95.53207427775037
42,83.0,88.79433,119.89577,92.56150565676452
42,82.0,91.38617,119.64522,94.80906203629938
42,81.0,93.620575,119.23234,96.72281366365975
42,80.0,93.48663,116.88258,96.32048049781505
42,79.0,97.06468,120.86382,99.9473658859636
42,78.0,99.76051,118.3192,102.00844414892248
42,77.0,102.994385,120.0638,105.06192659875825
42,76.0,107.72508,121.19706,109.35688296144093
42,75.0,109.45735,121.57458,110.92505722632754
42,74.0,111.89598,118.47765,112.69318951382546
42,73.0,113.15094,117.07835,113.62664916523164
42,72.0,114.84327,116.40919,115.03294201312835
42,71.0,115.9858,116.85365,116.09092065196606
42,70.0,114.95247,111.75469,114.56513641997014
42,69.0,115.243805,115.979195,115.33287940985782
42,68.0,112.864624,111.84126,112.74066884119485
42,67.0,109.29407,113.70361,109.82817602618718
42,66.0,100.75325,111.32615,102.0338982430454
42,65.0,91.903076,104.64466,93.44640755267386
42,64.0,84.78868,107.833984,87.58005592218049
42,63.0,78.17122,107.30916,81.70056762373137
42,62.0,73.48546,108.78706,77.76138449198181
42,61.0,74.95262,114.81359,79.78080305888702
42,60.0,73.77245,115.63331,78.84287213223979
42,59.0,74.54147,111.05876,78.9646497686735
42,58.0,73.37895,95.95822,76.11387830455878
42,57.0,73.27916,105.30618,77.15845015049227
42,56.0,71.81958,105.9116,75.94899430157268
42,55.0,72.78578,110.51636,77.35591833042494
42,54.0,71.800835,112.93466,76.78319183123538
42,53.0,67.74338,110.287285,72.89653156202439
42,52.0,63.747486,109.08966,69.23958164626045
42,51.0,60.19377,112.95664,66.58470276125566
42,50.0,59.084618,110.39192,65.29924274169308
42,49.0,54.14745,106.54827,60.49452749802415
42,48.0,55.182167,106.271164,61.37034956618146
42,47.0,52.0745,98.26564,57.66942787895432
42,46.0,54.742416,105.89702,60.93854535588667
42,45.0,53.489952,101.70749,59.330327452059436
42,44.0,51.794807,97.15336,57.28888657774119
42,43.0,52.478725,97.44091,57.92479451538784
42,42.0,51.014244,101.06558,57.07673961962263
42,41.0,49.34515,89.93809,54.2619916056601
42,40.0,49.812645,88.935646,54.55143972848405
42,39.0,49.58931,91.227036,54.63270186212773
42,38.0,49.011143,95.28298,54.61584439381626
42,37.0,47.718803,91.96821,53.07853662307802
42,36.0,43.540104,83.809166,48.41771593697753
42,35.0,46.532913,79.77636,50.55954371375711
42,34.0,44.52752,66.45353,47.1833191192751
42,33.0,43.130104,78.106674,47.36666013034724
42,32.0,37.28624,83.58281,42.89393680446947
42,31.0,34.367554,93.79761,41.56605126472909
42,30.0,33.236046,73.60883,38.126221661511806
42,29.0,33.760536,68.034256,37.91195912962996
42,28.0,32.744156,67.35529,36.936448710053
42,27.0,30.07968,60.555344,33.77106087035276
42,26.0,28.94885,64.673706,33.27604315997008
42,25.0,27.27861,56.375843,30.803028367924284
42,24.0,25.94319,58.460793,29.88190194684558
42,23.0,24.50756,50.87155,27.700913441517045
42,22.0,22.029528,45.315086,24.850003616637117
42,21.0,21.892973,44.10173,24.583020755949118
42,20.0,21.533333,45.923527,24.48760832076949
42,19.0,20.406261,44.61998,23.33916124629248
42,18.0,18.186535,34.541348,20.167520448680825
42,17.0,17.236908,33.08979,19.157096953358344
42,16.0,16.495193,29.834242,18.110892966437067
42,15.0,14.498223,25.560513,15.83814910064682
42,14.0,13.533935,20.794603,14.413387042006043
42,13.0,12.239283,19.96477,13.175036389795228
42,12.0,10.213925,20.132244,11.415287110284662
42,11.0,9.627154,15.923418,10.389792712097321
42,10.0,8.446421,13.612399,9.072152614615316
43,125.0,98.96675,110.92684,100.41542357693507
43,125.0,101.711624,112.67996,103.0401700481849
43,125.0,102.37304,114.83709,103.88275411109545
43,125.0,104.9796,116.548546,106.38089397212033
43,125.0,108.60911,116.376755,109.54996841000684
43,125.0,110.79032,116.94205,111.5354524771103
43,125.0,112.36803,119.408005,113.22074789793027
43,125.0,113.8796,120.515976,114.68343510515415
43,125.0,115.490074,118.398926,115.84241039146968
43,125.0,117.01625,117.80438,117.11171349251438
43,125.0,117.47784,114.05265,117.06295907412961
43,125.0,117.67744,114.92622,117.34419464987428
43,125.0,118.26728,116.69729,118.077114436455
43,125.0,118.708626,116.87856,118.48695843421518
43,125.0,118.5573,117.207405,118.39379039168094
43,125.0,118.04758,113.41309,117.4862225913823
43,125.0,117.25876,106.16478,115.91499432368889
43,125.0,118.14645,105.769966,116.64733834944433
43,125.0,118.17983,108.38236,116.99310856894328
43,125.0,118.60211,111.769844,117.77454967074027
43,125.0,118.35095,110.80736,117.43723018187308
43,125.0,117.35379,101.97051,115.49048238815817
43,125.0,117.49938,105.77926,116.07977571596157
43,125.0,116.84718,104.4614,115.34694885330875
43,125.0,116.192154,100.828445,114.33121638946267
43,125.0,114.62885,101.133766,112.99425313725938
43,125.0,113.57089,103.19823,112.31449759960744
43,125.0,111.06021,104.794205,110.3012377426503
43,125.0,112.59447,111.14503,112.41890295507272
43,125.0,114.85881,110.43943,114.32351059776357
43,125.0,116.381226,110.007706,115.60922952458326
43,125.0,117.82763,113.569664,117.31188075403688
43,125.0,117.94977,109.42202,116.91683994231732
43,125.0,118.35513,107.170204,117.00035246575108
43,125.0,118.678665,105.98732,117.14141907470425
43,125.0,118.50947,105.29147,116.90843128829884
43,125.0,118.51234,102.94684,116.62695728378746
43,125.0,117.83873,108.72287,116.73456636353718
43,125.0,117.15213,109.89015,116.27251907698658
43,125.0,115.78525,108.854126,114.94571190472882
43,125.0,114.65086,109.69048,114.05003485704867
43,125.0,113.23718,107.175026,112.50290059509626
43,125.0,111.88437,110.569214,111.72507002882227
43,125.0,106.95391,114.59992,107.88003810803971
43,125.0,98.56928,114.0122,100.43981423029008
43,125.0,97.92982,114.513725,99.93855207877051
43,125.0,101.699326,117.815796,103.65144178979261
43,125.0,101.86928,116.69832,103.66545354701566
43,125.0,106.51652,117.48504,107.84508572058667
43,125.0,109.20964,117.54957,110.21981877480775
43,125.0,113.2165,117.29999,113.71111408808453
43,125.0,116.2058,120.077736,116.67479290434815
43,125.0,117.451904,117.69555,117.48141589531326
43,125.0,117.35031,118.03827,117.43364053730144
43,125.0,117.74722,113.96361,117.28893046365667
43,125.0,117.89297,116.33142,117.7038240767795
43,125.0,117.53201,118.65001,117.66743083868428
43,125.0,117.84003,119.42835,118.03241364491204
43,125.0,118.0365,122.2717,118.54948980091234
43,125.0,117.943825,118.03367,117.95470714111192
43,125.0,117.24985,111.60366,116.56594996399815
43,125.0,115.07292,113.59925,114.89442255707745
43,125.0,112.844025,111.8683,112.7258396472662
43,125.0,110.60568,115.95852,111.25404761636862
43,125.0,104.95706,110.2769,105.60143021543267
43,125.0,102.12351,107.19649,102.73797914113881
43,125.0,102.175964,112.71239,103.45219428473776
43,125.0,102.8723,114.62214,104.29550492362421
43,125.0,102.58234,115.41875,104.13715362643259
43,125.0,105.92158,114.11646,106.91418738361222
43,125.0,107.256516,117.793,108.53275282511517
43,125.0,109.8443,115.33941,110.50989744802224
43,125.0,111.36012,112.178085,111.45919885075216
43,125.0,114.758736,113.05429,114.55228384370862
43,125.0,113.57722,116.58345,113.94134873403534
43,125.0,109.826775,112.69901,110.17467600515468
43,125.0,95.7388,105.937584,96.97413328829329
43,124.0,88.99589,110.69188,91.62382651971245
43,123.0,82.48897,108.13064,85.59482913706655
43,122.0,76.104996,113.66772,80.65480075320221
43,121.0,72.60942,115.38112,77.7901659412296
43,120.0,70.42801,115.0759,75.83600875393046
43,119.0,69.90109,108.21282,74.54162157766486
43,118.0,72.54686,115.62544,77.76477649009028
43,117.0,75.51757,118.375916,80.70881082951323
43,116.0,77.956474,119.20209,82.95237160618979
43,115.0,78.04486,118.14847,82.90243205408632
43,114.0,77.436424,117.415306,82.27888804480486
43,113.0,77.82505,113.53501,82.15043877961251
43,112.0,78.88014,111.698975,82.85534112188813
43,111.0,85.89172,114.08356,89.30647478625427
43,110.0,86.87335,109.85554,89.65708174294258
43,109.0,88.93396,110.35928,91.52911391209642
43,108.0,97.680466,113.35408,99.57894077282582
43,107.0,101.655266,109.47712,102.60269208086184
43,106.0,108.266754,114.81469,109.05987639467571
43,105.0,110.31243,113.64406,110.71597645337062
43,104.0,107.02403,111.08534,107.51596095122198
43,103.0,103.8729,108.70519,104.45821574758689
43,102.0,94.46472,104.0409,95.62464162645958
43,101.0,92.51398,103.45114,93.83874702137072
43,100.0,97.5008,99.20411,97.70711520638615
43,99.0,100.57179,98.576454,100.3301061496079
43,98.0,106.72508,101.215416,106.05772105526654
43,97.0,105.91962,105.62728,105.8842074016656
43,96.0,109.17204,95.7524,107.54658170857368
43,95.0,111.27069,101.665955,110.10731201040271
43,94.0,115.537506,99.86424,113.63907353820169
43,93.0,116.42502,107.62108,115.35863631531143
43,92.0,114.686935,108.97746,113.99537244642744
43,91.0,113.68524,109.4894,113.17701842875321
43,90.0,110.40046,102.62549,109.45871170075878
43,89.0,109.93306,103.22518,109.12056431048505
43,88.0,105.9944,105.70219,105.95900551269386
43,87.0,104.379524,101.997025,104.09094266062024
43,86.0,97.10875,108.54071,98.4934518858404
43,85.0,94.20688,104.66458,95.47357357735972
43,84.0,92.63361,102.084694,93.77838082677569
43,83.0,83.949036,99.20682,85.79714277919695
43,82.0,80.197235,92.52136,81.69000171190174
43,81.0,76.16773,96.0739,78.57887742307608
43,80.0,73.367714,95.189224,76.01085622431036
43,79.0,76.73749,97.15757,79.21088133396239
43,78.0,75.716194,96.03578,78.17741525685592
43,77.0,77.09661,96.91018,79.49654022885449
43,76.0,80.55931,100.03251,82.91801259617529
43,75.0,76.399345,87.61377,77.75769861572344
43,74.0,78.78962,94.29969,80.66828520069998
43,73.0,80.64412,98.51521,82.808765205448
43,72.0,78.58118,100.380516,81.22163357699206
43,71.0,78.27176,101.18443,81.04706911761838
43,70.0,81.18884,106.86842,84.29929594023939
43,69.0,76.62538,108.60095,80.4984398457352
43,68.0,77.112724,111.09635,81.2290096321087
43,67.0,75.0001,115.18764,79.86783658063386
43,66.0,72.103065,111.48325,76.87301216249092
43,65.0,65.483955,110.76295,70.96839786033979
43,64.0,59.57764,105.650475,65.15823759239646
43,63.0,62.682026,104.96002,67.80297115912295
43,62.0,59.931152,98.13245,64.558304833878
43,61.0,58.588432,93.26318,62.78843040546771
43,60.0,60.556946,101.438835,65.50878686529113
43,59.0,57.690247,92.9545,61.96164823510928
44,125.0,118.68246,121.06428,118.97095629435587
44,125.0,118.741356,119.16871,118.79311924889795
44,125.0,118.25798,112.80558,117.59755540836436
44,125.0,118.14967,107.764885,116.89181030950304
44,125.0,117.45909,112.856255,116.90157010079915
44,125.0,118.33652,115.92305,118.04418478265305
44,125.0,118.73271,113.85898,118.14237817062526
44,125.0,119.01283,115.06074,118.53413298306357
44,125.0,119.1326,113.31807,118.4283108410999
44,124.0,118.579636,108.792046,117.39410845891814
44,123.0,119.235275,116.001976,118.84364013906831
44,122.0,119.22344,113.772,118.5631335777558
44,121.0,119.51388,111.51889,118.54548066421097
44,120.0,119.66025,110.123245,118.5050731842222
44,119.0,119.58869,117.778625,119.36944645644279
44,118.0,119.795456,117.50873,119.5184747723382
44,117.0,119.55313,113.54976,118.82596938410066
44,116.0,119.61553,116.77049,119.27092498180244
44,115.0,119.44975,113.71771,118.75545629837472
44,114.0,119.09136,105.77568,117.47849284638521
44,113.0,118.65219,112.02267,117.84918643673146
44,112.0,117.53959,111.26098,116.77908885198104
44,111.0,116.52224,111.452995,115.90822470400546
44,110.0,115.97037,110.737526,115.33653666210114
44,109.0,113.088615,111.06417,112.84340346750713
45,125.0,114.2166,103.19191,112.88122709793308
45,125.0,113.47318,95.93581,111.34895843039052
45,125.0,112.83785,96.24651,110.82821751138349
45,125.0,113.90595,89.07682,110.89851033669126
45,125.0,111.84413,88.20542,108.9808798715433
45,125.0,112.7027,86.971054,109.58593842935446
45,125.0,113.07619,95.2005,110.91098487407191
45,125.0,110.372955,94.186874,108.41240747276107
45,125.0,107.411446,93.64992,105.74457305795664
45,125.0,108.32849,94.550026,106.65956711689762
45,125.0,111.57512,101.33824,110.33517167509694
45,125.0,109.38734,91.56712,107.22885370819759
45,125.0,104.639084,91.616776,103.06174968631132
45,125.0,104.07501,99.50841,103.52187974134716
45,125.0,103.33074,93.73759,102.16876578065857
45,125.0,103.57809,94.19018,102.44097128122507
45,125.0,95.71851,88.45371,94.83856051641621
45,125.0,86.69505,92.6429,87.41548911424125
45,125.0,82.363686,98.73504,84.34667465536286
45,125.0,82.58574,103.25719,85.0895794791077
45,125.0,87.61679,100.84521,89.21908990228624
45,125.0,94.93202,100.36558,95.5901644700814
45,125.0,96.95008,103.513336,97.74505873790139
45,125.0,99.634735,103.109314,100.05559535983326
45,125.0,98.799164,96.92808,98.57252749513435
45,125.0,101.13453,100.14454,101.01461600860748
45,125.0,105.52636,95.95915,104.36752637005462
45,125.0,103.612,99.87239,103.1590373677605
45,125.0,103.60876,93.800575,102.42073567264947
45,125.0,99.07364,96.50742,98.76280466710068
45,125.0,101.46868,100.16182,101.31038698031261
45,125.0,100.64957,97.989586,100.32737503354687
45,125.0,103.51331,99.58234,103.03717158401805
45,125.0,105.84827,99.90555,105.12845159289074
45,125.0,107.0298,99.22921,106.08494964955831
45,125.0,107.48851,103.58921,107.01620534604548
45,125.0,105.57372,95.53576,104.3578690106772
45,125.0,105.127556,94.79512,103.87603396886009
45,125.0,106.65208,99.77396,105.81896064702649
45,125.0,109.82899,102.96415,108.99747993086415
45,125.0,113.57881,108.31953,112.9417778949072
45,125.0,113.97679,109.67866,113.45617758336476
45,125.0,115.02203,110.481674,114.47208017980475
45,125.0,116.81957,111.00086,116.11477799809897
45,125.0,117.93128,109.87334,116.95525904567567
45,125.0,118.25794,112.330444,117.53997079958027
45,125.0,117.406105,113.68425,116.95529331212421
45,125.0,117.65873,103.413826,115.93330786739568
45,125.0,117.25296,103.66709,115.60736445896296
45,125.0,117.21388,111.50097,116.52190269224575
45,125.0,117.57063,106.05225,116.17546299276975
45,125.0,114.58146,103.414406,113.22884365493209
45,125.0,114.12984,107.17307,113.28719518909482
45,125.0,113.38763,105.705734,112.45715325677571
45,125.0,113.70226,104.90961,112.63724764861513
45,125.0,114.31774,104.89243,113.17609581267298
45,125.0,113.299866,100.565834,111.75744921527067
45,125.0,113.318924,97.110054,111.35561577050335
45,125.0,113.284966,96.25722,111.22247027160957
45,125.0,113.25604,96.17118,111.18662931535373
45,125.0,112.4738,86.26158,109.29883135856316
45,125.0,105.9507,83.36779,103.21533177170286
45,125.0,106.00688,91.34489,104.23093960922004
45,125.0,103.35675,81.10193,100.66112310582115
45,125.0,104.7957,83.65625,102.235172694605
45,125.0,105.837555,97.611015,104.84111085033683
45,125.0,106.856346,98.12596,105.79887352359795
45,125.0,110.22683,103.59969,109.4241140512876
45,125.0,109.21979,100.703285,108.18822161842714
45,125.0,110.59923,98.937675,109.18671602966067
45,125.0,111.66272,95.94479,109.7588773946208
45,125.0,112.13087,93.10586,109.82645243106738
45,125.0,111.660866,89.74667,109.00649734394224
45,125.0,109.296,93.242836,107.35154969396942
45,125.0,106.11492,86.47691,103.73625716403365
45,125.0,99.05075,92.413246,98.24677938321534
45,125.0,95.2112,86.5987,94.16800371080494
45,125.0,94.11766,90.39363,93.66658542043194
45,125.0,93.28433,94.57538,93.44071094104662
45,125.0,87.05701,84.88958,86.79447605501592
45,125.0,85.54343,90.15753,86.10231251659962
45,125.0,89.79947,100.18939,91.05795407564975
45,125.0,89.686226,96.23182,90.4790644322288
45,125.0,96.3183,100.674774,96.84597884234677
45,125.0,100.53914,91.38877,99.4307955289342
45,125.0,106.01062,100.3792,105.32851175486228
45,125.0,109.88212,101.624664,108.88192963160122
45,125.0,111.03291,96.41265,109.26202600999783
45,125.0,112.650375,95.08607,110.52288899398592
45,125.0,115.429924,98.76013,113.4107863745775
45,125.0,115.42053,98.37268,113.35560194117268
45,125.0,115.69735,101.26058,113.9486882295858
45,125.0,114.47858,97.9506,112.476616464924
45,125.0,115.74511,104.68594,114.40556207160472
45,125.0,115.29032,109.96739,114.64557863584676
45,125.0,115.687,101.69603,113.99233300311218
45,125.0,115.89439,102.255875,114.24241415493236
45,125.0,116.32745,104.139404,114.8511695160738
45,125.0,114.190704,97.62714,112.18443315605363
45,125.0,111.46295,88.874054,108.72685914939132
45,125.0,112.082855,83.696655,108.6445613286652
45,125.0,110.184555,87.08128,107.38615873938538
45,125.0,109.30232,81.561,105.94213927484164
45,125.0,114.532715,94.092514,112.05688441266453
45,125.0,115.732376,100.255905,113.85778014425097
45,125.0,115.6101,93.88216,112.97829083734301
45,125.0,115.04285,97.8563,112.96111691573154
45,125.0,116.296234,96.27729,113.87142868514324
45,125.0,114.28043,92.47399,111.63911648495124
45,125.0,114.26923,92.14138,111.5889854356423
45,125.0,113.66481,92.91973,111.15205120769065
45,125.0,110.59987,93.24216,108.49740650032932
45,124.0,108.74189,102.82833,108.02560691078561
45,123.0,110.19261,111.339,110.33146822384074
45,122.0,104.74329,100.549286,104.23529227923562
45,121.0,106.8537,97.37874,105.70603901154949
45,120.0,108.91156,102.41974,108.12523467688929
45,119.0,108.03819,98.72874,106.91057984723027
45,118.0,104.97084,91.92583,103.39075611318091
45,117.0,103.818634,74.42329,100.25810658043953
45,116.0,97.5101,69.82804,94.15709672739919
45,115.0,96.989716,62.63422,92.82838751849006
45,114.0,88.3145,58.610786,84.71662058636223
46,125.0,117.40305,100.98917,115.41491229757285
46,125.0,117.05982,101.172325,115.13544038039184
46,125.0,116.29466,101.87324,114.54785955120984
46,125.0,115.53488,99.68893,113.61553169344238
46,125.0,117.234116,97.70679,114.86885732470122
46,125.0,117.07855,100.85036,115.1129032842241
46,125.0,117.16325,97.43777,114.77399348085684
46,125.0,115.41205,90.00162,112.3341960864505
46,125.0,116.05154,93.22312,113.28643239683176
46,125.0,113.41266,86.79883,110.18904400040958
46,125.0,108.74837,95.193924,107.1065779913232
46,125.0,108.321625,87.79663,105.83552371556638
46,125.0,105.87938,95.70416,104.64690062286819
46,125.0,101.73981,94.13638,100.81883825597097
46,125.0,105.45145,91.08522,103.71132957766062
46,125.0,107.19594,95.0018,105.7189165697261
46,125.0,107.68371,97.67728,106.47167372771162
46,125.0,106.455414,91.983154,104.70245351867736
46,125.0,105.68927,94.919586,104.38478621173861
46,125.0,108.948555,99.64947,107.82219796256814
46,125.0,107.32893,102.026184,106.68663528457768
46,125.0,109.44704,106.92135,109.14111139078597
46,125.0,109.487885,106.631775,109.14193669167514
46,125.0,110.281876,106.46901,109.82004011839882
46,125.0,110.6545,102.769844,109.69946928484713
46,125.0,109.425934,93.83568,107.53755563897744
46,125.0,104.01307,86.40968,101.88084946583636
46,125.0,108.35973,94.34519,106.66221461070722
46,125.0,109.43616,85.926155,106.58849544098776
46,125.0,113.01296,91.39724,110.39474618721792
46,125.0,115.668106,98.717094,113.61490557980777
46,125.0,114.21434,94.58925,111.83724033011858
46,125.0,115.31717,85.84056,111.74679899252274
46,125.0,115.05354,91.47659,112.19777219999128
46,125.0,117.449524,90.490715,114.18412354677507
46,125.0,116.94334,94.71634,114.2510793501526
46,125.0,116.84323,96.79647,114.41505643377401
46,125.0,116.50959,100.32712,114.54947940560758
46,125.0,116.75198,106.78557,115.54479616023316
46,124.0,116.697586,105.51024,115.34251252436559
46,123.0,116.73518,104.74759,115.28317980453323
46,122.0,116.23325,110.046844,115.48392132720652
46,121.0,115.48315,111.37802,114.98591111912017
46,120.0,112.48403,104.10747,111.46941580725621
46,119.0,113.04573,105.40935,112.12076954299062
46,118.0,112.44966,109.148674,112.04982738102993
46,117.0,111.39203,106.25045,110.76925229740775
46,116.0,104.140945,102.632034,103.95817775357054
46,115.0,95.37714,101.966545,96.175281961496
46,114.0,91.320946,98.95177,92.24523310806234
46,113.0,82.569534,96.31527,84.23449394434003
46,112.0,84.94046,89.10906,85.44538438656839
46,111.0,93.06693,96.452835,93.47705194711601
46,110.0,96.89375,98.06883,97.03608517611863
46,109.0,98.54866,98.694336,98.56630532170783
46,108.0,100.1387,100.075745,100.13107659923813
46,107.0,104.270615,99.50066,103.69285173300115
46,106.0,101.853836,94.91108,101.01289088686245
46,105.0,99.6925,95.794235,99.22031814720752
46,104.0,86.79796,78.95288,85.84771909654977
46,103.0,82.33933,83.976395,82.5376226138119
46,102.0,77.34148,83.50598,78.08815545932846
46,101.0,75.267235,77.60234,75.55007577294302
46,100.0,73.20172,72.48441,73.11483686469361
46,99.0,71.58349,89.05096,73.69924505048444
46,98.0,69.35315,81.57473,70.83349499475628
46,97.0,69.905174,79.12435,71.02185210958886
46,96.0,70.60098,73.747536,70.98211061296736
46,95.0,74.36264,75.806435,74.53752074409898
46,94.0,78.41193,81.383575,78.77186889022036
46,93.0,78.4299,82.160614,78.88178574942944
46,92.0,79.06058,80.25425,79.20516158411895
46,91.0,82.38703,83.411476,82.5111179616858
46,90.0,83.00635,89.088646,83.7430693407767
46,89.0,83.321266,84.9564,83.51932240657851
46,88.0,83.52872,73.138245,82.27016542325823
46,87.0,84.32638,83.98557,84.28509767130656
46,86.0,86.51764,84.0887,86.22343250449948
46,85.0,81.03436,70.74648,79.7882377436848
46,84.0,82.569275,76.24633,81.8034047964004
46,83.0,87.95657,78.592094,86.82229587033622
46,82.0,82.528,73.94374,81.48822683730305
46,81.0,81.51492,72.68256,80.44509877373581
46,80.0,83.74671,72.66171,82.40403519255986
46,79.0,78.19388,69.241936,77.10956928026471
46,78.0,77.3218,63.87761,75.69336529317707
46,77.0,81.89424,74.032005,80.9419237218912
46,76.0,80.78242,70.376076,79.5219435213234
46,75.0,83.234985,77.4436,82.53350107928097
46,74.0,80.58053,74.96355,79.90016832169755
46,73.0,84.01548,75.05788,82.9304854549378
46,72.0,83.61528,73.13088,82.34535175927526
46,71.0,90.05475,69.33914,87.54555941672385
46,70.0,87.3491,68.6105,85.07937489278014
46,69.0,94.96969,67.67832,91.66400680701355
46,68.0,91.907326,63.8329,88.50679579013392
46,67.0,86.6218,56.15579,82.93159067636275
46,66.0,79.37957,56.571724,76.61695725694815
46,65.0,68.89411,50.27149,66.63843624798155
46,64.0,62.779747,50.248264,61.26186435725857
46,63.0,54.38811,42.39157,52.93502367889457
46,62.0,50.08412,46.930607,49.70215050261481
46,61.0,46.972816,39.61416,46.08149503762832
46,60.0,45.928,43.52781,45.63727681180974
46,59.0,46.27197,43.770267,45.9689489053478
46,58.0,48.478996,39.8263,47.43093392863555
46,57.0,45.054863,37.697876,44.16374392750578
46,56.0,46.478256,37.56224,45.39829898748036
46,55.0,44.599617,36.194126,43.581497354054605
46,54.0,45.359398,39.258907,44.6204726524912
46,53.0,44.650497,36.0641,43.610465181763026
46,52.0,44.676632,39.870342,44.094467478823944
46,51.0,44.42051,45.356663,44.53390142915612
46,50.0,43.713585,45.914482,43.98016977139377
46,49.0,43.967686,46.265892,44.246057190095726
46,48.0,41.767242,42.3918,41.84289229766078
46,47.0,41.408424,45.47763,41.901309194458406
47,125.0,117.81037,114.34795,117.39098418512125
47,125.0,118.12987,113.50528,117.56971181737926
47,125.0,117.47394,104.75813,115.93372919057687
47,125.0,117.12109,116.8578,117.08920255657257
47,125.0,116.37764,112.24804,115.8774396626426
47,125.0,116.43784,112.286835,115.93505014943644
47,125.0,117.28851,118.45494,117.42979736204477
47,125.0,115.00933,116.61719,115.20408327222577
47,125.0,114.320175,115.46845,114.45926088081386
47,125.0,113.918335,117.97741,114.40999255382029
47,125.0,113.33897,111.81275,113.15410279680955
47,125.0,113.26293,113.50795,113.29260976278934
47,125.0,107.97855,96.52472,106.59120183934033
47,125.0,110.20307,96.85507,108.5862878918403
47,125.0,113.20757,96.60957,111.19713121835795
47,125.0,112.1851,103.0694,111.08095265226714
47,125.0,111.96466,98.39557,110.32109702633109
47,125.0,114.82432,110.54808,114.30635634244175
47,125.0,115.09518,113.883736,114.94844024242884
47,125.0,113.478516,108.84249,112.91697464094453
47,125.0,113.815025,110.87389,113.4587791671363
47,125.0,116.028786,111.87363,115.5254898139289
47,125.0,115.48235,112.02305,115.06334303538473
47,125.0,115.49698,111.50624,115.01359846098683
47,125.0,116.44737,118.04782,116.6412276440008
47,125.0,116.45588,118.04774,116.64869386590983
47,125.0,115.66313,119.35932,116.11083472187075
47,125.0,114.53377,114.097145,114.48088154810436
47,125.0,114.130615,119.98726,114.84000438259329
47,125.0,111.475876,118.52038,112.32914501895745
47,125.0,110.55782,117.11969,111.35263285862197
47,125.0,108.00051,113.4781,108.66398753402238
47,125.0,108.20969,113.15446,108.80862433132162
47,125.0,106.44704,111.38131,107.04470321355578
47,125.0,108.60603,113.1683,109.15863996969537
47,125.0,102.72345,100.4579,102.44903388876774
47,125.0,100.60777,98.74455,100.38208926603363
47,125.0,97.61751,98.28272,97.6980824070748
47,125.0,101.60228,96.62295,100.99915537210937
47,125.0,102.940865,100.24957,102.61488037999483
47,125.0,104.88689,107.50409,105.20389670319172
47,125.0,107.827194,103.15522,107.26129880201022
47,125.0,110.03317,104.45177,109.3571218160302
47,125.0,113.48625,110.01299,113.06555145046198
48,125.0,117.71415,107.832855,116.51727233888627
48,125.0,118.38309,112.89592,117.71845102984291
48,125.0,118.566025,113.700554,117.9766919749738
48,125.0,118.913574,112.63716,118.15334028750135
48,125.0,118.915146,116.53736,118.62713540648404
48,125.0,118.776596,113.262115,118.10865161085489
48,125.0,118.04094,105.79402,116.5575247659108
48,125.0,118.139084,108.25828,116.94226586942507
48,125.0,117.80901,105.51485,116.31987576009212
48,125.0,118.06948,107.87353,116.83449050303227
48,125.0,116.8199,108.99353,115.87192716412005
48,125.0,117.79013,113.32908,117.24978327447258
48,125.0,118.060684,115.02005,117.69238573957092
48,125.0,118.38923,112.997444,117.73614597265586
48,125.0,117.97211,103.23858,116.18750033084243
48,125.0,118.82554,110.70949,117.84247758099201
48,124.0,119.2539,112.96643,118.49232564736099
48,123.0,119.30565,109.80099,118.15439150681391
48,122.0,117.859085,114.83936,117.4933196164831
48,121.0,117.66478,116.63581,117.54014525664249
48,120.0,115.43976,106.44935,114.3507900216119
48,119.0,112.22122,110.93771,112.06575628335631
48,118.0,113.63161,117.36884,114.08428179999447
48,117.0,114.489426,113.85308,114.41234803616602
48,116.0,115.98209,114.774216,115.83578891818566
48,115.0,116.546005,117.34908,116.64327847160715
48,114.0,117.22712,116.42493,117.12995342050588
48,113.0,118.1951,117.73065,118.1388424790659
48,112.0,118.606995,118.91799,118.64466431067044
48,111.0,118.378296,117.944176,118.32571285592186
48,110.0,118.78739,113.83326,118.18731972200912
48,109.0,118.00533,115.50213,117.7021309600043
48,108.0,117.905754,117.89039,117.90389292263386
48,107.0,117.60878,116.87433,117.51981909510009
48,106.0,117.48999,118.4467,117.60587235183114
48,105.0,115.9299,112.57741,115.5238285518069
48,104.0,116.39555,110.46757,115.67752304540866
48,103.0,116.217995,118.552284,116.50073678038054
48,102.0,115.70265,115.84602,115.72001793832978
48,101.0,116.102264,113.12048,115.74109455947354
48,100.0,117.275696,114.225716,116.90626529591596
48,99.0,117.19825,114.239,116.83980888236361
48,98.0,114.619255,106.62726,113.65122011438368
48,97.0,111.58182,103.530334,110.60657735420314
48,96.0,105.54453,103.85693,105.34012140779528
48,95.0,96.37063,103.86167,97.27798502241633
48,94.0,89.71571,100.53308,91.02597302476228
48,93.0,87.07909,110.2927,89.89084808690176
48,92.0,84.37306,106.00351,86.9930618289784
49,125.0,119.65666,122.06153,119.94795306152812
49,125.0,119.651855,123.37406,120.10270970739938
49,125.0,119.39487,123.16014,119.85093780869373
49,125.0,119.37598,123.41367,119.86504478638876
49,125.0,119.51297,123.013084,119.93692323454312
49,125.0,119.3696,121.626236,119.64293484113057
49,125.0,119.59804,121.57392,119.83736768053254
49,125.0,119.87741,121.93918,120.1271436070673
49,125.0,119.50993,121.45942,119.74606599611188
49,125.0,119.55102,121.1555,119.74536182530949
49,125.0,119.33471,120.97388,119.53325425634422
49,125.0,119.32885,122.3246,119.69171169106112
49,125.0,119.04957,122.50595,119.46822441545794
49,125.0,118.921165,123.24642,119.44506449203662
49,125.0,118.11736,124.53969,118.8952705982617
49,125.0,118.04788,123.42499,118.69918693181171
49,125.0,116.93266,122.15111,117.56474992923403
49,125.0,116.34311,121.1945,116.93073694479783
49,125.0,115.41974,120.135704,115.99096262593478
49,125.0,115.1487,122.00074,115.97865435001667
49,125.0,115.54433,122.71967,116.41344451137684
49,125.0,116.29649,123.59865,117.1809709675071
49,125.0,117.40084,121.913445,117.94743234211357
49,125.0,118.27742,122.748856,118.81902510462174
49,125.0,119.000336,120.73609,119.21058007253873
49,125.0,119.40267,121.51139,119.6580915333557
49,125.0,119.391365,119.63898,119.42135718927841
49,125.0,118.98825,117.556786,118.81486373830943
49,125.0,118.92808,118.81096,118.91389161516032
49,125.0,118.2709,120.64331,118.558256802511
49,125.0,118.612,120.71453,118.86666977420235
49,125.0,118.499985,120.15892,118.70092421089677
49,125.0,118.96361,119.54289,119.0337739583136
49,125.0,119.45269,121.15437,119.65880740807106
49,125.0,119.97427,121.01062,120.09980170686251
49,125.0,119.92612,121.41577,120.10655215921248
49,125.0,119.81784,120.928055,119.95231587855295
49,125.0,119.7227,120.471306,119.81337707100039
49,125.0,119.00185,121.66367,119.32426156604355
49,125.0,118.92885,123.56889,119.49087625902955
49,125.0,118.97811,117.073364,118.74739775043099
49,125.0,118.552475,116.97294,118.36115276611449
49,125.0,118.131386,117.91995,118.10577581645202
49,125.0,118.682655,115.12782,118.25207432101625
49,125.0,119.41969,117.82467,119.22649483113804
49,125.0,119.402466,121.483925,119.65458367838444
49,125.0,119.70759,120.809784,119.84109225378047
49,125.0,119.95326,122.33518,120.24177366673186
49,125.0,119.90702,122.78088,120.25511881323541
49,125.0,119.57078,122.23351,119.89330311526591
49,125.0,119.627266,122.374954,119.96008116798856
49,125.0,119.61243,123.37035,120.06760770082663
49,125.0,119.07035,120.62829,119.25905668812786
49,125.0,119.58473,121.58086,119.82651369239477
49,125.0,119.79541,123.24335,120.21304340062171
49,125.0,119.93254,123.57271,120.3734581283523
49,125.0,120.12074,121.32849,120.26703198075354
49,125.0,120.04855,118.761856,119.89270154643943
49,125.0,119.82264,117.712326,119.56702660599834
49,125.0,119.73544,116.71104,119.3691102423705
49,125.0,119.32837,117.93706,119.15984576143602
49,125.0,119.23324,116.422966,118.89284247067545
49,125.0,118.53432,118.4411,118.523026184921
49,125.0,117.901436,116.72608,117.75907045956583
49,125.0,117.499146,112.43012,116.88515732608158
49,125.0,117.754166,113.79594,117.27472300277071
49,125.0,118.37218,122.22437,118.83877642652726
49,125.0,118.79558,114.71702,118.30156022146346
49,125.0,118.94962,122.30266,119.3557612912838
49,125.0,119.22786,120.79874,119.41813283651742
49,125.0,119.354004,120.16102,119.45175397194609
49,125.0,119.8356,120.74722,119.94602240705372
49,125.0,119.82809,120.62018,119.92402935064625
49,125.0,119.78827,120.32204,119.85292194573807
49,125.0,119.74292,118.661804,119.6119691924215
49,125.0,119.75441,119.49528,119.72302223904623
49,125.0,119.88388,120.089775,119.90881969483523
49,125.0,119.97874,120.40206,120.03001229785617
49,125.0,120.11627,121.66695,120.30409825675139
49,125.0,120.34326,122.244156,120.57350855755661
49,125.0,120.36296,120.375755,120.36451055554494
49,125.0,120.41043,120.27364,120.39386245827671
49,125.0,120.11537,119.968544,120.09758711941564
49,125.0,120.08689,120.286,120.11100871607441
49,125.0,119.83707,120.81397,119.95539489908417
49,125.0,119.869705,121.09251,120.017817661122
49,125.0,120.150024,120.41039,120.18156167161385
49,125.0,119.885925,117.74361,119.62643577306049
49,125.0,119.87652,118.53599,119.71414577682673
49,125.0,119.223625,116.26822,118.86565000231224
49,125.0,119.218994,116.73058,118.91758401198165
49,125.0,118.65437,115.956,118.3275314076412
49,125.0,117.43596,114.50278,117.08067562722151
49,125.0,117.065025,113.10935,116.58589226132372
49,125.0,116.49727,115.35627,116.35906457213157
49,125.0,114.13525,116.00879,114.36218016496844
49,125.0,115.252426,116.30552,115.37998260413958
49,125.0,116.04765,115.899635,116.02972445168507
49,125.0,117.23752,115.49438,117.02637938847451
49,125.0,116.742355,115.92131,116.64290583430977
49,125.0,117.84665,115.10411,117.51445770943633
49,125.0,118.113365,112.8733,117.47865926731308
49,125.0,118.5433,112.6071,117.82427192324094
49,125.0,118.20481,111.313705,117.37012217904724
49,125.0,117.9532,110.08075,116.99964629343434
49,125.0,117.05082,108.58241,116.0250790359228
49,125.0,116.09479,112.44911,115.6532031521471
49,125.0,116.223434,111.85909,115.69480118362893
49,125.0,115.8297,112.45064,115.4204063171394
49,125.0,113.73717,112.83772,113.62822164482132
49,125.0,112.306564,109.187386,111.92875210714024
49,125.0,110.884865,107.835075,110.51545740512759
49,125.0,109.32067,110.16984,109.42352688017695
49,125.0,108.229935,108.1366,108.2186290748693
49,125.0,106.66022,109.66971,107.02474351405746
49,125.0,104.05173,111.34725,104.93540167660385
49,125.0,104.32106,109.846436,104.99032427473519
49,125.0,103.57321,110.1325,104.3677089966706
49,125.0,104.673965,112.23926,105.59031560247146
49,125.0,103.976036,111.93632,104.94022947909029
49,125.0,104.07387,112.58316,105.1045604888225
49,125.0,104.261,114.15289,105.45916231824772
49,125.0,103.6465,110.634415,104.492914640571
49,125.0,107.08328,112.511024,107.74072067076409
49,125.0,106.24402,109.269646,106.61049928588076
49,125.0,109.102295,113.53037,109.63864823951323
49,125.0,110.73445,112.22842,110.9154086345242
49,125.0,112.3546,111.474304,112.24797281298915
49,125.0,113.7886,111.31278,113.48871269142698
49,125.0,115.096436,111.9521,114.71557651725988
49,125.0,114.36021,111.26765,113.98561861578544
49,125.0,112.84884,109.87363,112.48846462396422
49,125.0,112.4686,112.938896,112.52556260586326
49,125.0,112.91869,114.17582,113.07096359480761
49,125.0,110.3565,110.94465,110.42773870960684
49,125.0,108.97697,105.49515,108.55522962078237
49,125.0,106.98869,103.26501,106.53765972043085
49,125.0,102.14315,101.6389,102.08207282604887
49,125.0,98.37955,98.95413,98.44914403480001
49,125.0,93.50314,101.56235,94.47931878723044
49,125.0,86.9176,99.437225,88.43404865499946
49,125.0,85.34497,97.56377,86.82497898200478
49,125.0,82.63337,99.986984,84.73533547036737
49,125.0,83.98416,98.240585,85.71097847576401
49,125.0,89.19855,102.36841,90.7937539148436
49,125.0,91.03943,100.368645,92.1694350694382
49,125.0,93.652115,94.42433,93.74565004735705
49,125.0,96.77554,94.38337,96.48578986529316
49,125.0,101.995155,93.96763,101.0228167814376
49,125.0,106.42459,94.0864,104.9301213168412
49,125.0,109.00314,100.5307,107.97691409289537
49,125.0,111.54115,99.81454,110.12076022953056
49,125.0,111.6656,99.67134,110.21279205028375
49,125.0,111.23467,100.7097,109.95982971307059
49,125.0,110.80249,98.30877,109.28918148736545
49,125.0,109.23695,97.09798,107.76661354298692
49,125.0,106.54491,99.27586,105.66443983616286
49,125.0,98.562485,100.08487,98.74688440852171
49,125.0,95.6971,104.657104,96.78238346097245
49,125.0,93.379166,102.910965,94.53371002179706
49,125.0,88.06949,102.16503,89.77681882049812
49,125.0,89.37782,103.77326,91.12147826616506
49,125.0,90.90383,103.27869,92.40274252411555
49,125.0,93.16673,102.731514,94.32527210770704
49,125.0,92.180115,106.21206,93.87974162223831
49,125.0,96.371216,105.02385,97.41927077561594
49,125.0,99.576744,107.05404,100.48243549063747
49,125.0,98.14418,106.96379,99.21246042439095
49,125.0,97.316895,108.00844,98.61191355773043
49,125.0,97.103355,110.42697,98.71718563998259
49,124.0,94.848274,109.81654,96.66131399045639
49,123.0,96.10656,111.62504,97.98624388256107
49,122.0,92.12485,110.70503,94.37538241019476
49,121.0,87.15393,106.88607,89.54399679528069
49,120.0,83.02032,110.53209,86.35269543164239
49,119.0,78.32118,103.80388,81.40778771747163
49,118.0,76.37883,110.58425,80.52198021830577
49,117.0,75.02315,108.871605,79.12306037327737
49,116.0,75.10484,114.22172,79.8428958456456
49,115.0,72.51369,114.1293,77.5544012195423
49,114.0,71.97652,108.65702,76.41946268639285
49,113.0,73.04527,108.95823,77.39524916882553
49,112.0,72.88256,109.25845,77.28861049486211
49,111.0,74.33537,112.22528,78.924808603326
49,110.0,73.37767,111.88358,78.04171990020689
49,109.0,72.3778,113.38637,77.34498505043871
49,108.0,74.751465,112.83083,79.36384905911231
49,107.0,73.177795,112.727165,77.96823432226797
49,106.0,76.459625,115.54303,81.19362385956792
49,105.0,76.04744,116.331726,80.9268956704216
49,104.0,83.64439,115.164795,87.46231291704352
49,103.0,85.082,115.91556,88.81673209656796
49,102.0,89.97652,113.224915,92.79249154509762
49,101.0,92.30802,109.69738,94.41431704668517
49,100.0,98.3654,105.991585,99.28912772834413
49,99.0,99.65793,111.44766,101.08596639111359
49,98.0,103.10863,112.7661,104.27839370673303
49,97.0,105.958,113.28232,106.8451621731327
49,96.0,105.737175,110.790565,106.34926965879269
49,95.0,103.62959,107.03742,104.04236806964343
49,94.0,102.93022,109.232315,103.69356605847106
49,93.0,103.493645,103.790955,103.529656534601
49,92.0,102.67197,105.77371,103.04766717488174
49,91.0,102.22681,97.515205,101.65611137774914
49,90.0,98.6824,109.36409,99.97622863492347
49,89.0,103.559006,106.842155,103.95667903131887
49,88.0,105.069626,102.83702,104.79920036289398
49,87.0,104.387505,96.87208,103.47719444202373
49,86.0,101.30956,93.501564,100.36381460238802
49,85.0,100.61578,95.617836,100.01040456090598
49,84.0,99.73857,99.56932,99.71807060961768
49,83.0,95.288025,92.136284,94.90626855749194
49,82.0,92.255585,90.15983,92.00173506804155
49,81.0,87.70528,94.1415,88.48486784817159
49,80.0,81.36438,95.3103,83.05358736730554
49,79.0,82.25867,92.88335,83.54558707867379
49,78.0,74.58447,86.99485,76.08768637581817
49,77.0,72.02472,83.40151,73.40273946209786
49,76.0,65.37169,77.281296,66.8142464550395
49,75.0,62.802013,87.96595,65.85000889538402
49,74.0,55.64538,88.78352,59.65925398940041
49,73.0,54.102615,94.58202,59.00570568151531
49,72.0,53.652924,94.033195,58.544005964476106
49,71.0,52.466736,100.58148,58.29466060904886
49,70.0,51.522766,101.311615,57.5534674919153
49,69.0,56.621902,105.408485,62.531203838967045
49,68.0,58.235394,103.231094,63.68552224146537
49,67.0,58.17596,106.68389,64.05151001582647
49,66.0,63.024025,105.15138,68.12672403316995
49,65.0,59.38642,110.83865,65.61860081072102
49,64.0,59.421577,115.04482,66.1589732624119
49,63.0,64.396484,117.424644,70.81954908539282
49,62.0,67.27907,109.655975,72.41199392606197
49,61.0,61.123344,108.930405,66.91400057454621
49,60.0,66.23776,107.3842,71.22164718801139
49,59.0,67.90288,101.28956,71.94685764009515
49,58.0,67.03763,92.191475,70.0844015304912
49,57.0,62.906708,80.39033,65.02442070032203
49,56.0,62.197163,72.74644,63.474949228417294
49,55.0,59.507984,68.133644,60.55277190965742
49,54.0,55.268585,63.516685,56.267640834125345
49,53.0,52.303925,55.361603,52.67428749700207
49,52.0,51.493893,49.965935,51.308817936681685
49,51.0,48.387848,60.001907,49.79460716287426
49,50.0,47.727142,56.788193,48.82466698985452
49,49.0,47.295547,54.25136,48.138074280126965
49,48.0,48.621204,56.424473,49.56637950591162
49,47.0,47.13541,49.64209,47.43903322979249
49,46.0,46.33007,47.476856,46.46897554112462
49,45.0,42.318604,37.85331,41.77774236716847
49,44.0,41.84167,40.95488,41.73425792040906
49,43.0,40.718925,43.518974,41.05808291210469
49,42.0,42.44593,43.940628,42.626976536533576
49,41.0,41.89877,44.383247,42.199703126250334
49,40.0,45.97805,47.3235,46.141018758509055
49,39.0,46.348007,46.32373,46.345066669622035
49,38.0,45.79085,41.06598,45.218548832866524
49,37.0,44.99349,42.078327,44.64038783527251
49,36.0,42.506756,36.45767,41.77405681500557
49,35.0,37.89112,35.177315,37.562409665587786
49,34.0,34.620174,34.696,34.629358720502545
49,33.0,30.872711,32.869602,31.114585691884514
49,32.0,27.319366,28.783567,27.496718593734133
49,31.0,24.889942,23.622334,24.736402383458376
49,30.0,21.507317,21.416225,21.496283123579556
49,29.0,19.56886,16.8671,19.24160703217355
49,28.0,17.90282,15.771263,17.644634530835276
49,27.0,17.68415,13.62056,17.19194602709912
49,26.0,15.859448,11.7869,15.366158738214242
49,25.0,15.954797,15.252005,15.869670707826645
49,24.0,15.513154,12.375057,15.133050348368654
49,23.0,15.0211735,16.373734,15.18500304748857
49,22.0,14.658592,15.776574,14.794008390637465
49,21.0,13.687005,16.037079,13.971659010976943
50,123.0,119.36229,114.41641,118.76321738007512
50,122.0,119.41802,116.77532,119.09792365839385
50,121.0,119.591324,113.739784,118.88255293696065
50,120.0,119.53101,116.17181,119.12412769671772
50,119.0,119.49901,117.76562,119.28905027504483
50,118.0,118.67556,110.439705,117.67798757237838
50,117.0,118.93161,111.034256,117.97503879699066
50,116.0,118.66619,113.953026,118.09530639471377
50,115.0,118.499146,114.685455,118.0372102114874
50,114.0,118.87507,115.72161,118.49310439392322
50,113.0,119.088684,113.31796,118.3897023119752
50,112.0,119.50299,111.28831,118.50798271537697
50,111.0,119.77159,111.26008,118.74062957821583
50,110.0,119.945206,113.152016,119.12237685758124
50,109.0,119.898865,114.533195,119.24894514208393
50,108.0,119.28342,110.91801,118.2701519335421
50,107.0,118.843094,109.25476,117.68170181080589
50,106.0,118.28269,105.37485,116.71922227030012
50,105.0,117.8812,106.600945,116.51487529545096
50,104.0,116.82621,103.34905,115.19378198420716
50,103.0,115.60154,103.90306,114.18455502173859
50,102.0,113.98472,106.164505,113.03749073462768
50,101.0,114.59496,102.36471,113.11356677478321
50,100.0,115.37665,106.25046,114.27123320324476
50,99.0,116.22601,106.29462,115.02306738707412
50,98.0,117.267624,107.07824,116.03342917103856
50,97.0,117.85865,107.84766,116.64606312380695
50,96.0,118.1297,107.956184,116.89742713498512
50,95.0,118.36107,106.52994,116.92801655567264
50,94.0,117.56287,106.83332,116.2632441698392
50,93.0,117.10213,105.436806,115.68915868699045
50,92.0,113.02655,106.18147,112.1974365589584
50,91.0,112.00021,107.35611,111.43769400167355
50,90.0,107.7309,104.00267,107.27931933633734
50,89.0,109.25887,106.195366,108.88780402586164
50,88.0,105.65329,103.94984,105.44695811678487
50,87.0,104.22053,105.50853,104.37653759287278
50,86.0,109.04413,102.92112,108.30247565815579
50,85.0,109.22479,101.64672,108.30689444021269
50,84.0,106.811935,102.64405,106.30709811008295
50,83.0,104.186844,105.30715,104.32254177801282
50,82.0,102.03444,102.66481,102.1107931282281
50,81.0,97.64787,101.92598,98.16606092255876
50,80.0,93.59031,98.349686,94.16679121131004
50,79.0,89.7019,97.14766,90.60376871305618
51,125.0,103.47079,119.87282,105.45749196043386
51,125.0,105.99144,113.12616,106.85563663846011
51,125.0,101.34982,113.52888,102.82501756418938
51,125.0,100.30417,111.04205,101.60480079948303
51,125.0,99.498505,114.186424,101.27758688459011
51,125.0,100.376755,110.65391,101.6215805049563
51,125.0,97.00163,116.7159,99.38953362123638
51,125.0,96.02905,118.133026,98.70640852377663
51,125.0,93.07091,112.38034,95.40977315685612
51,125.0,98.107574,117.01219,100.39740650847841
51,125.0,101.7571,117.23513,103.63188744006042
51,125.0,106.52357,116.72929,107.75974045930623
51,125.0,109.79531,109.00059,109.69904965697935
51,125.0,111.109726,112.492516,111.27721709537512
51,125.0,110.46418,112.88987,110.75799297553044
51,125.0,108.42078,113.50483,109.03658505459941
51,125.0,105.46414,105.61304,105.48217686543448
51,125.0,106.99106,110.34833,107.3977094165632
51,125.0,105.68898,108.04068,105.97383102240157
51,125.0,108.89822,110.94702,109.14637889531846
51,125.0,110.78139,114.116554,111.18536123617828
51,125.0,112.45533,113.5862,112.59230677551155
51,125.0,110.35074,114.22151,110.81958804684535
51,125.0,112.15446,112.794,112.23192191929898
51,125.0,113.68582,116.246346,113.99596639265711
51,125.0,114.37067,115.41621,114.4973080871716
51,125.0,115.627426,111.81441,115.16557217321702
51,125.0,115.52545,115.23447,115.49020593088004
51,125.0,116.816826,115.11274,116.61041748705382
51,125.0,117.41513,115.59179,117.19427740091892
51,125.0,117.06349,117.42175,117.10688639274558
51,125.0,117.68448,113.2954,117.15284951575242
51,125.0,117.9028,111.13427,117.0829594210309
51,125.0,118.05285,106.14716,116.61076619853516
51,125.0,118.050995,107.54602,116.77857414398962
51,125.0,118.54845,111.34006,117.67532658596858
51,125.0,118.21951,110.05386,117.23044421644386
51,125.0,118.18413,113.97192,117.67392138730827
51,125.0,118.16351,114.39835,117.70745617997777
51,125.0,117.95192,116.554054,117.78260236206899
51,125.0,117.68092,115.82767,117.45644679441318
51,125.0,118.296234,118.0739,118.26930358438409
51,125.0,118.57578,119.34366,118.66879213388788
51,125.0,118.40552,116.5525,118.18106955817544
51,125.0,118.300575,117.75994,118.23509065047531
51,125.0,118.83729,115.92294,118.48428630659477
51,125.0,119.030365,114.28823,118.45597142089382
51,125.0,119.10788,113.18609,118.39059947623517
51,125.0,118.36742,118.09157,118.33400409584456
51,125.0,117.591606,112.02867,116.91779263009214
51,125.0,117.519516,114.021194,117.09577989429226
51,125.0,116.28458,112.08151,115.77547800906282
51,125.0,117.13249,111.807785,116.48753403248656
51,125.0,117.08424,113.99493,116.71004853488313
51,125.0,117.2966,110.480675,116.47101764951606
51,125.0,117.82394,120.21803,118.11392268686863
51,125.0,117.829895,112.58266,117.19432044581913
51,125.0,118.72366,116.414215,118.44393015664275
51,125.0,119.13655,111.77369,118.24472028654152
51,125.0,118.62642,106.44453,117.15088073062438
51,125.0,118.16033,103.22097,116.3507934366385
51,125.0,117.49327,102.00166,115.61684147635675
51,125.0,117.05893,104.68801,115.5604952442898
51,125.0,113.89592,106.57152,113.00874764451729
51,125.0,112.83806,106.77991,112.10426160973188
51,125.0,108.05244,101.626434,107.2740837832084
51,125.0,101.2339,101.20693,101.23063523257336
51,125.0,96.92929,111.45698,98.68896476343673
51,125.0,89.00677,113.53179,91.97737418355372
51,125.0,75.7417,117.23698,80.76783724556581
51,125.0,77.61093,116.15873,82.28005439753365
51,125.0,83.887695,120.024414,88.26477501007489
51,125.0,105.61243,122.14296,107.61469653142196
51,125.0,111.999855,120.12573,112.98410635531765
51,125.0,114.77886,122.893776,115.76178536070432
51,125.0,115.77948,120.52567,116.35436517875462
51,125.0,115.49571,121.286385,116.19711060990097
51,125.0,115.92475,122.58997,116.73207993913725
51,125.0,115.95115,120.80045,116.53852359336574
51,125.0,115.800644,122.11416,116.56537182124697
51,125.0,114.15201,121.522934,115.04481546250814
51,125.0,114.868965,121.43566,115.6643597909112
51,125.0,114.78978,119.74208,115.38962981618032
51,125.0,115.981316,118.51937,116.28873895487101
51,125.0,116.945694,112.42788,116.3984712166466
51,125.0,116.871956,109.82273,116.0181146802048
51,125.0,116.55147,110.978546,115.87644471950564
51,125.0,116.88939,115.580185,116.73081097977976
51,125.0,116.3448,115.08547,116.19226573501062
51,125.0,115.939285,113.47556,115.64086558438953
51,125.0,117.10161,113.89071,116.71268634722573
51,125.0,113.49904,112.05521,113.32415371247664
51,125.0,112.47871,106.15111,111.71227254403902
51,125.0,112.12193,109.49132,111.80329828349186
51,125.0,107.47656,108.66524,107.62054139650475
51,125.0,100.887985,101.32003,100.94031691284778
51,125.0,103.29772,110.84018,104.2113061362881
51,125.0,103.08681,112.43997,104.21971440507762
51,125.0,104.16355,117.23856,105.7472692899326
51,125.0,106.96092,117.1566,108.19587936605063
51,125.0,106.44116,122.49208,108.38533834535416
51,125.0,106.98976,116.93536,108.19442785036733
51,125.0,106.02059,110.89214,106.6106610604429
51,125.0,105.8506,112.216385,106.62166020548057
51,124.0,105.99799,115.81723,107.18735385762761
51,123.0,101.46057,113.33785,102.89921342794253
51,122.0,103.37946,106.11741,103.71109833932185
51,121.0,98.51461,103.26514,99.09002038588268
51,120.0,99.67763,105.576485,100.39212983754922
51,119.0,99.621925,104.605446,100.22555698387329
51,118.0,99.84792,110.32374,101.11681204202176
51,117.0,95.756996,106.528404,97.06168881246809
51,116.0,92.17867,99.14365,93.0223089848307
51,115.0,91.83059,107.28994,93.70311153574525
51,114.0,90.6525,105.75617,92.48193728258123
52,125.0,119.1328,121.710556,119.44502967545347
52,125.0,118.757065,121.05327,119.03519372989706
52,125.0,118.46381,121.996284,118.89168621542254
52,125.0,118.367546,123.20596,118.95360197661674
52,125.0,118.12491,121.94186,118.58723834050735
52,125.0,118.45304,122.546524,118.94886642620355
52,125.0,118.79847,124.23484,119.45695291708411
52,125.0,118.99957,122.09541,119.37455811138503
52,125.0,119.538605,123.251755,119.9883620509961
52,125.0,119.96525,125.9759,120.69329143261429
52,125.0,119.85069,124.50002,120.41384538886959
52,125.0,120.13313,124.155045,120.62028916543673
52,125.0,120.101074,124.945076,120.68780656568089
52,125.0,119.93903,124.71746,120.51782309059797
52,125.0,119.63399,124.7809,120.25740989402047
52,125.0,119.653175,124.647675,120.25813678472353
52,125.0,119.72177,124.35983,120.28355896287705
52,125.0,119.67949,123.0662,120.08970636077878
52,125.0,119.623665,124.523056,120.21710627458549
52,125.0,119.40171,124.75745,120.05042691710804
52,125.0,119.25819,125.79322,120.04974590689804
52,125.0,118.79077,125.17994,119.56466290468951
52,125.0,118.74758,124.896126,119.49232725317516
52,125.0,118.70101,124.540436,119.40831507937372
52,125.0,118.92853,124.00878,119.54387631039283
52,125.0,119.17361,124.66664,119.83895364501458
52,125.0,119.25339,124.84301,119.93043351394346
52,125.0,119.44634,124.86396,120.10255436830303
52,125.0,119.10052,125.04372,119.82039050083816
52,125.0,119.39732,125.07005,120.08443605106004
52,125.0,119.32527,126.124916,120.14888223825744
52,125.0,119.55136,124.0633,120.09787226885398
52,125.0,119.67937,126.100655,120.45714900803715
52,125.0,119.62201,124.848915,120.2551210857564
52,125.0,119.77396,123.59977,120.2373600131873
52,125.0,119.625435,123.125,120.04932160308003
52,125.0,120.03123,123.52037,120.45385149892071
52,125.0,119.94093,123.68884,120.39490080813736
52,125.0,119.81828,124.709656,120.41075325528175
52,125.0,119.828186,125.07982,120.46429289885427
52,125.0,119.71672,124.69412,120.31961107104783
52,125.0,119.61533,124.89305,120.25459996850378
52,125.0,119.300316,123.06676,119.75652811179545
52,125.0,119.49668,124.41174,120.09202076331133
52,125.0,119.372284,125.70635,120.13950140051706
52,125.0,119.57565,122.93393,119.98242612624747
52,125.0,119.40976,123.42492,119.89609791096618
52,125.0,119.43736,124.75496,120.08145942907267
52,125.0,119.66336,124.49804,120.24896367464305
52,125.0,119.59515,125.77535,120.34373373114016
52,125.0,119.46851,123.86031,120.00047264168023
52,125.0,118.92515,123.423,119.46995235553322
52,125.0,118.370316,124.61373,119.12655268753922
52,125.0,118.64607,125.0962,119.4273474833354
52,125.0,118.688515,124.230675,119.35981185557335
52,125.0,118.84438,124.63482,119.54575292182231
52,125.0,119.18311,123.17236,119.66631319458432
52,125.0,119.05819,122.31697,119.45291106420291
52,125.0,119.27717,123.55249,119.79501896986585
52,125.0,119.49426,122.522125,119.86101419207154
52,125.0,119.100296,120.03799,119.21387432036865
52,125.0,118.99844,121.657616,119.32053726421611
52,125.0,117.89414,120.68864,118.2326268315105
52,125.0,116.93096,121.82157,117.5233393716579
52,124.0,116.64539,122.75087,117.38492251613866
52,123.0,117.33218,123.384155,118.06522546176575
52,122.0,115.85431,122.5639,116.66701238970475
52,121.0,116.287964,118.83466,116.59643423106077
52,120.0,115.90522,120.97574,116.51938933992272
52,119.0,115.98207,124.29213,116.98863128623155
52,118.0,116.11083,121.8512,116.80613693258167
52,117.0,116.093056,122.98688,116.92807362702476
52,116.0,116.62013,119.36295,116.95235809901327
52,115.0,116.97104,118.07843,117.10517219835367
52,114.0,117.3898,121.216576,117.85332117818422
52,113.0,118.017235,122.56901,118.56857078922768
52,112.0,118.282295,120.30431,118.52721330859438
52,111.0,118.17727,119.830986,118.37757635726115
52,110.0,118.33757,119.51374,118.48003446317242
52,109.0,118.20849,118.049095,118.18918186299105
52,108.0,117.59274,120.31325,117.92226553756132
52,107.0,116.97251,120.26059,117.37078156352312
52,106.0,115.23329,120.778564,115.90496581081729
52,105.0,115.04204,118.1507,115.41857675791947
52,104.0,114.176346,117.09747,114.53016895927541
52,103.0,114.58845,118.36949,115.04642858092835
52,102.0,114.20936,119.363914,114.83370664538269
52,101.0,113.70793,116.3157,114.02379849535735
52,100.0,111.34397,113.313484,111.58252957759069
52,99.0,109.73094,113.958496,110.24300658714778
52,98.0,108.94809,117.06164,109.93084754429594
52,97.0,105.25785,119.10714,106.93535329646274
52,96.0,104.23389,120.61689,106.21828688913413
52,95.0,103.42363,117.86133,105.17240382147239
52,94.0,103.139946,120.152115,105.20055418548458
52,93.0,101.86177,120.91755,104.16991215722595
52,92.0,104.3103,120.04659,106.21636941005995
52,91.0,106.99107,123.52762,108.9940715842803
52,90.0,109.95863,122.10108,111.4293940873405
52,89.0,111.054054,120.44114,112.1910700276838
52,88.0,112.283676,119.28177,113.13132392306444
52,87.0,113.555824,118.685326,114.1771379176244
52,86.0,112.27663,120.5344,113.27685399322195
52,85.0,111.16988,124.40082,112.77248781663366
52,84.0,108.495995,122.71921,110.21878899600712
52,83.0,103.11708,118.948586,105.0346803138565
52,82.0,102.660736,119.98966,104.7597116738384
52,81.0,94.509674,117.55657,97.3012421041155
52,80.0,93.64397,116.28484,96.38635517805935
52,79.0,85.545685,113.593834,88.94303211840725
52,78.0,79.15321,113.668945,83.33395027468153
52,77.0,72.704384,109.87295,77.20644634530468
52,76.0,66.80762,109.06409,71.9259550479712
52,75.0,67.464966,110.486145,72.67592953125074
52,74.0,70.32578,113.54926,75.56125030846077
52,73.0,69.555786,108.753555,74.30363722547762
52,72.0,74.65131,110.260376,78.96448079230552
52,71.0,76.78964,106.28883,80.36274791000906
52,70.0,79.74855,105.43326,82.85962458682452
52,69.0,83.428,105.29012,86.0760627616933
52,68.0,87.61076,93.43714,88.31648673556785
52,67.0,92.436066,100.58576,93.42320207329473
52,66.0,91.97826,92.74502,92.07113066286931
52,65.0,88.36153,88.81765,88.41677467816126
52,64.0,84.798584,88.794624,85.2826065427722
52,63.0,79.5547,84.27978,80.12703000797592
52,62.0,74.839,83.13476,75.84382545990366
52,61.0,74.504776,89.705124,76.3459264012429
52,60.0,74.39646,82.7491,75.40817933354958
52,59.0,70.640945,75.528725,71.23298035084014
52,58.0,66.29262,77.16537,67.60958546922029
52,57.0,65.768326,75.51156,66.94848016481768
52,56.0,68.524956,77.64421,69.62953047535166
52,55.0,70.12654,70.875885,70.21730582144073
52,54.0,68.61766,67.75505,68.51317643397417
52,53.0,70.34429,63.147617,69.47259059561203
52,52.0,71.74409,58.415104,70.12960687237833
52,51.0,68.802795,58.911045,67.60465177494191
52,50.0,62.604565,55.941654,61.797516016060406
52,49.0,59.663,56.760067,59.31137907860573
52,48.0,54.789326,54.22396,54.72084559089634
52,47.0,50.4848,57.757294,51.36568337328245
52,46.0,49.129272,60.269604,50.47865114017303
52,45.0,47.38737,64.243904,49.42912778988614
52,44.0,43.67987,58.155342,45.43321995738004
52,43.0,41.90942,57.37451,43.78263765094497
52,42.0,43.06594,52.239372,44.17707772025624
52,41.0,43.432083,53.757874,44.68280010440989
52,40.0,40.663635,50.82217,41.89409332701598
52,39.0,39.501556,49.030624,40.6557699358553
52,38.0,40.374847,49.979836,41.53825681545585
52,37.0,38.331398,44.278873,39.05178920435312
52,36.0,39.03228,43.610516,39.58682124659083
52,35.0,37.9837,45.70706,38.91919621444234
52,34.0,36.93779,42.937943,37.664561660063285
52,33.0,37.871174,34.58679,37.47335085806985
52,32.0,36.410797,36.44491,36.414928835333434
52,31.0,36.301567,31.15734,35.67846966767015
52,30.0,37.706306,32.16147,37.03468494720865
52,29.0,34.81775,28.24454,34.02156541864741
53,125.0,117.30102,118.235504,117.41420793297655
53,125.0,117.36745,115.91041,117.1909622733002
53,125.0,118.0385,119.16757,118.17525763837536
53,125.0,118.26742,120.07271,118.48608466698394
53,125.0,118.159874,119.19334,118.28505267232097
53,125.0,118.39748,119.13759,118.48712270141823
53,125.0,118.47713,122.38617,118.95061195527745
53,125.0,118.04918,121.24649,118.43645515826049
53,125.0,118.11783,120.3581,118.3891825958705
53,125.0,118.47777,122.98266,119.02342524735312
53,125.0,118.43556,122.537506,118.93241232637827
53,125.0,117.57535,114.96777,117.2595040264519
53,125.0,117.3756,116.32772,117.24867743573301
53,125.0,117.213684,115.87734,117.05181894823909
53,125.0,117.04049,115.507225,116.85477174210558
53,125.0,117.50881,117.7021,117.53222439303316
53,125.0,117.59087,117.35101,117.56182048064464
53,125.0,117.37059,118.166916,117.46704559116003
53,125.0,117.3401,117.53446,117.36364496780186
53,125.0,116.88606,115.47446,116.71508109815466
53,125.0,117.127686,114.99604,116.86948886323464
53,125.0,115.825714,110.066025,115.12806861092423
53,125.0,114.68727,114.8732,114.70979178996429
53,125.0,110.63124,114.1968,111.06312116325275
53,125.0,101.06069,112.02379,102.38860286947124
53,125.0,92.7843,107.40128,94.55479158656215
53,125.0,86.83579,110.82447,89.74143419861818
53,125.0,84.34885,107.79363,87.18860888987217
53,125.0,84.766464,108.641014,87.65828206082622
53,125.0,86.28035,105.96249,88.66435921584451
53,125.0,86.71615,109.398056,89.46350676781724
53,125.0,89.794754,114.255684,92.75759745251554
53,125.0,93.16801,113.33742,95.61103773001928
53,125.0,96.09918,116.826744,98.60981933485243
53,125.0,100.198906,118.122,102.36985065241032
53,125.0,97.75067,117.75885,100.17417290679226
53,124.0,94.32311,113.14075,96.6024087032948
53,123.0,93.11978,109.735306,95.13234590393616
53,122.0,89.80194,104.25267,91.55229336636555
53,121.0,91.62068,100.93829,92.74928254295193
53,120.0,93.39578,101.14783,94.33475309524562
53,119.0,96.28012,101.08121,96.86165505214649
53,118.0,99.16125,100.61752,99.33763946807592
53,117.0,98.37074,92.272896,97.63213776785382
53,116.0,100.252686,94.38668,99.54216251009292
53,115.0,102.56069,94.012405,101.52527599301463
53,114.0,103.64172,97.4795,102.89532092416681
53,113.0,102.46677,93.50104,101.38078758885054
53,112.0,104.39533,100.50489,103.92410044763821
53,111.0,105.84656,101.442276,105.31308661285844
53,110.0,107.68996,103.71148,107.20806141835641
53,109.0,110.67253,101.39166,109.54838088338869
53,108.0,112.63986,104.29565,111.6291644362867
53,107.0,112.961395,101.3221,111.55157903022742
53,106.0,114.18822,107.52885,113.38159730155361
53,105.0,116.158554,111.47123,115.59079934679897
53,104.0,114.919075,111.11143,114.45787161461257
53,103.0,112.67218,109.365326,112.27163565783258
53,102.0,112.71591,110.043976,112.39227216087684
53,101.0,109.25642,108.76541,109.19694308013405
53,100.0,102.34825,107.860725,103.01595275912548
53,99.0,95.263596,108.38376,96.85278245038042
53,98.0,90.74222,105.03647,92.473616876372
53,97.0,88.848175,104.91344,90.79408862017802
53,96.0,87.72173,105.92611,89.92674805640512
53,95.0,87.76074,111.77658,90.66967369244392
53,94.0,86.426956,104.16679,88.57570272852473
53,93.0,88.209656,102.52466,89.94356821211284
53,92.0,90.03953,98.744415,91.09391210898372
53,91.0,87.4798,100.28694,89.03106966048469
53,90.0,90.01355,100.811966,91.32151382790892
53,89.0,90.52598,102.914474,92.02654144739216
53,88.0,86.90825,99.9292,88.48541858496907
53,87.0,85.89746,99.413704,87.5346232141507
53,86.0,84.71961,97.1544,86.22578300773867
53,85.0,83.57386,100.46705,85.62005680350894
53,84.0,82.879814,96.80706,84.56675940000208
53,83.0,83.9377,102.480484,86.18370335277551
53,82.0,81.89869,102.67537,84.41527592549586
53,81.0,78.39421,98.783646,80.86389218824026
53,80.0,80.33929,100.110146,82.7340428168038
53,79.0,84.193726,100.25862,86.13959479978855
53,78.0,88.325874,106.08905,90.47744867093041
53,77.0,83.01778,102.96508,85.43390449926592
53,76.0,80.506805,96.125206,82.3985926774428
53,75.0,75.091934,84.00344,76.17134529050283
53,74.0,74.729774,91.08427,76.7107212293752
53,73.0,71.938774,81.73317,73.12512558027228
53,72.0,67.101944,82.919205,69.01781827322505
53,71.0,64.30813,85.415504,66.86477075796518
53,70.0,60.944916,82.69133,63.5789620079689
53,69.0,61.649326,89.74788,65.05277879125035
53,68.0,63.001305,93.170975,66.65562231403968
53,67.0,63.451157,91.757965,66.87983417605524
53,66.0,62.11579,94.80912,66.07578854628103
53,65.0,62.303608,97.3441,66.54790669991135
53,64.0,64.24524,95.88966,68.07818736550693
53,63.0,61.179203,86.508,64.24716772311763
53,62.0,60.2982,88.45747,63.70900619451287
53,61.0,60.688175,78.78171,62.879764166190526
53,60.0,57.155758,79.6727,59.88313462835545
53,59.0,57.11441,80.8513,59.98955442883229
53,58.0,55.372417,78.79934,58.21001609003682
53,57.0,53.935127,75.73825,56.57604243830156
53,56.0,52.073334,67.35121,53.923874992648194
53,55.0,50.627365,67.500374,52.671117464348335
53,54.0,51.251667,66.22629,53.06547610757471
53,53.0,49.95821,59.571877,51.12267057511229
53,52.0,48.678238,63.614784,50.487435206202534
53,51.0,48.22561,60.731304,49.7403679704933
53,50.0,51.87919,58.869434,52.72588586137735
53,49.0,51.751743,52.82439,51.88166827894349
53,48.0,55.5149,55.4318,55.504834751744056
53,47.0,54.33201,52.73686,54.13879495190018
53,46.0,55.65268,53.374,55.37667322394002
53,45.0,49.957027,52.183014,50.226651257521084
53,44.0,50.002323,48.685776,49.84285563206566
53,43.0,46.153706,47.95434,46.37180864631201
53,42.0,44.504097,48.7705,45.02086739088401
53,41.0,43.10453,48.900116,43.80652379387613
53,40.0,45.70299,48.39006,46.028464171180794
53,39.0,43.04604,49.595436,43.83933879352196
53,38.0,41.670376,48.243313,42.46652639166921
53,37.0,43.67234,44.74597,43.80238456613761
53,36.0,41.66359,43.565994,41.89401929102833
53,35.0,39.43697,43.069923,39.87701324156225
53,34.0,37.239967,37.058807,37.21802424599047
53,33.0,34.18894,33.406788,34.09419976452047
53,32.0,30.843424,35.88668,31.454291059220672
53,31.0,28.275557,31.845882,28.708014223427917
53,30.0,28.852795,36.281494,29.75259991058155
53,29.0,26.796438,37.663124,28.112671448486132
53,28.0,25.313002,31.800623,26.098818289330204
53,27.0,26.71533,34.619087,27.67267699747612
53,26.0,25.388744,34.24572,26.46155033183962
54,125.0,120.06596,123.45101,120.47597951317994
54,125.0,120.166504,122.87127,120.49412007555443
54,125.0,119.73533,123.50703,120.19217764410934
54,125.0,119.66366,125.4593,120.36565807029523
54,125.0,119.714905,124.80347,120.33125962427248
54,125.0,119.35903,125.71776,120.12923588047062
54,125.0,119.03502,125.39285,119.80511500271959
54,125.0,119.636116,124.93054,120.27740625009089
54,125.0,119.249344,123.6644,119.78411972615652
54,125.0,119.50226,124.151115,120.06535364552477
54,125.0,119.36225,122.70207,119.7667888986959
54,125.0,119.17445,125.01808,119.88226634413239
54,125.0,118.97455,124.798965,119.68003402816528
54,125.0,119.39946,127.25867,120.35141057650391
54,125.0,119.30953,125.628204,120.07488476731768
54,125.0,119.43245,126.31182,120.26571696977287
54,125.0,119.62117,124.06844,120.15984843381372
54,125.0,119.6203,125.40456,120.32092144225227
54,125.0,119.431206,124.258286,120.01588841035098
54,125.0,119.45094,124.03752,120.00649479076331
54,125.0,119.377914,123.67845,119.89881932326816
54,125.0,119.249176,123.78111,119.79810931451908
54,125.0,118.67227,121.68935,119.03771652728837
54,125.0,118.49643,122.75094,119.01175915478278
54,125.0,118.60276,122.355675,119.05733411469035
54,125.0,118.17653,121.940674,118.6324630270437
54,125.0,117.82707,122.69405,118.41658792353697
54,125.0,117.96532,121.98136,118.45176235923157
54,125.0,118.02112,122.60111,118.57587245079743
54,125.0,117.941895,122.36133,118.47720082709301
54,125.0,117.90227,122.6471,118.47698816194908
54,125.0,117.932724,122.157196,118.44441547142847
54,125.0,118.05588,122.48012,118.591766173562
54,125.0,117.83209,122.31415,118.37498371329866
54,125.0,117.75498,121.3652,118.1922711556683
54,125.0,117.83563,121.52873,118.28296106582596
54,125.0,118.15278,122.42428,118.67016634003434
54,125.0,118.7403,123.41552,119.30659120009526
54,125.0,119.2469,123.08239,119.71147795744015
54,125.0,119.07695,122.96222,119.54755541235882
54,125.0,119.41264,122.87324,119.8318097830421
54,125.0,119.29411,121.69993,119.58551882360842
54,125.0,118.85067,120.06839,118.99816686147031
54,125.0,118.527374,120.32713,118.74537104379203
54,125.0,118.34688,121.53054,118.732500891924
54,125.0,117.975296,122.00978,118.46397519216728
54,125.0,117.77347,122.30168,118.32195033880186
54,125.0,117.36997,124.53051,118.23729625179539
54,125.0,117.595894,124.229706,118.3994179376233
54,125.0,117.99344,123.75866,118.6917542041622
54,125.0,118.25075,123.34024,118.86721526175648
54,125.0,119.00186,124.63717,119.68444123301585
54,125.0,119.04811,124.575645,119.71763658040535
54,125.0,119.41148,125.652534,120.16743442491659
54,125.0,119.484955,124.75556,120.12335997059036
54,125.0,119.20302,123.43239,119.71530294242842
54,125.0,119.337326,124.47704,119.95987707703829
54,125.0,119.12194,124.04779,119.71858686071167
54,125.0,118.78789,122.997955,119.29783431736004
54,125.0,117.63068,123.96778,118.39826153209587
54,125.0,117.00059,125.16757,117.98981790643596
54,125.0,116.33574,124.863556,117.36867557686212
54,125.0,115.55466,125.40475,116.74775449008736
54,125.0,116.46486,124.39517,117.42542249411467
54,124.0,117.32809,123.79264,118.1111094492983
54,123.0,118.23029,126.14838,119.18937540361348
54,122.0,118.59224,125.80228,119.46555905793238
54,121.0,118.74507,125.918526,119.61395995987249
54,120.0,118.881714,126.94039,119.85782557996649
54,119.0,119.02442,126.15839,119.88852702367737
54,118.0,119.24017,123.37898,119.74148885398154
54,117.0,118.785,120.696,119.01647402859196
54,116.0,118.06602,123.500374,118.72425655826244
54,115.0,116.299774,120.48898,116.80719438483571
54,114.0,115.21647,119.237206,115.7034827282595
54,113.0,115.87647,120.50946,116.43764565960554
54,112.0,112.16,119.18085,113.0104071473275
54,111.0,113.67184,117.934814,114.18819233161112
54,110.0,112.97904,117.3527,113.5088036617123
54,109.0,111.898994,113.91544,112.14323792371638
54,108.0,109.93451,117.262245,110.82208527069338
54,107.0,108.45856,115.43655,109.30376986264707
54,106.0,107.02327,118.27067,108.38561689421806
54,105.0,107.13462,116.55293,108.27541883482337
54,104.0,106.55064,115.40962,107.62368577328174
54,103.0,106.64726,117.04815,107.90707560737245
54,102.0,107.33961,117.06414,108.5174965931393
54,101.0,108.66874,116.93929,109.6705146170417
54,100.0,109.79945,115.628624,110.50551514704328
54,99.0,111.020874,113.77444,111.35440082946062
54,98.0,112.54847,117.19238,113.11096606196638
54,97.0,112.83235,116.80817,113.31392441527188
55,125.0,119.02332,120.15768,119.16072225992747
55,125.0,119.287224,121.12148,119.5093994381672
55,125.0,119.41837,121.79937,119.70677262767882
55,125.0,118.98027,120.12253,119.11862696927064
55,125.0,118.79622,120.850876,119.04509031569687
55,125.0,118.66856,118.93476,118.70080041856781
55,125.0,118.01663,119.21004,118.16118392760939
55,125.0,117.65736,117.51284,117.63985168423245
55,125.0,116.729095,118.818405,116.98216423093741
55,125.0,115.51047,115.45326,115.50353851833428
55,125.0,113.8742,115.47286,114.0678378782448
55,125.0,111.66736,114.98536,112.06925304775669
55,125.0,112.76326,118.34255,113.43905469935414
55,125.0,111.2017,118.44104,112.07856750529294
55,125.0,110.05091,118.11524,111.02770743137418
55,125.0,111.983116,121.178055,113.0968580921665
55,125.0,110.94594,120.22615,112.07000888104048
55,125.0,109.783714,120.07165,111.02984581251943
55,125.0,112.341515,120.53299,113.33371143819346
55,125.0,113.43577,114.11451,113.51798105505883
55,125.0,115.92421,121.88302,116.645973561003
55,125.0,116.48466,121.416504,117.08202988955965
55,125.0,116.45285,120.12407,116.89752872284917
55,125.0,116.90889,118.66721,117.12186768055236
55,125.0,116.57435,118.18935,116.7699659436482
55,125.0,116.193085,111.90848,115.67410937343861
55,125.0,115.83618,115.505226,115.79609447517473
55,125.0,114.00766,114.39883,114.05504018965841
55,125.0,111.76514,113.11749,111.92894156900125
55,125.0,111.34202,112.2,111.4459412783909
55,125.0,111.210526,110.26452,111.09593992796528
55,125.0,111.19066,111.17131,111.18831501481458
55,125.0,110.97041,113.30914,111.25369313312021
55,125.0,112.74465,112.15278,112.67296083518373
55,125.0,113.24672,112.728905,113.18399878112487
55,125.0,113.98199,115.34201,114.14672058489467
55,125.0,115.39406,114.43647,115.27806983690863
55,125.0,117.13429,118.99958,117.3602265986993
55,125.0,117.27701,118.31031,117.40216736015351
55,125.0,117.02558,112.732185,116.50554143653318
55,125.0,116.16484,114.54018,115.96805235115488
55,125.0,114.12715,111.67622,113.83028153544231
55,125.0,108.872765,104.942924,108.39676057103264
55,125.0,106.53895,108.48535,106.77470724123243
55,125.0,103.13941,107.92558,103.719139484844
55,125.0,97.39902,103.8381,98.17895431174318
55,125.0,94.04198,105.91745,95.4804000524405
55,125.0,94.46856,111.26261,96.50274795561036
55,125.0,96.934494,115.09565,99.13427387272195
55,125.0,99.857834,110.2018,101.11075207771104
55,125.0,102.59189,109.904495,103.47763190191371
55,125.0,105.8414,112.65052,106.66615852857865
55,125.0,106.32074,109.01536,106.64712684303487
55,125.0,108.24313,110.456,108.5111683521562
55,125.0,109.41082,107.420944,109.16979522041723
55,125.0,111.14593,109.81338,110.98452158034283
55,125.0,113.65336,111.86364,113.43657781801824
55,125.0,114.32045,109.5879,113.74721694764698
55,125.0,114.73106,104.80545,113.52881181980948
55,125.0,114.92294,105.1446,113.73853598088071
55,125.0,115.57397,108.454315,114.71159528711009
55,125.0,115.74587,106.996155,114.68605818449322
55,125.0,114.40887,107.52191,113.57468068350009
55,125.0,112.679016,109.2239,112.26051327710958
55,125.0,110.80128,106.108925,110.23291343880075
55,125.0,108.75857,104.01206,108.18364472307579
55,125.0,111.294586,109.97658,111.13494169513348
55,125.0,112.8456,108.41132,112.30849261481649
55,125.0,116.71207,108.818275,115.75592690145841
55,125.0,117.924194,110.975296,117.08250525100972
55,125.0,118.75283,107.85734,117.43310804850229
55,125.0,118.87645,109.04486,117.68559305510075
55,125.0,118.74251,105.80095,117.17495458706827
55,125.0,117.996506,104.48485,116.35989885350386
55,125.0,118.13494,103.419815,116.35256346263895
55,125.0,116.48734,102.517136,114.79519389333865
55,125.0,116.03962,104.72157,114.66871490408765
55,125.0,113.472244,111.095695,113.18438350171446
55,125.0,114.15285,111.85007,113.87392179272815
55,125.0,113.62012,113.0462,113.55060159392177
55,125.0,113.20025,113.236496,113.20463918653101
55,125.0,113.48777,115.12675,113.68629206656618
55,125.0,114.21446,114.82073,114.28789704369592
55,125.0,113.46607,108.3961,112.85196931058331
56,121.0,115.637505,107.30253,114.62792605610737
56,120.0,115.96911,114.00675,115.73141707584989
56,119.0,115.62578,110.07065,114.95291005739136
56,118.0,114.786575,112.99201,114.5692078631835
56,117.0,114.55602,110.41437,114.0543624351747
56,116.0,114.304276,112.158745,114.04439694055777
56,115.0,114.3251,106.87437,113.42262919149749
56,114.0,112.42108,114.21846,112.63878999544028
56,113.0,108.07425,110.70263,108.39261320191892
56,112.0,106.08969,106.92909,106.19136409410797
56,111.0,99.64645,95.42806,99.13549219904029
56,110.0,99.012955,100.969444,99.24993557351132
56,109.0,95.31592,94.539894,95.22192165639211
56,108.0,94.24677,88.031235,93.49391234493004
56,107.0,91.94412,80.64407,90.57539775898444
56,106.0,93.46231,92.26497,93.31728210037195
56,105.0,95.26874,94.03149,95.1188750590675
56,104.0,100.12738,91.94014,99.1356964038828
56,103.0,103.761505,94.873245,102.6849098176128
56,102.0,102.98441,93.478226,101.83297102716385
56,101.0,102.18586,85.671135,100.18550467193234
56,100.0,108.09837,93.79205,106.36551260505988
56,99.0,110.69771,88.68896,108.03188621429071
56,98.0,112.21916,90.83774,109.62932539131762
56,97.0,111.586685,90.3336,109.01239403978671
56,96.0,110.17881,90.04315,107.73986756939081
56,95.0,109.23108,93.28098,107.29911503947909
56,94.0,103.83938,92.637665,102.48256471401447
56,93.0,107.5251,89.47369,105.33861331765566
56,92.0,110.24926,101.33543,109.16956700738874
56,91.0,110.51071,106.66532,110.04493667760457
56,90.0,111.93916,94.16854,109.78668692988118
56,89.0,112.11597,98.43161,110.45844165591906
56,88.0,107.713875,93.288956,105.96664864805045
56,87.0,110.82686,96.71273,109.11727708233482
56,86.0,107.7798,91.67557,105.82916646652232
56,85.0,106.267494,85.47024,103.74841520921848
56,84.0,99.627594,86.664116,98.05738566551088
56,83.0,90.08154,87.69234,89.79214910171595
56,82.0,85.58151,85.18444,85.53341690895425
56,81.0,87.63321,91.80809,88.13889395628786
56,80.0,84.42051,91.725136,85.30528618872965
56,79.0,80.799545,88.34412,81.71338554131388
56,78.0,84.47979,92.410545,85.44040681785674
56,77.0,76.26503,86.66746,77.52502961249772
56,76.0,75.97972,82.231544,76.73697657936125
56,75.0,74.20712,78.874016,74.7724027542951
56,74.0,73.84675,86.348885,75.36107639741876
56,73.0,73.546455,82.645584,74.64859229493436
56,72.0,71.67989,77.11836,72.33863099878312
56,71.0,70.29562,65.6822,69.73682002256486
56,70.0,69.047775,64.1717,68.45715794401819
56,69.0,69.42877,65.14833,68.91030119584715
56,68.0,64.89413,65.423065,64.95819483034339
56,67.0,62.87913,64.71417,63.10140166113018
56,66.0,59.7276,61.61888,59.95668255211865
56,65.0,59.301163,66.66127,60.19265973114958
56,64.0,58.291214,59.33751,58.417947059864495
56,63.0,57.793583,63.66255,58.50446497154796
56,62.0,53.571705,57.139,54.00379541909029
56,61.0,55.583954,61.368935,56.28466279758849
56,60.0,53.90873,64.9435,55.24532172136405
56,59.0,56.458,67.1816,57.75690233896238
56,58.0,60.037445,72.5351,61.55123065848129
56,57.0,60.772156,68.84012,61.74939212191593
56,56.0,58.962097,63.706425,59.53675642024498
56,55.0,58.834286,63.191353,59.362037857465324
56,54.0,57.122734,61.32617,57.631877758390395
56,53.0,56.881676,55.98698,56.77330526795065
56,52.0,57.752724,62.183968,58.28946051902784
56,51.0,51.567806,50.28591,51.412536053653874
56,50.0,49.12027,54.3162,49.74962967869417
56,49.0,51.657932,56.539482,52.249212658226625
56,48.0,52.160477,49.90961,51.887839324775406
56,47.0,56.445778,58.09105,56.645062273577274
56,46.0,57.687096,52.021515,57.000849094769904
56,45.0,59.769405,49.451458,58.519638380229694
56,44.0,60.04817,45.511276,58.28737924620537
56,43.0,59.127056,43.464138,57.22987665585409
56,42.0,56.38666,39.892086,54.38874710784761
56,41.0,52.363754,47.90755,51.823994206501325
56,40.0,48.15349,43.18101,47.55119418513429
56,39.0,45.31035,35.790756,44.1572827216534
56,38.0,43.567204,34.20542,42.43325258023317
56,37.0,37.17531,27.089136,35.95361514999179
56,36.0,35.847923,23.510307,34.35352283978859
56,35.0,34.674057,26.090258,33.63433964411146
56,34.0,33.86251,23.552475,32.613702003189374
56,33.0,34.62762,22.498993,33.15853406605597
56,32.0,34.498627,26.213255,33.495056549288314
56,31.0,37.87606,23.707052,36.15983166061611
56,30.0,33.57563,22.222288,32.20045046129707
56,29.0,31.487959,22.494701,30.398645703152596
56,28.0,26.891317,20.047935,26.062409018004082
56,27.0,25.087637,22.881567,24.820425526469474
56,26.0,23.994192,21.745815,23.72185625599302
56,25.0,20.486889,23.513592,20.853499916844132
56,24.0,19.690033,21.865574,19.95354653573932
56,23.0,19.606628,17.863607,19.395504050700684
56,22.0,18.545296,17.99777,18.47897640298438
56,21.0,19.313026,20.336855,19.437038212482037
56,20.0,18.23749,16.464998,18.02279570953695
56,19.0,15.008557,15.862864,15.112035624944838
56,18.0,12.936956,15.90971,13.297032791911157
56,17.0,11.422442,16.85784,12.080807869724769
56,16.0,10.3815155,15.644269,11.018969379111628
56,15.0,9.97419,11.4415,10.15191847363954
57,125.0,118.40676,120.412964,118.6497635614966
57,125.0,117.26543,116.86376,117.2167747765601
57,125.0,117.39446,115.11284,117.11809965781013
57,125.0,116.74943,115.581795,116.6079976068588
57,125.0,115.27359,111.18673,114.77856686978433
57,125.0,114.43167,105.39125,113.33664529247521
57,125.0,113.049126,106.24086,112.22447079012304
57,125.0,113.487434,111.48551,113.24495042341154
57,125.0,116.01454,115.794235,115.98785689397394
57,125.0,116.28204,120.5693,116.80133946814142
57,125.0,116.84883,119.34186,117.15080039470926
57,125.0,117.547226,123.387,118.25457188307702
57,125.0,117.64258,123.784645,118.38653932298106
57,125.0,114.919685,114.338356,114.84927153084004
57,125.0,113.58266,120.36637,114.40433794096471
57,125.0,111.06677,119.02395,112.03058975362498
57,125.0,109.09681,112.08147,109.45832762321905
57,125.0,107.576675,116.05986,108.60420578598946
57,125.0,107.09577,106.22035,106.98973611271964
57,125.0,104.64215,108.515724,105.1113395504041
57,125.0,101.29307,107.25669,102.01541501469201
57,125.0,101.75801,109.09832,102.6471097984005
57,125.0,102.52888,115.1393,104.05632126160314
57,125.0,104.441765,115.20616,105.74560822794628
57,125.0,106.5929,119.1175,108.1099517758364
57,125.0,107.09552,118.09887,108.42830668391912
57,125.0,109.43381,117.350746,110.39275088555075
57,125.0,109.23902,117.68756,110.262355268008
57,125.0,112.273315,115.66967,112.68470073552653
57,125.0,113.418045,108.923965,112.87369721125808
57,125.0,113.92213,108.90586,113.31452884046337
57,125.0,115.40268,116.73313,115.56383116071206
57,125.0,116.4122,111.212425,115.78237527069314
57,125.0,113.89107,104.89743,112.80170832525503
57,125.0,115.61649,109.05132,114.821283406024
57,125.0,114.76564,101.89569,113.20676065053681
57,125.0,115.365875,103.86337,113.97262838473712
57,125.0,114.668976,95.47768,112.34441925582534
57,125.0,115.67676,102.51496,114.08252805002638
57,125.0,115.502106,106.50352,114.41214678291414
57,125.0,116.0179,101.73182,114.28748942746898
57,125.0,116.82785,105.83778,115.49667256085603
57,125.0,116.91879,111.37641,116.24746877918645
57,125.0,117.862625,113.50388,117.33467015754327
57,125.0,118.13933,110.265564,117.18561405471458
57,125.0,118.32411,108.55159,117.14040990353134
57,125.0,118.847755,112.23853,118.0472097755922
57,125.0,119.17609,111.81441,118.28439904675908
57,125.0,119.74935,111.42489,118.74104640979765
57,125.0,119.69946,110.627106,118.60056869697857
57,125.0,119.93826,115.373695,119.38537721235626
57,125.0,119.88081,114.0443,119.17386226462087
57,125.0,119.83252,115.68896,119.33062829374201
57,125.0,119.85654,116.02481,119.39241696209204
57,125.0,119.83603,115.34208,119.29169692999463
57,125.0,119.91876,116.17275,119.46502473095809
57,125.0,119.44352,109.4679,118.23521762778216
57,125.0,119.09186,114.89186,118.58313099725612
57,125.0,118.93347,111.50284,118.03343215328206
57,125.0,119.515076,109.81514,118.34016567456183
57,125.0,118.94635,104.84081,117.23780921247658
57,125.0,118.17314,106.19533,116.72232228306962
57,125.0,118.31554,116.163864,118.05491401466597
57,125.0,116.597694,104.26265,115.10360538455899
57,125.0,117.2673,113.867035,116.85544409018911
57,125.0,118.288864,108.46337,117.09874597341455
57,125.0,117.76163,108.45255,116.63406050120038
57,125.0,116.512695,107.34528,115.4022875755643
57,125.0,116.32142,109.3246,115.47392531373484
57,125.0,117.573105,111.04892,116.78285938273515
57,125.0,117.78453,111.01447,116.96450372409569
57,125.0,116.877625,109.25973,115.95490259346526
57,125.0,118.051765,119.54969,118.23320239792947
57,125.0,117.86828,119.97978,118.12403552462283
57,125.0,117.936745,115.946365,117.69565891147353
57,125.0,118.34737,116.30569,118.10006680824593
57,125.0,116.949486,118.72766,117.1648682349354
57,125.0,116.11069,114.26304,115.88688981255928
57,125.0,111.302246,109.48344,111.08194180348252
57,125.0,105.614105,105.08638,105.5501842205707
57,125.0,96.64939,102.3209,97.3363557586486
57,125.0,94.934654,110.88431,96.86656469927881
57,125.0,97.84916,109.77525,99.29371386455048
57,125.0,102.89914,112.72382,104.08915961048125
57,125.0,106.39946,112.626114,107.15366669496271
57,125.0,110.577354,115.19898,111.13715161103516
57,125.0,113.8215,109.2469,113.26740174780507
57,125.0,112.75015,100.30413,111.24262140510329
57,125.0,112.413956,112.574745,112.43343140280524
57,125.0,112.96223,109.785774,112.57747731576771
57,125.0,113.91933,107.96464,113.1980618378119
57,125.0,115.73603,111.31776,115.2008647481832
57,125.0,117.167854,113.16494,116.68299912346724
57,125.0,117.50133,106.69973,116.19297813565595
57,125.0,118.337036,108.32453,117.12426607441726
57,125.0,118.63939,107.486755,117.28852022412418
57,125.0,117.72568,108.86504,116.6524283997118
57,125.0,118.16023,103.14811,116.34188097396142
57,125.0,117.10443,101.70604,115.23929258635762
57,125.0,116.59005,101.819664,114.80097874346701
57,125.0,116.61757,109.64859,115.77344761527976
57,125.0,116.38466,116.980736,116.45685895984836
57,125.0,115.07855,117.635056,115.3882100971752
57,125.0,113.294304,112.7072,113.22319050639241
57,125.0,112.79892,110.609856,112.53376810792378
57,125.0,113.96578,103.80435,112.7349733909425
57,125.0,115.37866,103.98718,113.99886296503252
57,125.0,115.76206,97.604034,113.56266110555578
57,125.0,117.08951,107.15919,115.88669256027379
57,124.0,117.322014,103.35818,115.63063654950312
57,123.0,117.86947,108.29233,116.70943230375832
57,122.0,118.18326,96.46282,115.55235843022913
57,121.0,116.91406,103.324814,115.26805737113523
57,120.0,115.55443,95.57416,113.13430699156882
57,119.0,113.21479,99.24257,111.52239743686073
57,118.0,109.438354,103.27404,108.69169857615267
57,117.0,108.344635,106.42765,108.11243921335429
57,116.0,107.10545,110.786804,107.55135909639745
57,115.0,108.788414,110.756096,109.02675053912
57,114.0,108.94412,113.04952,109.44139113093752
57,113.0,110.05124,108.08181,109.81269085378271
57,112.0,113.978745,108.71746,113.34146863822089
57,111.0,111.970894,109.38915,111.65817903782099
57,110.0,111.603134,112.25345,111.68190383204441
57,109.0,109.83996,103.25431,109.04226804836824
57,108.0,109.40139,108.22938,109.25942944537545
57,107.0,108.746216,114.12033,109.397158419139
57,106.0,108.36892,115.38134,109.2183026353037
57,105.0,101.88179,104.863556,102.24295815772702
57,104.0,98.09481,99.71505,98.29106284648299
57,103.0,95.60009,94.32041,95.44508829189222
58,125.0,118.10332,120.8035,118.43037803719673
58,125.0,118.72873,122.08623,119.13540803843748
58,125.0,118.7698,123.00027,119.28221610525692
58,125.0,119.28142,120.93072,119.48119015967765
58,125.0,119.39545,119.10132,119.35982031286927
58,125.0,119.49222,120.43395,119.60628609815517
58,125.0,119.56162,117.68901,119.33480147349209
58,125.0,119.57698,120.6787,119.71042735369736
58,125.0,119.60748,120.8429,119.75712385656335
58,125.0,119.596855,122.89901,119.9968304269546
58,125.0,119.43651,121.03751,119.63043084655109
58,125.0,119.438385,121.133385,119.64369276897136
58,125.0,119.33094,122.20141,119.67862725999107
58,125.0,119.28891,120.85643,119.47877664115055
58,125.0,119.07256,121.61502,119.38051972756524
58,125.0,119.00182,122.22448,119.39216941496967
58,125.0,119.21414,123.00253,119.67301277815092
58,125.0,118.35074,115.95317,118.06033182880003
58,125.0,118.54077,116.62259,118.30843060197793
58,125.0,118.59282,118.76749,118.6139758925785
58,125.0,118.02286,117.166664,117.91915075787288
58,125.0,118.31998,121.430565,118.69674847756174
58,125.0,118.037796,118.56974,118.10222805989756
58,125.0,117.64096,118.59545,117.75657389347887
58,125.0,116.9797,121.52031,117.52968218853427
58,125.0,117.05745,121.545586,117.60107728826617
58,125.0,117.616066,121.58077,118.09629319890774
58,125.0,117.17348,123.35643,117.92239070075374
58,125.0,117.550125,123.8262,118.31031839227836
58,125.0,117.25515,119.18518,117.48892587361561
58,125.0,117.018814,118.62449,117.21330231286427
58,125.0,117.101814,117.95566,117.20523655087811
58,125.0,116.83571,120.0331,117.22299394042172
58,125.0,116.54495,117.97558,116.71823773408907
58,125.0,117.11425,119.74659,117.43309373290234
58,125.0,115.336395,118.79347,115.75513559728515
58,125.0,115.41621,119.15756,115.86938012605549
58,125.0,115.52905,120.72391,116.15828233752575
58,125.0,115.09015,120.25867,115.71618848547469
58,125.0,113.65384,115.930664,113.92962077090965
58,125.0,114.20737,115.804695,114.40084418798214
58,125.0,106.66479,112.53375,107.37566888571138
58,125.0,107.433266,109.73334,107.71186312267764
58,125.0,103.27443,107.26231,103.75746307710824
58,125.0,103.995415,109.63625,104.67866437769216
58,125.0,101.37423,102.515236,101.51243445989313
58,125.0,97.72444,103.84872,98.46624769115004
58,125.0,99.14017,106.988045,100.09074566384488
58,125.0,101.178185,113.23441,102.63850175513622
58,125.0,104.15875,119.10646,105.96930171216938
58,125.0,108.60351,121.01911,110.10735473364647
58,125.0,112.74701,119.15126,113.5227276721412
58,125.0,116.277374,121.733505,116.93825109791273
58,125.0,116.47798,122.117676,117.16109259400442
58,125.0,115.9558,120.32641,116.48519488014655
58,125.0,113.786606,116.35893,114.09818029963753
58,125.0,109.250626,117.30948,110.22675857776541
58,125.0,103.49089,115.7708,104.9783009394262
58,125.0,91.61139,117.415596,94.73693773827767
58,124.0,88.596695,117.66204,92.11725074792226
58,123.0,84.52904,120.27313,88.85856038973102
58,122.0,83.76099,118.28342,87.94253447441267
58,121.0,85.6286,118.78589,89.64479555425444
58,120.0,88.84929,122.06051,92.87201598628221
58,119.0,90.21173,119.840485,93.80052984649507
58,118.0,94.12936,120.082344,97.27292612041174
58,117.0,97.70839,119.15747,100.30642092612187
58,116.0,98.39193,118.25413,100.79774913856849
58,115.0,99.30159,112.86637,100.9446314592947
58,114.0,101.60713,113.74271,103.07705999527919
58,113.0,105.62302,116.03778,106.88451035593476
58,112.0,108.99736,117.18443,109.98902386618282
58,111.0,113.13064,119.291016,113.87681719548101
58,110.0,113.42949,113.00832,113.37847523974756
58,109.0,113.993774,115.17256,114.13655565809893
58,108.0,112.77841,119.45387,113.58698068437138
58,107.0,112.65572,116.96247,113.1773806955855
58,106.0,106.876854,112.88921,107.60510426923642
58,105.0,102.5151,107.54223,103.12401244046536
58,104.0,92.71721,105.66284,94.28525568698116
58,103.0,85.54527,102.66795,87.61926682813188
58,102.0,83.62041,95.655945,85.07821815166734
58,101.0,87.15447,108.29199,89.71476592872799
58,100.0,89.22743,108.79047,91.59701538299687
58,99.0,95.25853,112.546814,97.35258249468473
58,98.0,104.43864,112.740616,105.44421850584727
58,97.0,108.74567,110.79447,108.99382915166612
58,96.0,113.12438,110.58673,112.81700765503652
58,95.0,112.95927,110.209595,112.62621115499955
58,94.0,109.72156,101.330986,108.70524507286748
58,93.0,107.22516,106.4048,107.12579234934663
58,92.0,103.4756,107.49637,103.96261880997164
58,91.0,93.40213,109.979034,95.41001666885154
58,90.0,86.48751,112.46078,89.63353671378428
58,89.0,84.1734,110.04304,87.30687466348473
58,88.0,87.29502,106.72644,89.64866228889373
58,87.0,92.482025,104.45997,93.93286005285445
58,86.0,98.344765,103.92265,99.02038948405266
58,85.0,99.5604,109.21249,100.72951587902243
58,84.0,98.776855,100.76495,99.01766493696476
58,83.0,89.1075,101.59261,90.61976451473241
58,82.0,83.32177,103.351685,85.74790403680728
58,81.0,76.768036,103.50367,80.00640406860128
58,80.0,76.58771,101.55822,79.61227440334412
58,79.0,65.90259,102.993416,70.39523458259146
58,78.0,64.908134,113.584694,70.80410917754214
58,77.0,63.621082,115.00488,69.84497306747994
58,76.0,66.26539,116.890915,72.39743289050466
58,75.0,69.51965,106.87952,74.04488706396923
58,74.0,75.60527,109.13369,79.66641841849527
58,73.0,79.141525,111.44583,83.05440189267695
58,72.0,81.8593,105.278145,84.69591917087975
58,71.0,80.81376,104.07104,83.63080934090902
58,70.0,82.16852,106.64769,85.13357104851181
58,69.0,80.52358,108.72602,83.93961813117473
58,68.0,77.52875,101.09292,80.38297055753662
58,67.0,76.26358,99.884026,79.1246195901949
58,66.0,74.34686,106.12802,78.19637288178767
58,65.0,71.8955,98.43882,75.11057420734883
58,64.0,71.3416,97.68831,74.53285810280286
58,63.0,67.621635,93.058014,70.70263060401975
58,62.0,62.344574,92.92566,66.04872453977255
58,61.0,57.51207,83.26704,60.63165404490676
58,60.0,54.95663,89.324814,59.119495566980355
58,59.0,48.200787,87.29375,52.93594265948849
58,58.0,47.050755,103.18923,53.85055812236625
58,57.0,45.73468,90.956505,51.212198262430476
58,56.0,45.360634,91.935326,51.002018702673595
58,55.0,50.505505,94.7337,55.862669249054164
58,54.0,55.489532,97.76385,60.61003183512758
58,53.0,56.040302,84.24636,59.45677644164816
58,52.0,60.782795,103.17727,65.91784865906233
58,51.0,59.086792,96.585075,63.628791946286235
58,50.0,58.344646,78.679214,60.8076820568177
58,49.0,62.77575,81.501724,65.04394310973426
58,48.0,66.0447,87.21095,68.60847441564115
58,47.0,66.472916,87.99938,69.08032058728024
58,46.0,61.427864,85.05006,64.28911496487028
58,45.0,55.880356,64.67041,56.945055941699174
58,44.0,53.446735,67.01218,55.089856811463804
58,43.0,48.46926,53.99933,49.13909359395845
58,42.0,44.846916,54.267338,45.987969884725466
58,41.0,42.08944,51.97368,43.28667323652094
58,40.0,39.342476,46.96968,40.26632522912861
58,39.0,41.076218,46.196716,41.69644083402695
58,38.0,37.502438,36.58664,37.39151103841864
58,37.0,35.9279,36.520588,35.99968824649008
59,125.0,114.526825,122.5449,115.49801852626844
59,125.0,115.23832,124.68285,116.38229374703103
59,125.0,115.16041,125.446205,116.40628078602887
59,125.0,115.93135,125.58135,117.10021238725174
59,125.0,116.9466,127.536865,118.22935327338689
59,125.0,117.963356,127.57116,119.1271064196851
59,125.0,118.84261,127.68258,119.91335888439735
59,125.0,119.288925,126.9809,120.22062024151876
59,125.0,119.6883,124.57995,120.28080452877697
59,125.0,119.58685,123.841194,120.10216240824687
59,125.0,119.929474,125.46977,120.60054553910145
59,125.0,120.03465,125.43696,120.68900991208255
59,125.0,120.01218,124.04536,120.50069766174177
59,125.0,119.91711,124.475494,120.4692438227221
59,125.0,120.00113,125.86198,120.71102748573087
59,125.0,119.89356,127.37481,120.79973241928366
59,125.0,119.90929,126.44805,120.70129795760874
59,125.0,119.988884,126.48942,120.77626469269866
59,125.0,120.12869,126.06352,120.84755210117096
59,125.0,120.022316,127.52431,120.93099874887866
59,125.0,120.199356,126.16807,120.92231954607544
59,125.0,120.0529,126.31008,120.81080646012535
59,125.0,120.13352,124.49387,120.66167198639035
59,125.0,120.020584,124.88105,120.60931069259429
59,125.0,120.19929,125.249825,120.81103646670549
59,125.0,120.24487,125.4072,120.87016314966118
59,125.0,120.084946,126.22935,120.82918965574703
59,125.0,120.39305,126.32521,121.11158718158316
59,125.0,120.413055,126.63796,121.1670506537834
59,125.0,120.541824,126.25243,121.23352501226682
59,125.0,120.77515,126.85012,121.51098101892515
59,125.0,120.5155,125.9348,121.17191813493177
59,125.0,120.04213,123.291,120.43565076390263
59,125.0,119.742096,126.220695,120.5268198384395
59,125.0,119.57913,124.855385,120.2182210614577
59,125.0,119.36795,125.13244,120.06617720791454
59,125.0,118.827866,125.471825,119.63261875070927
59,125.0,119.214355,125.90605,120.02489080366833
59,125.0,119.02693,125.780106,119.84491361272921
59,125.0,119.193794,125.43941,119.95029753126265
59,125.0,119.70365,125.7656,120.43790849922078
59,125.0,119.880646,125.225044,120.52798892457274
59,125.0,120.08297,125.6691,120.75959248383094
59,125.0,120.11417,125.3628,120.749909946442
59,125.0,120.02283,123.620125,120.45855178352868
59,125.0,119.85962,123.30784,120.2772865772354
59,125.0,119.59153,124.15555,120.14434903704002
59,125.0,119.562805,124.611984,120.17438973554448
59,125.0,119.554825,124.21733,120.11957341479093
59,125.0,118.951706,123.55097,119.50879453272788
59,125.0,118.86554,122.98029,119.36394133171484
59,125.0,118.459854,122.83568,118.98987818300094
59,125.0,118.80856,124.5409,119.50289578213211
59,125.0,117.725815,119.52106,117.94326451973097
59,124.0,118.637634,121.52947,118.98790973563226
59,123.0,118.1469,117.95412,118.12354583563055
59,122.0,117.05966,118.200386,117.19783270173647
59,121.0,116.84123,120.62163,117.29913476019476
59,120.0,115.623405,119.08708,116.04294514924968
59,119.0,113.82104,118.49908,114.38766737541175
59,118.0,112.76012,118.63176,113.47132253458952
59,117.0,111.549225,118.081215,112.34041569837264
59,116.0,111.379974,118.43398,112.23439497644002
59,115.0,107.85869,116.67806,108.92693983348025
59,114.0,108.01681,119.702446,109.43223686142751
60,125.0,118.0754,119.10078,118.19960045463854
60,125.0,118.35413,117.43884,118.2432685064411
60,125.0,118.97691,115.383125,118.54161390975433
60,125.0,119.152954,117.09245,118.90337478618383
60,125.0,118.98705,116.47544,118.68283255646352
60,125.0,119.41017,117.82985,119.21875411551804
60,125.0,119.66742,119.37966,119.63256460477594
60,125.0,119.70524,119.65553,119.69921773593396
60,125.0,119.80346,119.93404,119.81927538815592
60,125.0,119.37163,120.54594,119.51386659640754
60,125.0,118.93964,116.71486,118.67015888040797
60,125.0,118.07835,108.88082,116.96429103534176
60,125.0,117.55198,109.741425,116.60592140584673
60,125.0,115.18793,103.242546,113.74103646066102
60,125.0,113.94639,96.49056,111.8320418573168
60,125.0,114.369156,103.05539,112.99876977034347
60,125.0,115.1159,101.38574,113.45282553167124
60,125.0,115.802795,108.34647,114.89964439003101
60,125.0,117.02547,112.93076,116.52949371107248
60,125.0,118.50499,115.65582,118.1598827384628
60,125.0,118.576065,115.51879,118.20575110509297
60,125.0,119.417786,111.53416,118.46287681619148
60,125.0,119.64421,106.581154,118.06194094357727
60,125.0,119.505264,111.33199,118.51527236877295
60,125.0,119.28346,104.24903,117.46240884345997
60,125.0,119.141106,114.61305,118.59264273703747
60,125.0,119.339096,118.29407,119.21251640174602
60,125.0,119.27336,116.564,118.94518871978578
60,125.0,119.15024,114.66602,118.60708508454678
60,125.0,119.28347,114.901794,118.75273730091753
60,125.0,119.33441,113.47941,118.62522115750559
60,125.0,119.25595,114.029564,118.6229019591117
60,125.0,118.96721,108.99049,117.75877382530521
60,125.0,118.8492,109.94103,117.77019106347082
60,125.0,117.91594,115.74305,117.65274688410895
60,125.0,116.36859,109.5962,115.54828161398598
60,125.0,115.65644,110.963844,115.08804744135361
60,125.0,114.01108,99.792244,112.28881389448014
60,125.0,115.76142,96.33178,113.40799529054065
60,125.0,114.81502,101.2402,113.17076007196142
60,125.0,113.19801,95.61716,111.0685225289608
60,125.0,112.27694,96.470985,110.36243462636762
60,125.0,110.6525,92.89965,108.50217324668621
60,125.0,108.68174,98.77118,107.4813177674696
60,125.0,111.97553,96.20012,110.06472699659531
60,125.0,111.20088,90.38057,108.67901029136915
60,125.0,114.4588,93.532455,111.92408625875308
60,125.0,113.015976,98.87977,111.30372012644202
60,125.0,114.591736,101.428085,112.9972815175323
60,125.0,114.5656,99.99881,112.80118745511298
60,125.0,116.65515,94.43591,113.96383405503008
60,125.0,116.69585,99.60456,114.62565528804359
60,125.0,117.062096,101.14262,115.13384005173128
60,125.0,116.974976,104.491066,115.4628552502507
60,125.0,117.22705,102.94591,115.49723955126828
60,125.0,115.108475,103.125656,113.6570493158721
60,125.0,112.51767,101.39279,111.17016279253788
60,125.0,113.22525,107.09637,112.48288591611731
60,125.0,110.15025,103.94932,109.39916162998094
60,125.0,106.8358,102.75352,106.34133142152749
60,125.0,102.76621,99.74861,102.40070390070157
60,125.0,101.55227,102.492836,101.66619567298312
60,125.0,101.14867,102.81507,101.35051055967493
60,125.0,96.87495,99.819496,97.23160676001419
60,125.0,99.741486,104.54953,100.32386259071794
60,125.0,106.40733,115.69073,107.53178950048343
60,125.0,106.179,106.34716,106.19936926348475
60,125.0,104.54694,109.11996,105.10085238646433
60,125.0,107.92988,111.19817,108.3257522778313
60,125.0,105.88411,107.14401,106.03671592709689
60,125.0,103.93667,104.65644,104.02385121171123
60,125.0,100.32645,106.760445,101.10576805066572
60,125.0,93.80587,106.99002,95.40280747428352
60,125.0,94.15091,108.418236,95.87904708234367
60,125.0,86.69658,107.305626,89.1928609898805
60,125.0,80.84221,112.77939,84.71061709385299
60,125.0,76.79512,118.99283,81.90634056939642
60,125.0,70.67572,115.39308,76.09213492274436
60,125.0,68.853386,111.9173,74.06952560187557
60,125.0,66.13137,109.211945,71.34952848721282
60,125.0,65.287704,118.44359,71.7262397799967
60,125.0,63.275948,112.30285,69.21435762843811
60,125.0,67.167625,121.383934,73.73460527023911
60,125.0,70.52146,112.28686,75.58031778958986
60,125.0,75.310455,119.78192,80.6970858179331
60,125.0,81.86403,120.829155,86.58370099808482
60,125.0,88.32762,123.81219,92.62570876915615
60,125.0,92.89222,116.27843,95.72488664619914
60,125.0,97.21771,118.861015,99.83926923056482
60,125.0,99.04143,116.293526,101.13109736855066
60,125.0,101.08626,116.596985,102.96500316332157
60,125.0,98.12833,106.52287,99.1451204240208
60,125.0,93.70638,104.49764,95.01347995523003
60,124.0,90.60961,97.62427,91.45926553954133
60,123.0,91.54679,97.14353,92.22469933831518
60,122.0,87.19899,93.90498,88.01125699376577
60,121.0,84.24714,93.45052,85.36190391413164
60,120.0,75.57608,91.97842,77.56282219894199
60,119.0,81.17399,97.96547,83.20786560615247
60,118.0,75.53832,86.23337,76.83376564379343
60,117.0,72.86547,93.32814,75.34402283469184
60,116.0,77.36864,86.03671,78.41856244813157
60,115.0,78.955124,95.80198,80.99570838870295
60,114.0,81.477974,97.01086,83.35940279541857
60,113.0,85.42096,96.30281,86.73902961269374
60,112.0,89.764114,103.043564,91.37259491296912
60,111.0,88.30719,98.743484,89.57129179120433
60,110.0,87.74827,90.453156,88.07589908257879
60,109.0,88.92702,100.67383,90.34985606772244
60,108.0,84.06947,94.99209,85.39248095072722
60,107.0,81.19934,93.76517,82.72138337401812
60,106.0,76.21847,100.75539,79.19051531760417
60,105.0,77.57445,103.6667,80.7348861551284
60,104.0,74.09073,102.33841,77.5122444317785
60,103.0,70.84268,110.62243,75.66102536009771
60,102.0,72.884964,108.29623,77.17417240577117
60,101.0,74.78023,107.26847,78.71538376315544
60,100.0,80.228874,104.902435,83.21747270349458
61,125.0,113.81775,119.40051,114.49396430722064
61,125.0,113.75638,120.64482,114.5907445749912
61,125.0,114.94238,120.71425,115.64150319973987
61,125.0,115.32475,119.768974,115.86306155166204
61,125.0,115.865395,120.118904,116.38060324470135
61,125.0,116.66525,120.11379,117.08295893496874
61,125.0,116.50212,122.73416,117.25698025265379
61,125.0,116.51859,122.85043,117.28554045799164
61,125.0,116.64105,122.907646,117.40009684190508
61,125.0,116.25221,123.69426,117.1536345261996
61,125.0,115.02994,119.86737,115.61587442843631
61,125.0,114.3461,119.36791,114.95436961435608
61,125.0,114.85597,123.58322,115.91306508572849
61,125.0,114.415,123.342255,115.49631937437816
61,125.0,114.54622,123.35893,115.61366359904846
61,125.0,114.42062,120.56508,115.16487422513488
61,125.0,113.82451,124.07981,115.06668774710964
61,125.0,114.57112,122.84209,115.57294641620054
61,125.0,115.89605,124.39756,116.92579959363259
61,125.0,116.94498,124.70759,117.8852273298472
61,125.0,116.91824,124.05329,117.78247996425333
61,125.0,116.745056,122.28513,117.41610101516987
61,125.0,116.63745,122.620544,117.36215659479241
61,125.0,116.612625,121.01057,117.14532818720092
61,125.0,115.65318,119.91886,116.16986559853606
61,125.0,116.36555,118.80717,116.66128971422941
61,124.0,115.87822,113.1732,115.55057293940729
61,123.0,112.83967,113.50084,112.91975296571407
61,122.0,113.31277,120.97801,114.24122400201458
61,121.0,111.16636,121.27342,112.39058248199206
61,120.0,110.50821,118.39211,111.46315132497949
61,119.0,109.442505,117.825836,110.4579404424161
61,118.0,110.32342,121.93038,111.72931749951807
61,117.0,109.37619,115.225174,110.08465152274803
61,116.0,105.443924,114.11903,106.49470134698925
61,115.0,108.00808,114.02854,108.73731126483545
61,114.0,110.28664,112.92762,110.60652692413115
61,113.0,112.17848,113.7762,112.37200643012935
61,112.0,113.2174,117.556,113.7429148992595
61,111.0,114.36859,119.18979,114.9525614771081
61,110.0,115.13841,117.72725,115.451986724168
61,109.0,117.21304,121.93527,117.78502576734701
61,108.0,118.180954,115.99066,117.9156536272376
61,107.0,118.51127,121.9639,118.9294701905481
61,106.0,118.92067,118.846,118.91162524647616
61,105.0,119.35685,119.72818,119.40182725010607
61,104.0,119.51209,121.68618,119.77543012326349
61,103.0,120.02041,121.79887,120.23582527873656
61,102.0,119.47075,121.346985,119.69800900191943
61,101.0,119.794174,118.198845,119.60093906772757
61,100.0,119.39654,119.07558,119.35766120538361
61,99.0,118.53404,117.84753,118.45088775804548
61,98.0,117.10348,114.856606,116.83132389220401
61,97.0,115.92737,112.13051,115.46747146445432
61,96.0,114.216675,112.79554,114.0445390616878
61,95.0,113.75454,107.752464,113.02753486980615
61,94.0,112.76021,111.60561,112.62035725311262
61,93.0,108.84142,110.497215,109.04198176915554
61,92.0,106.695206,107.70951,106.8180639467378
61,91.0,104.37448,107.43533,104.74522856928357
61,90.0,102.46007,103.69032,102.60908306987416
61,89.0,104.79052,109.21679,105.32665401684325
61,88.0,105.07287,110.812164,105.76804368935592
61,87.0,103.893364,114.86113,105.22184054672191
61,86.0,100.961296,114.573906,102.61013084918704
61,85.0,96.04388,105.476555,97.18641492398308
61,84.0,94.948654,108.19745,96.55342161559336
61,83.0,86.221664,107.409325,88.78803128724576
61,82.0,81.97783,105.02196,84.76906155775718
61,81.0,79.68284,102.73867,82.47548860993975
61,80.0,75.85034,104.160034,79.27936867202256
61,79.0,76.977295,103.4816,80.18764302426418
61,78.0,78.469604,103.62887,81.5170339701874
61,77.0,77.56061,104.42682,80.81479231076112
61,76.0,77.30858,101.14291,80.19552438668423
61,75.0,78.844604,103.49533,81.83043711426433
61,74.0,80.992355,106.52828,84.08540836045216
61,73.0,74.91579,90.65407,76.82209461274888
61,72.0,70.09774,93.14367,72.88919084264073
61,71.0,70.16026,100.00507,73.77523195118057
61,70.0,65.20826,93.84732,68.6771814072891
61,69.0,66.15854,97.80139,69.99129655845468
61,68.0,66.97625,100.42958,71.02830259208868
61,67.0,68.152534,102.471115,72.30939121425187
61,66.0,66.08072,104.96249,70.79029418589091
61,65.0,63.137794,99.128624,67.49720327360862
61,64.0,62.33945,99.69018,66.8635779526541
61,63.0,61.464943,98.817635,65.98930800810028
61,62.0,55.32029,89.50522,59.4609577023623
61,61.0,55.761448,87.711914,59.631465483546755
61,60.0,47.527817,89.20459,52.57593856051828
61,59.0,46.140053,89.42046,51.38241607083049
61,58.0,46.661873,91.77124,52.12576950182066
61,57.0,48.769814,95.35411,54.41236185040324
61,56.0,47.936546,92.78352,53.36866081582525
61,55.0,49.354263,89.93868,54.270073143522666
61,54.0,48.020275,95.09683,53.72244868628405
61,53.0,48.849033,100.56898,55.11363968063493
61,52.0,47.21336,91.931366,52.62985262834451
61,51.0,51.968372,88.79419,56.428919455676706
61,50.0,53.3687,91.69187,58.010613340323516
61,49.0,48.38669,89.19242,53.32930478540487
61,48.0,51.157326,85.98218,55.375504867916575
61,47.0,59.403214,99.4907,64.25883206115618
61,46.0,59.04209,88.15777,62.568743555007124
61,45.0,60.856277,90.95175,64.50160813930991
61,44.0,64.99889,90.478294,68.08509998679861
61,43.0,65.291916,89.90165,68.27278324810658
61,42.0,61.93593,82.7985,64.46291868190691
61,41.0,64.72769,86.730286,67.39276780553368
61,40.0,63.086456,88.3314,66.1442635833244
61,39.0,61.00552,70.97086,62.21257751119278
61,38.0,59.1074,82.157776,61.89938841490513
61,37.0,62.48141,79.63129,64.55869898755323
61,36.0,60.963566,70.17659,62.079498382242036
61,35.0,55.659515,55.292652,55.61507887023768
61,34.0,55.709385,60.778343,56.32336524497005
61,33.0,50.630287,53.904526,51.02688109861955
61,32.0,46.56064,44.12886,46.266088001461696
61,31.0,39.23149,38.36135,39.12609489931079
61,30.0,36.59552,43.31383,37.40927912808829
61,29.0,33.89219,42.460114,34.92998353723495
61,28.0,31.885475,42.15904,33.129866107005576
61,27.0,33.017494,41.62697,34.06032144090394
61,26.0,30.363384,40.161247,31.550155728278757
61,25.0,30.04375,36.3664,30.809585290472263
61,24.0,28.22192,33.59349,28.872554420048854
61,23.0,26.805103,40.18375,28.425599172583006
61,22.0,25.22175,34.291794,26.320364215305855
61,21.0,23.56654,36.908165,25.18255136908832
62,125.0,119.345566,123.78088,119.88279609825307
62,125.0,118.7207,122.568825,119.18680895032938
62,125.0,117.92364,119.36214,118.09787641787244
62,125.0,117.628555,120.3078,117.9530803039565
62,125.0,117.362274,120.29878,117.7179603189527
62,125.0,116.795975,120.374214,117.22939092836837
62,125.0,116.77892,121.48562,117.34902409188246
62,125.0,116.48908,124.504166,117.45991365861526
62,125.0,116.35435,121.299614,116.95334534847498
62,125.0,117.306725,120.709076,117.71883620822217
62,125.0,117.92433,121.00964,118.29804174442656
62,125.0,118.623276,123.26982,119.18609109486809
62,125.0,118.42777,124.67822,119.18486169137738
62,125.0,118.668274,124.62008,119.38918955489262
62,125.0,118.23683,124.44855,118.98922910482827
62,125.0,119.12071,123.188576,119.61343445312806
62,125.0,118.9422,123.928925,119.54621946501535
62,125.0,119.09566,122.04884,119.45336361208939
62,125.0,119.232544,124.20338,119.83463877267043
62,125.0,119.16808,124.67158,119.83469692443418
62,125.0,119.38455,124.73333,120.03242561632953
62,125.0,119.43044,124.74913,120.07467171661474
62,125.0,119.40449,125.07822,120.09172111153211
62,125.0,119.62444,124.94893,120.26937428782013
62,125.0,119.67623,125.67068,120.40231188965838
62,125.0,119.74466,126.05036,120.50844103086835
62,125.0,119.84322,126.360725,120.63265952308701
62,125.0,119.95736,126.49077,120.7487220441298
62,125.0,120.05121,125.79445,120.74686160550864
62,125.0,119.964325,123.40146,120.3806496493282
62,125.0,120.08941,123.26348,120.47387010267738
62,125.0,120.2651,123.614716,120.67082275182861
62,125.0,120.25612,123.611115,120.66249445522934
62,125.0,120.38635,125.13585,120.96163787895237
62,125.0,120.28358,124.0595,120.7409378945906
62,125.0,120.07011,125.582535,120.73780237801235
62,125.0,119.98426,126.15312,120.73146724739394
62,125.0,119.407425,124.13108,119.9795802906367
62,125.0,119.54271,124.83294,120.18349130983741
62,125.0,119.86426,124.99828,120.48611945027268
62,125.0,119.9155,126.250854,120.68287046650252
62,125.0,120.093735,121.38597,120.2502575687381
62,125.0,119.99112,122.286255,120.2691189192885
62,125.0,120.08935,123.564354,120.51025984218214
62,125.0,119.999626,124.76684,120.57705729356358
62,125.0,119.61279,123.79572,120.11945263738187
62,125.0,119.17877,123.03103,119.64537866807655
62,125.0,119.00198,122.62449,119.44076155217189
62,125.0,118.98395,124.81436,119.69015979627108
62,125.0,119.333176,125.71508,120.10618732243415
62,125.0,119.44107,124.17551,120.01453169439125
62,125.0,119.88448,125.244484,120.5337163242949
62,125.0,120.14127,125.338585,120.77080066657386
62,125.0,120.34939,124.37855,120.83742226225596
62,125.0,120.385155,125.10496,120.95684341014775
62,125.0,120.52176,125.6866,121.14735316967918
62,125.0,120.60279,127.19439,121.40120178442518
62,125.0,120.46936,125.592636,121.0899199119217
62,125.0,120.16819,124.50902,120.69397514598413
62,125.0,120.00928,126.45502,120.79002107351872
62,125.0,119.66624,124.1141,120.20498642413085
62,125.0,119.73333,126.29721,120.5283834166624
62,125.0,119.6199,124.32643,120.18998429114731
62,125.0,119.791306,124.9093,120.41122561507662
62,125.0,119.560165,126.12734,120.35561826647607
62,125.0,120.060104,126.07731,120.7889415092274
62,125.0,119.886024,126.83483,120.72770247065071
62,125.0,120.121,126.80595,120.93071969079934
62,125.0,120.11225,125.90901,120.81438705478382
62,125.0,120.021065,126.75207,120.83636113142654
62,125.0,119.818665,125.55744,120.5137770531792
62,125.0,119.88999,126.27272,120.66310322788073
62,125.0,119.92822,126.59196,120.73537111130999
62,125.0,120.16838,126.693016,120.95868073572693
62,125.0,120.205956,127.7227,121.11642551280275
62,125.0,120.24934,125.24387,120.8543022939682
62,125.0,119.823906,124.130325,120.34552333170635
62,125.0,120.101524,126.90695,120.9258354636751
62,125.0,120.136536,126.081726,120.85665006632007
62,125.0,120.03583,125.55397,120.70421567018803
62,125.0,119.85859,125.88946,120.58908140064847
62,125.0,119.43511,126.32108,120.26917898755772
62,125.0,119.66048,127.18954,120.57243821290002
62,125.0,119.51024,125.307755,120.21246590784781
62,125.0,119.66011,124.798,120.2824397133723
62,125.0,119.16491,123.91385,119.74012724232004
62,125.0,118.89374,125.059296,119.64054433967665
62,125.0,118.914345,123.43018,119.46132819500686
62,125.0,118.975044,123.788445,119.55806997392345
62,125.0,119.28638,123.325165,119.77557732539569
62,125.0,119.72024,123.64816,120.196009795549
62,125.0,119.98144,122.74226,120.31584424618866
62,125.0,119.830894,123.486465,120.27367749230686
62,125.0,119.93119,121.57925,120.13081217304753
62,125.0,119.81802,122.72093,120.1696400301541
62,125.0,119.88871,122.01805,120.14662762301622
62,125.0,119.501335,123.24221,119.95445069101797
62,125.0,119.24762,119.49965,119.27814682924475
62,125.0,119.06834,121.14254,119.31957551194283
62,125.0,118.687126,120.32114,118.8850465470899
62,125.0,117.853226,122.52619,118.41924125475742
62,125.0,117.91971,122.74454,118.50411829899751
62,125.0,115.22189,122.28056,116.076878555748
62,125.0,113.933426,122.16431,114.9303958058081
62,125.0,113.72624,123.304535,114.88641799193458
62,125.0,112.80722,119.54775,113.6236710511942
62,125.0,112.921425,117.38751,113.4623821220933
62,125.0,113.20421,117.66398,113.74440046353932
62,125.0,114.009415,124.39953,115.26792285722466
62,125.0,115.67532,125.404396,116.85376268886044
62,125.0,117.54951,123.82666,118.30983071147412
62,125.0,118.10493,122.49557,118.63674575048603
62,125.0,118.87765,119.90232,119.00176152984912
62,125.0,118.690796,118.6217,118.68242619287759
62,125.0,118.41528,120.01291,118.60879648821557
62,125.0,117.70052,116.50584,117.55581627768765
62,125.0,117.66904,119.51736,117.89291563061563
62,125.0,117.059494,121.15103,117.55508371888557
62,125.0,116.79128,117.56149,116.88457479087258
62,125.0,116.92442,117.41925,116.98435943983417
62,125.0,116.431725,112.03944,115.89970625209736
62,125.0,115.59706,112.48163,115.21970267356053
62,125.0,114.54467,112.470406,114.29342368693754
62,125.0,113.41073,114.34672,113.52410067690404
62,125.0,112.306305,112.100334,112.28135661089416
62,125.0,111.74352,111.59142,111.72509949619686
62,125.0,112.25528,114.489586,112.52591111016044
62,125.0,109.34067,108.87475,109.28423297261229
62,125.0,110.20896,107.27873,109.85403588406751
62,125.0,107.63408,109.059395,107.80672113727015
62,125.0,105.54085,107.7699,105.81084263253405
62,125.0,103.86385,110.72223,104.69457792027633
62,124.0,101.16192,110.75382,102.32374318701467
62,123.0,97.61988,108.90236,98.98647699590907
62,122.0,97.28084,110.73615,98.91062031047869
62,121.0,98.32921,113.150604,100.12445800414953
62,120.0,99.897095,112.51804,101.42581400795613
62,119.0,99.35939,111.354324,100.8122831682818
62,118.0,98.843346,111.8485,100.4186024085548
62,117.0,98.37541,111.95412,100.02013998984904
62,116.0,95.121635,109.70222,96.88771631520089
62,115.0,90.69641,108.32579,92.83177927811032
62,114.0,86.70373,110.018074,89.52769058987985
62,113.0,82.85281,107.8003,85.87459162677725
62,112.0,82.64797,104.299675,85.270546385284
62,111.0,80.99254,108.18196,84.28587204192627
62,110.0,86.526474,108.789116,89.22304859890637
62,109.0,88.34962,111.569695,91.16216151261673
62,108.0,94.49738,112.10021,96.62953534430865
62,107.0,97.375275,113.43184,99.32013473895587
62,106.0,98.19179,106.10936,99.15080793373882
62,105.0,93.70995,104.21478,94.98235647898609
62,104.0,93.03844,103.6434,94.32296906411455
62,103.0,90.96797,102.895,92.41263916756182
62,102.0,82.90931,101.29856,85.13671749434154
62,101.0,82.95877,103.08472,85.39653690435773
62,100.0,81.350266,104.4019,84.14240740992062
62,99.0,82.00526,101.37747,84.35172675561984
62,98.0,81.15175,98.03144,83.1963105336238
62,97.0,81.77608,98.347,83.78323930659205
62,96.0,81.958984,98.39457,83.94975354292403
62,95.0,76.548416,91.14281,78.31616966323608
62,94.0,76.79147,86.7441,77.9969909960089
62,93.0,76.36024,88.5266,77.83389488521311
62,92.0,75.013016,93.9786,77.31023239209821
62,91.0,74.61365,91.94511,76.71292985682507
62,90.0,75.28062,91.020744,77.18714826556199
62,89.0,75.589226,88.36692,77.13693098404907
62,88.0,74.22531,87.03956,75.77744392715465
62,87.0,72.287025,87.9298,74.18176525519675
62,86.0,75.00221,91.01178,76.94138005948403
62,85.0,74.8351,93.71281,77.12167096014014
62,84.0,72.238075,84.48412,73.72138447243182
62,83.0,73.27846,84.83547,74.67830729952834
62,82.0,74.67316,85.6066,75.99747574096597
62,81.0,76.82326,89.00582,78.29887710512867
62,80.0,76.36922,86.10548,77.5485266373921
62,79.0,76.16269,85.33039,77.27313206227329
62,78.0,76.621185,84.25199,77.5454708228215
62,77.0,73.949844,86.66992,75.4905706622089
62,76.0,72.08838,71.45214,72.01131422084016
62,75.0,74.55049,68.08852,73.76778108745775
62,74.0,72.648224,77.729095,73.263647208594
62,73.0,68.09187,70.08351,68.3331114263154
62,72.0,69.1725,72.97226,69.63274847349211
62,71.0,68.56876,74.29127,69.26190509895399
62,70.0,66.14578,68.57805,66.44039204030756
62,69.0,65.03502,69.66747,65.59612741934032
62,68.0,61.918427,66.25697,62.4439353469615
62,67.0,65.113945,67.45251,65.39720460191631
62,66.0,60.13206,63.322365,60.518488286528395
62,65.0,62.633224,64.510216,62.86057607519828
62,64.0,61.903114,58.352516,61.47304618897145
62,63.0,59.84146,60.335884,59.901348425629735
62,62.0,56.16523,62.451126,56.92661240300862
62,61.0,54.490017,58.81749,55.01418441826325
62,60.0,51.483566,52.810303,51.64426795774219
62,59.0,51.64387,54.37172,51.97428338527542
62,58.0,47.692513,51.57841,48.163194090774766
62,57.0,48.201027,49.9072,48.40768804148115
62,56.0,45.318146,49.628044,45.8401845350741
62,55.0,41.847996,44.49104,42.16813584057964
62,54.0,42.003788,47.449085,42.66335258204575
63,125.0,119.921974,104.92485,118.1054394213678
63,125.0,119.83906,109.43835,118.57926614286785
63,125.0,119.83548,114.710655,119.21473258071346
63,125.0,119.56736,109.03835,118.29202823439863
63,125.0,119.90085,109.40688,118.6297611569231
63,125.0,119.083824,104.35376,117.29963710297326
63,125.0,118.91933,109.21488,117.74387062149033
63,125.0,118.98448,111.40662,118.06660872236046
63,125.0,118.91067,108.20588,117.6140441300789
63,125.0,118.71898,110.207,117.68796090254024
63,125.0,118.55645,110.458176,117.57554202279705
63,125.0,118.415634,112.87387,117.74438506312978
63,125.0,118.45448,112.79519,117.76899795530315
63,125.0,117.96543,114.85663,117.58887578526455
63,125.0,117.15324,113.11064,116.66357488372456
63,125.0,117.189285,111.4701,116.49654590210959
63,125.0,116.73853,113.65256,116.3647425426654
63,125.0,117.06062,105.89015,115.70759377514487
63,125.0,117.46432,112.395454,116.85034854645215
63,125.0,117.69359,113.24074,117.15423433922494
63,125.0,116.95314,112.93602,116.46656437186562
63,125.0,117.50416,116.164764,117.34192324040382
63,125.0,117.28476,114.23857,116.91578830155485
63,125.0,117.90357,114.96028,117.54706439564582
63,125.0,117.00818,106.80444,115.7722457211236
63,125.0,118.33595,105.98602,116.840060798871
63,125.0,117.33592,99.38536,115.16165072121281
63,125.0,116.48131,102.13698,114.74384323663996
63,125.0,117.3831,102.69759,115.60431219127453
63,125.0,117.64844,111.031906,116.84700654171586
63,125.0,117.797104,105.42225,116.29819283965396
63,125.0,118.55259,114.798904,118.0979222811845
63,125.0,118.17558,110.37922,117.23124407972705
63,125.0,119.19301,112.99697,118.44251003848086
63,125.0,118.8625,112.2049,118.05609758480315
63,125.0,119.17669,113.12872,118.44412597893752
63,125.0,119.326126,119.50672,119.34800081435637
63,125.0,119.26588,116.52182,118.93350141073677
63,125.0,119.09077,112.30876,118.2692928277863
63,125.0,119.20007,117.218414,118.96004372666043
63,125.0,118.597046,110.08315,117.56579596638753
63,125.0,118.70724,114.77569,118.23102622562145
63,125.0,117.61707,115.109955,117.31339700154027
63,125.0,118.01393,116.748566,117.8606631783633
63,125.0,117.11225,111.135826,116.38835353494534
63,125.0,116.36495,119.66274,116.76439875725504
63,125.0,117.08177,119.02584,117.31724825368133
63,125.0,117.060074,119.773636,117.38875552592991
63,125.0,117.11858,115.65929,116.94182551517594
63,125.0,116.025154,109.32563,115.21367063731375
63,125.0,112.02595,100.30974,110.6068153384881
63,125.0,112.22099,95.729706,110.22347691367366
63,125.0,112.94096,105.62604,112.05493934011191
63,125.0,111.64039,104.15543,110.73376926670477
63,125.0,113.52013,111.63235,113.29146805689356
63,125.0,114.034805,113.66084,113.98950889863282
63,125.0,112.896675,108.191826,112.32679768837204
63,125.0,113.38436,109.887115,112.96075547032397
63,125.0,112.81662,111.0078,112.59752524873699
63,125.0,108.690796,104.212845,108.14840164392776
63,125.0,104.96718,100.700806,104.45041163516406
63,125.0,94.96994,104.98703,96.18326563679199
63,125.0,96.45375,113.147194,98.47575300213708
63,125.0,91.63596,113.47069,94.28070630244513
63,125.0,92.03609,106.99192,93.84762048890117
63,125.0,82.58617,108.19412,85.68794396115894
63,125.0,75.58839,107.82681,79.49328343055075
63,125.0,77.83036,104.18595,81.02269567400488
63,125.0,81.62174,109.93946,85.05174129219867
63,125.0,85.705414,111.28402,88.8036363289743
63,125.0,94.99312,114.33856,97.33634567093347
63,125.0,97.921455,111.99401,99.62600132124234
63,125.0,105.63723,115.39493,106.81913639979088
63,124.0,107.26567,110.14814,107.61481142197738
63,123.0,111.3132,102.56823,110.25396239048712
63,122.0,114.10111,109.26619,113.51547971511684
63,121.0,112.726395,105.12894,111.80614843797011
63,120.0,116.33676,109.57902,115.51822607995467
63,119.0,116.84323,114.0012,116.49898836272381
63,118.0,117.43808,110.729385,116.6254855718288
63,117.0,117.95061,107.29542,116.65999167919736
63,116.0,118.10185,103.7886,116.36815158883208
63,115.0,117.26512,104.16917,115.67886680613056
63,114.0,117.627556,103.074104,115.86476112035021
63,113.0,117.750305,108.36058,116.61296966471394
63,112.0,118.14809,110.586464,117.23218089858446
63,111.0,117.75388,109.96807,116.81082260623623
63,110.0,115.58354,104.20931,114.20583214879235
63,109.0,115.83496,105.10397,114.53516423875007
63,108.0,114.302605,104.81739,113.15370294640657
63,107.0,114.44233,92.48995,111.78333577362184
63,106.0,112.70655,90.08228,109.96617389228456
63,105.0,113.18234,94.88495,110.96606076145143
63,104.0,112.60902,94.067825,110.36320456988214
63,103.0,112.74748,95.60491,110.67107913216618
63,102.0,111.6884,95.20742,109.69213261900522
63,101.0,110.42328,96.33981,108.71741138683296
63,100.0,99.50528,95.52138,99.02272724888161
63,99.0,90.22107,85.68691,89.67186712947237
63,98.0,77.430374,94.602356,79.51033977477083
63,97.0,70.95494,91.338615,73.42392446221703
63,96.0,70.54248,101.43769,74.2846796026465
63,95.0,70.70593,109.087715,75.35494688543525
63,94.0,69.81985,108.13488,74.46077629690558
63,93.0,75.320076,113.3936,79.93175233237974
63,92.0,72.64451,101.8326,76.17993224258764
63,91.0,70.44772,95.472084,73.47881267304142
63,90.0,61.62996,90.38648,65.1131085989636
63,89.0,59.829746,93.65634,63.92701098633895
63,88.0,50.522682,76.12667,53.62397922969378
63,87.0,40.8676,64.68437,43.75241899517796
63,86.0,40.87455,71.75139,44.61452373176135
63,85.0,38.21998,71.22616,42.21786979960179
63,84.0,38.227562,78.51919,43.107907044115535
63,83.0,41.48971,60.39213,43.77927766206943
63,82.0,49.17501,76.01529,52.42605401637154
63,81.0,56.467094,82.98772,59.67941920481738
63,80.0,60.07554,78.34191,62.28806295330287
63,79.0,67.245316,82.33596,69.07317810878182
63,78.0,75.57373,85.152054,76.73391009171314
63,77.0,80.32722,93.024254,81.86515257794026
63,76.0,81.00525,94.0743,82.5882452493332
63,75.0,77.82335,95.28083,79.93789591919482
63,74.0,77.53224,87.7514,78.77004337074104
63,73.0,78.13336,85.62413,79.04068521376487
63,72.0,75.61649,80.344635,76.18919196833718
64,125.0,114.596344,115.58728,114.71637168950797
64,125.0,116.847305,118.36387,117.03099986575388
64,125.0,117.88107,119.29127,118.05188356076911
64,125.0,118.93724,116.57554,118.6511781665367
64,125.0,118.93678,117.71275,118.78852159354338
64,125.0,118.94588,117.800156,118.8071009436571
64,125.0,119.43409,116.10307,119.03061847188785
64,125.0,118.78649,112.757965,118.05628286892733
64,125.0,118.87127,117.6906,118.72825972574174
64,125.0,118.4124,118.116066,118.37650575841019
64,125.0,118.21355,120.15013,118.4481165996428
64,125.0,117.050995,117.69199,117.12863620594145
64,125.0,115.77902,116.507225,115.8672261790996
64,125.0,115.47357,116.669,115.61836851523312
64,125.0,113.6958,118.7452,114.30741214033543
64,125.0,113.99051,112.32367,113.78861218083425
64,125.0,116.19345,116.96521,116.28693066005381
64,125.0,116.75833,115.28193,116.5795012699638
64,125.0,117.19525,110.69355,116.40772935478553
64,125.0,117.989944,114.31861,117.54525221523711
64,125.0,117.845245,112.680664,117.21968264474707
64,125.0,117.99567,112.27253,117.30244843635401
64,125.0,118.38526,112.38193,117.65810443680238
64,125.0,118.418785,114.12787,117.89904550911638
64,125.0,117.930824,111.01741,117.0934332516708
64,125.0,115.60165,112.69857,115.25000974430606
64,125.0,116.47175,111.90315,115.91837469246681
64,125.0,116.58136,112.34456,116.06817502174901
64,125.0,115.401276,113.16424,115.1303132326087
64,125.0,115.33458,116.258354,115.44647218267885
64,125.0,113.77166,113.65013,113.75693963026559
64,125.0,111.239944,113.78097,111.54772728064927
64,125.0,112.443695,110.16256,112.16739128405206
64,125.0,110.16188,105.994354,109.65708661182659
64,125.0,108.35971,101.02846,107.47170868319807
64,125.0,108.392075,110.52317,108.65020473235303
64,125.0,103.69788,108.718834,104.30604894185234
64,125.0,98.10141,105.53193,99.00143557679641
64,125.0,91.74298,101.003,92.86460559648278
64,125.0,88.54709,107.36098,90.82593109830029
64,125.0,87.38778,108.580826,89.95479851925325
64,125.0,85.13387,105.93714,87.65368018055392
64,124.0,87.89451,111.173615,90.71420274438077
64,123.0,89.691895,111.67929,92.35512985019173
64,122.0,85.180786,110.94631,88.30164945012032
64,121.0,85.52459,114.94958,89.08870717639911
64,120.0,80.61398,110.9545,84.288994539189
64,119.0,76.03695,105.20847,79.57036586166416
64,118.0,73.66954,107.634575,77.7835736660029
64,117.0,68.07801,105.09083,72.5612081796838
64,116.0,70.93913,108.77106,75.5215450983034
64,115.0,67.608,109.30346,72.65838665359644
64,114.0,67.704,105.79499,72.31779402220661
64,113.0,69.94891,108.55939,74.62562817636933
64,112.0,71.003586,111.334915,75.88874000102611
64,111.0,73.118454,104.359764,76.90257464623835
64,110.0,69.74977,103.32549,73.81664866118228
64,109.0,71.088425,101.45846,74.76701146673769
64,108.0,70.126526,110.53607,75.02115408696045
64,107.0,69.045975,110.64136,74.08423806538838
64,106.0,68.08647,98.456764,71.76508976163268
64,105.0,67.989716,99.32574,71.78530820105215
64,104.0,65.87135,99.60411,69.957251742398
64,103.0,70.32203,106.972534,74.76134145808399
64,102.0,66.72231,97.893394,70.49792711947764
64,101.0,68.1918,103.917,72.51903686089834
64,100.0,67.09367,102.09707,71.33347895824959
64,99.0,72.59241,104.97502,76.51476896251725
64,98.0,71.98372,103.85077,75.84363264259326
64,97.0,69.79154,98.27637,73.24178197806962
64,96.0,73.5947,107.27754,77.6745557857415
64,95.0,76.9332,108.2542,80.72697098891274
64,94.0,81.85765,101.22828,84.2039286437955
64,93.0,84.18659,102.9304,86.4569456609662
64,92.0,87.7289,107.919655,90.17451360030897
64,91.0,88.828255,107.48497,91.08805949093266
64,90.0,90.25859,105.74448,92.13432700998969
64,89.0,90.31041,103.87172,91.9530305672485
64,88.0,92.14235,100.226654,93.12156505674639
64,87.0,95.784744,100.561325,96.36331020926926
64,86.0,95.07358,97.26134,95.33857142708038
64,85.0,93.21646,100.815834,94.1369393497451
64,84.0,93.39665,101.25285,94.34823885818021
64,83.0,92.688644,101.2547,93.7262125124688
64,82.0,93.32474,106.39744,94.90817550148297
64,81.0,91.87562,103.995415,93.34363494932062
64,80.0,91.67546,103.29585,93.0829870929972
64,79.0,93.251686,106.19229,94.81912392937356
64,78.0,99.28351,106.76618,100.1898512125929
64,77.0,98.20102,106.461136,99.20153039658686
64,76.0,102.491646,102.41133,102.4819176590268
64,75.0,101.67707,106.395386,102.24857910136345
64,74.0,101.44292,109.638596,102.43562290803024
64,73.0,103.43446,111.26772,104.38327132499849
64,72.0,106.3956,108.3512,106.63247210542825
64,71.0,105.0256,105.766426,105.11532999055002
64,70.0,104.374626,103.91674,104.3191645003014
64,69.0,99.50286,98.18615,99.3433736359171
64,68.0,93.06152,89.03323,92.57359464686235
64,67.0,84.27467,92.557556,85.27794212923529
64,66.0,74.54535,86.85377,76.03621297369686
64,65.0,69.27004,82.73391,70.90086064963748
64,64.0,67.16279,83.08849,69.09179805895188
64,63.0,64.42645,88.09806,67.29368901687995
64,62.0,60.091522,83.489975,62.92567252340601
64,61.0,57.6951,83.856255,60.863883078826944
64,60.0,56.44596,83.84046,59.76413478765606
64,59.0,56.156807,87.86929,59.9979990794751
64,58.0,54.04979,98.55739,59.440796530929326
64,57.0,58.577255,102.23111,63.86485208387249
64,56.0,55.68038,100.94963,61.16364415764966
64,55.0,54.92837,97.17375,60.0453660894032
64,54.0,52.399586,88.88284,56.818640090888636
64,53.0,51.975677,100.43689,57.84556814978797
64,52.0,45.299667,87.03662,50.35507856209633
64,51.0,42.41622,90.418686,48.23054619389422
64,50.0,42.839745,98.90097,49.63019102115212
64,49.0,40.32679,84.80268,45.713956338068655
64,48.0,42.7406,88.24419,48.25224714736123
64,47.0,42.576054,81.41726,47.2807157560827
64,46.0,41.283638,78.381546,45.777142270765395
64,45.0,43.812706,78.35935,47.997187279549955
64,44.0,41.18897,65.9187,44.18437094883873
64,43.0,41.17691,62.952045,43.8144354661321
64,42.0,40.564384,67.166595,43.786591724972695
64,41.0,42.417084,74.015755,46.24448993291912
64,40.0,43.782322,76.53291,47.74925509723367
64,39.0,39.58561,68.36908,43.072022901175465
64,38.0,39.424614,53.92483,41.18096067011979
64,37.0,38.107807,67.34418,41.64907837506647
64,36.0,35.78009,52.84036,37.84652461386567
64,35.0,33.425964,50.68195,35.51610494808247
64,34.0,31.48544,45.68115,33.20490229568833
64,33.0,31.672104,46.551514,33.47438047906786
64,32.0,29.348423,45.841427,31.34614705824466
64,31.0,27.595726,36.446014,28.667722004364297
64,30.0,27.555119,37.577023,28.769027128322797
64,29.0,24.819155,36.96548,26.290385085093384
64,28.0,24.55832,40.459072,26.48430644297062
65,125.0,117.97136,123.23971,118.60949085162625
65,125.0,118.74574,122.959175,119.2560970764899
65,125.0,118.87289,124.30684,119.53107708702674
65,125.0,119.29505,125.05245,119.99241984074324
65,125.0,119.27818,124.288795,119.88509614406644
65,125.0,119.47091,124.56797,120.08829342138718
65,125.0,119.6398,123.75289,120.13800134935038
65,125.0,117.88597,119.57045,118.09000447456495
65,125.0,117.20058,121.239395,117.68978085095549
65,125.0,116.56467,121.790215,117.19761406406805
65,125.0,116.882935,121.2984,117.41776032658488
65,125.0,116.47227,120.646965,116.97792969990172
65,125.0,116.8457,121.545494,117.41496785853867
65,125.0,116.30947,120.56011,116.82433231571315
65,125.0,116.1831,119.775154,116.61818760774469
65,125.0,116.10678,120.21376,116.60424111405744
65,125.0,115.58511,123.31482,116.52137834250469
65,125.0,114.77614,120.6,115.4815565336228
65,125.0,115.50484,119.84969,116.03111011216264
65,125.0,114.45887,123.41857,115.54411865215184
65,125.0,113.71238,124.58174,115.02893682007097
65,125.0,112.81288,124.83209,114.26871491174569
65,125.0,109.56672,124.85567,111.41860119781455
65,125.0,109.373566,121.81893,110.88101738276337
65,125.0,107.527504,121.92617,109.27155025793206
65,125.0,107.48918,119.9584,108.99952200960104
65,125.0,107.76526,119.83658,109.22740393351887
65,125.0,108.63421,121.03572,110.13634857764995
65,125.0,107.89433,119.505905,109.30079088687962
65,125.0,110.881645,121.0475,112.1129899636657
65,125.0,113.30402,123.14846,114.49643648145313
65,125.0,114.39136,121.00824,115.19283088942883
65,125.0,115.491066,120.172554,116.0581137617158
65,125.0,115.34622,123.7863,116.36853104752079
65,125.0,114.821846,123.445045,115.866335729636
65,125.0,114.99472,122.517914,115.90597134321831
65,125.0,113.490005,121.315735,114.43790121611636
65,125.0,113.68456,120.3289,114.48936203895676
65,125.0,113.81766,123.208084,114.95507800030981
65,125.0,113.630196,122.13864,114.66078573193069
65,125.0,109.997734,121.89478,111.43877058952634
65,125.0,109.63021,123.324745,111.28896878624232
66,125.0,116.53501,111.16892,115.88504086119335
66,125.0,116.84062,116.5978,116.81121015417627
66,125.0,117.22347,109.47198,116.28456850692056
66,125.0,118.39806,111.5763,117.5717740197496
66,125.0,119.16201,121.480064,119.44278576752889
66,125.0,119.18172,118.77888,119.13292274612115
66,125.0,118.81405,116.20787,118.49837400611541
66,124.0,118.30148,108.40464,117.10272267261448
66,123.0,117.82709,105.33078,116.31346538049876
66,122.0,118.1339,111.83096,117.37045642584805
66,121.0,116.52334,107.626526,115.44570707611024
66,120.0,116.658005,111.6496,116.05135866918167
66,119.0,115.70127,112.933395,115.36601061219328
66,118.0,116.16989,113.04904,115.79187675241903
66,117.0,116.57266,110.14929,115.79462812763357
66,116.0,117.38863,107.38586,116.1770419156947
66,115.0,118.38009,108.25287,117.15342376124958
66,114.0,118.00298,106.00488,116.54970667622703
66,113.0,118.25021,109.26587,117.16198001495184
66,112.0,118.3772,107.76632,117.09194890237572
66,111.0,117.954605,107.03467,116.63192178262356
66,110.0,118.28206,103.49822,116.49135850166763
66,109.0,118.566444,104.1652,116.82208575560483
66,108.0,118.82728,106.486374,117.33247940481213
66,107.0,119.05079,108.04779,117.71804472427635
66,106.0,118.936005,106.60078,117.4418934475088
66,105.0,119.10652,108.30066,117.79765564741439
66,104.0,118.25125,107.8103,116.9865856610241
66,103.0,118.59448,110.741875,117.6433310433317
66,102.0,117.51034,106.661575,116.19627557439426
66,101.0,117.27116,101.56869,115.36918623518977
66,100.0,118.04672,108.70284,116.91493990542648
66,99.0,117.18008,99.41883,115.02873605778734
66,98.0,116.422035,101.7679,114.64704495063367
66,97.0,115.72354,99.99156,113.81799670880645
66,96.0,114.34798,100.569786,112.67908585865455
66,95.0,114.933495,97.90195,112.87053911529361
66,94.0,115.18232,100.322624,113.38243095590153
66,93.0,115.79415,100.29565,113.91688650892442
66,92.0,113.857025,87.624,110.67953578546576
66,91.0,114.464584,89.29494,111.41589715267136
66,90.0,112.19417,89.1571,109.40379031852228
66,89.0,113.46161,94.225266,111.13159634011026
66,88.0,109.401245,94.65529,107.61513313181975
66,87.0,98.279724,90.59758,97.34922023413982
66,86.0,81.48845,89.291145,82.43355491777868
66,85.0,77.36426,89.79362,78.86977072909069
66,84.0,76.79448,88.89459,78.26011212291881
66,83.0,80.41887,95.38366,82.23148738181519
66,82.0,81.239136,96.1072,83.04003818107034
66,81.0,79.28292,93.79601,81.04082699820353
66,80.0,78.15358,88.72201,79.43368630175763
66,79.0,79.77417,90.38368,81.05925286861822
66,78.0,81.965096,79.88015,81.71255534159417
66,77.0,79.23041,75.73561,78.8070985588513
66,76.0,78.0931,82.47556,78.62392953815545
66,75.0,79.99652,82.68074,80.32164852489109
66,74.0,79.010315,78.63418,78.96475516953822
66,73.0,81.98753,86.462685,82.52958867380255
66,72.0,79.2052,74.046394,78.58033703345252
66,71.0,75.802704,72.15911,75.36137169518732
66,70.0,73.76668,65.083984,72.71498188977982
66,69.0,70.68658,61.007893,69.5142409553336
66,68.0,71.54903,59.32715,70.06864486809621
66,67.0,68.29716,58.218246,67.07634373608181
66,66.0,70.84259,61.57194,69.71967793894189
66,65.0,75.16577,68.97474,74.41587931915494
66,64.0,79.4339,68.07776,78.05838028007555
66,63.0,86.53764,68.765526,84.38498602803702
66,62.0,88.8528,65.9175,86.07474837783168
66,61.0,94.11536,68.15125,90.97044027426577
66,60.0,96.99248,58.782963,92.36432919342695
66,59.0,98.93844,64.62038,94.78164452592874
66,58.0,98.75357,59.828636,94.0387667247161
66,57.0,94.805374,57.584675,90.29699671346258
66,56.0,89.541046,53.322384,85.15404099258343
66,55.0,84.64385,49.477036,80.38425244784031
66,54.0,84.869484,49.81337,80.62329306395704
66,53.0,84.61186,52.56922,80.73067991552129
66,52.0,84.54097,55.245934,80.99259265408955
66,51.0,80.4232,50.979958,76.85687347068409
66,50.0,86.372055,51.792496,82.18358713760625
66,49.0,87.727234,53.16774,83.54119639190395
66,48.0,86.37657,52.29225,82.24808986341566
66,47.0,77.341324,52.104496,74.28449936387617
66,46.0,69.83467,50.987335,67.5517772270282
66,45.0,67.72134,49.948982,65.56865031261461
66,44.0,62.16557,46.62281,60.28294418169314
66,43.0,56.406822,44.804543,55.00148977498513
66,42.0,53.53357,39.606953,51.84670032333574
66,41.0,48.4227,38.8759,47.26633779300358
66,40.0,44.326668,34.41311,43.12588256896359
66,39.0,41.592644,31.717667,40.396531768436354
66,38.0,43.328766,35.026894,42.32319708068231
66,37.0,42.61758,33.591255,41.52426186536301
66,36.0,44.025337,36.821857,43.152811817652065
66,35.0,45.197327,35.49885,44.02259361906237
66,34.0,45.013985,35.79037,43.896769453342
66,33.0,46.318436,34.15066,44.84460740617812
66,32.0,43.58415,34.04707,42.428964547324654
66,31.0,42.58764,30.688068,41.14629691541663
66,30.0,41.419933,31.535072,40.222624159324134
66,29.0,38.953053,30.67425,37.9502780236911
66,28.0,37.28121,31.96406,36.63716892452617
66,27.0,35.075226,32.007763,34.703677716701144
66,26.0,33.99389,33.761272,33.96571306413708
66,25.0,32.358444,32.763046,32.407451857154435
66,24.0,29.079533,33.15575,29.57326670158764
66,23.0,24.781252,29.613209,25.36652530841968
66,22.0,21.250465,25.175047,21.72583246347638
66,21.0,19.233652,23.804998,19.787358917750595
66,20.0,18.291279,24.939817,19.09658668899865
66,19.0,17.252853,26.99923,18.43338848790658
66,18.0,17.034973,27.075535,18.251141634216804
66,17.0,16.656311,19.959198,17.05637501353429
66,16.0,15.843204,18.78675,16.19974230484244
66,15.0,15.158009,19.15381,15.642002255256699
66,14.0,14.311158,16.343288,14.557301060113916
67,118.0,113.451065,117.1018,113.89326219693824
67,117.0,113.41348,116.74441,113.81694276539758
67,116.0,113.753815,119.4915,114.44879505128165
67,115.0,114.54648,117.73481,114.93266666976061
67,114.0,115.2944,117.23549,115.52951815047473
67,113.0,115.456276,112.49707,115.09784055009784
67,112.0,116.38408,113.45604,116.0294185976217
67,111.0,116.14583,109.37383,115.3255666064196
67,110.0,115.02243,100.92473,113.3148386003942
67,109.0,115.776276,105.56223,114.53909416618265
67,108.0,114.72266,105.60583,113.61837539258977
67,107.0,112.6594,107.03568,111.97822500920613
67,106.0,112.15162,107.464615,111.58390303998154
67,105.0,112.17818,103.71729,111.15334769578803
67,104.0,112.63807,106.588585,111.90532208502312
67,103.0,113.35804,101.37066,111.90606181987759
67,102.0,114.214035,106.909645,113.32928683138026
67,101.0,115.33322,112.89702,115.03813502283003
67,100.0,113.36419,110.194016,112.98020014232313
67,99.0,115.20944,108.041046,114.34116627788472
67,98.0,115.953705,111.52284,115.41701421453213
67,97.0,116.405205,111.52438,115.81401264915709
67,96.0,117.120636,113.060585,116.62886010678179
67,95.0,117.73859,114.60258,117.35873560514989
67,94.0,118.74798,113.72011,118.13897470264897
67,93.0,118.65967,113.14614,117.99183902458881
67,92.0,118.781044,120.72447,119.01644278382008
67,91.0,117.81117,113.40432,117.27739005441614
67,90.0,116.43997,112.83485,116.0032991471995
67,89.0,113.84996,108.68767,113.22467484493504
67,88.0,111.924446,109.08535,111.58055905161413
67,87.0,109.30577,106.978325,109.02385771434363
67,86.0,107.99811,108.92289,108.11012260818343
67,85.0,107.63715,105.67693,107.39972087187171
67,84.0,106.4226,102.49742,105.94716041010625
67,83.0,109.64552,106.373116,109.24915093057379
67,82.0,111.521935,108.571205,111.16452581070871
67,81.0,114.59289,107.71166,113.75939568962758
67,80.0,114.60195,107.90593,113.79089229124786
67,79.0,115.719376,105.828575,114.5213470273998
67,78.0,116.04536,105.8406,114.80929992932349
67,77.0,115.18399,109.32495,114.47431115832582
68,125.0,116.446045,117.82922,116.6135831949442
68,125.0,113.57896,113.92016,113.62028485530674
68,125.0,114.65994,115.0185,114.70337323887745
68,125.0,113.56749,116.531494,113.92650628192453
68,125.0,113.64754,120.09736,114.42877536250303
68,125.0,112.965675,116.17329,113.35419898977048
68,125.0,113.29739,111.08254,113.02911872180847
68,125.0,110.701004,112.55777,110.92590578851828
68,125.0,108.0735,108.52353,108.12801140828496
68,125.0,105.41838,111.95544,106.2101851942288
68,125.0,104.88313,110.00785,105.50386715258114
68,125.0,100.81252,107.16073,101.58145273743142
68,125.0,101.02867,113.153206,102.4972621081531
68,125.0,101.84383,118.289185,103.83577925261929
68,125.0,100.837036,118.652466,102.99493973574349
68,125.0,101.95683,117.407745,103.82833305635172
68,125.0,98.76346,118.59511,101.16557760936297
68,125.0,98.331154,116.68415,100.55417058437955
68,125.0,99.26259,115.63844,101.24612277601902
68,125.0,99.33874,113.678894,101.07569674388772
68,125.0,104.333565,110.63526,105.0968612051976
68,125.0,105.91192,114.059135,106.89875470237169
68,125.0,106.17597,112.015305,106.88326431714744
68,125.0,107.715454,111.110275,108.1266536603752
68,125.0,109.11956,112.12248,109.48329080796523
68,125.0,113.820465,114.20438,113.86696653249416
68,125.0,114.20523,116.868126,114.52777534149585
68,125.0,116.58423,115.23692,116.42103542921171
68,125.0,116.80427,115.015305,116.5875787291877
68,125.0,116.20458,109.02248,115.33464571970597
68,125.0,115.091484,108.38732,114.27943873171664
68,125.0,114.84961,109.85392,114.24450378240917
68,125.0,111.04949,110.83412,111.02340505244119
68,125.0,108.94146,110.27518,109.10300689414561
68,125.0,101.939354,107.67095,102.63359685346913
68,125.0,96.82882,110.93629,98.53759396106538
68,125.0,94.01784,110.42263,96.00487696597841
68,125.0,85.61453,107.41003,88.254523536145
68,125.0,83.79171,110.124916,86.98133380919379
68,125.0,82.042625,111.60778,85.62372089774698
68,125.0,80.657455,112.4558,84.50904756325605
68,124.0,78.9495,105.16366,82.1247050633121
68,123.0,78.89708,107.66572,82.38169645421127
68,122.0,78.921585,105.1442,82.09781395176809
68,121.0,80.47726,107.99841,83.81077178981545
68,120.0,83.28294,107.42267,86.20688100273719
68,119.0,86.55034,105.3806,88.83116437021398
68,118.0,88.52587,106.207085,90.6675178564664
68,117.0,91.40903,110.496346,93.72098891653899
68,116.0,95.69418,111.31678,97.58647887013768
68,115.0,98.42856,109.76314,99.80146544757162
68,114.0,103.289536,106.38389,103.66434067760073
68,113.0,105.67801,109.52278,106.14370917224115
68,112.0,110.477135,109.33448,110.33873006710431
68,111.0,113.341125,110.47213,112.99361682898204
68,110.0,116.51431,108.93618,115.59640731096809
68,109.0,116.90251,112.29653,116.34460977575714
68,108.0,117.590225,118.481,117.69812113916475
68,107.0,117.51593,116.53997,117.39771651729299
68,106.0,117.67647,112.51135,117.05084049090762
68,105.0,116.03172,105.53971,114.76087236403923
68,104.0,114.99739,109.17864,114.29259167586602
68,103.0,115.594315,108.00551,114.67511630575487
68,102.0,116.415215,113.1633,116.02132456956414
68,101.0,116.16072,111.22126,115.56242595690352
68,100.0,116.33651,107.61622,115.28025970137813
68,99.0,116.23695,102.676735,114.59446486238338
68,98.0,116.060455,107.318565,115.00158915073767
68,97.0,114.789444,100.66704,113.07885986725718
68,96.0,113.63526,101.85649,112.20855156394892
68,95.0,111.7731,103.566345,110.77905395438803
68,94.0,102.57097,94.25578,101.5637872595661
68,93.0,92.43918,85.156586,91.5570704592922
68,92.0,84.48042,88.67129,84.98804372140593
68,91.0,80.60948,95.5176,82.41523585184048
68,90.0,76.47274,93.029274,78.47815932936601
68,89.0,75.32244,99.86956,78.29572424744127
68,88.0,77.99394,99.838196,80.63983934232996
68,87.0,74.8752,96.65882,77.51375150744606
68,86.0,77.11411,98.74617,79.73430753736517
68,85.0,78.53261,105.002846,81.73882996311029
68,84.0,81.61961,107.0936,84.70516377512976
68,83.0,77.79595,104.1775,80.9914309423983
68,82.0,72.01608,106.633,76.20907606877145
68,81.0,63.75984,103.27839,68.54654405559913
68,80.0,61.778522,111.37588,67.78602905671816
68,79.0,60.58442,106.78452,66.18043192645166
68,78.0,62.075287,112.28395,68.1568385715861
68,77.0,62.566513,106.20051,67.8517044261757
68,76.0,56.27331,94.2671,60.87532957528816
68,75.0,59.088,102.71168,64.37194275093206
68,74.0,55.872192,101.147865,61.356232870018395
68,73.0,53.00064,103.039795,59.06166059822286
68,72.0,53.272762,100.105965,58.945459386816204
68,71.0,46.47944,98.81708,52.81886373163476
68,70.0,49.86222,103.24144,56.32780768186591
68,69.0,49.979637,101.474365,56.21696407119687
68,68.0,51.198612,97.785515,56.841476111062214
68,67.0,51.71412,97.37608,57.24494921307134
68,66.0,50.447136,95.98296,55.96268779484258
68,65.0,50.16005,88.516075,54.80594389597349
68,64.0,50.92167,80.28563,54.478394651815954
68,63.0,51.174286,92.409836,56.168964283559276
68,62.0,51.604637,94.3046,56.77669378577579
68,61.0,54.70908,96.30234,59.747085710470046
68,60.0,56.44178,96.22304,61.260306540346775
68,59.0,56.48172,98.72631,61.59861898480612
68,58.0,55.879555,86.76923,59.621083899376465
68,57.0,54.10368,86.03825,57.97177230340886
68,56.0,58.58721,79.4324,61.11209681310192
68,55.0,58.89467,78.032166,61.21270829748502
68,54.0,62.13305,85.30417,64.93966347632825
68,53.0,68.303345,93.84661,71.39728673854063
68,52.0,68.58837,97.970985,72.14735638242027
68,51.0,69.17375,94.40124,72.22944474144022
68,50.0,74.133095,92.70086,76.38212532718116
68,49.0,75.8063,98.79206,78.59046040413556
68,48.0,75.9612,81.56759,76.64027416598609
68,47.0,72.8148,73.68999,72.92080440114827
68,46.0,68.498856,76.09561,69.4190167876311
68,45.0,68.635895,80.500244,70.07297054009332
68,44.0,68.38862,71.1388,68.72173589251182
68,43.0,67.346825,75.45091,68.32843668862964
68,42.0,64.087906,74.13597,65.30498324014329
68,41.0,67.54335,74.761444,68.41764576275034
68,40.0,69.19289,70.80475,69.38812403539654
68,39.0,64.82665,66.95037,65.08388905546913
68,38.0,62.87667,70.17044,63.76013267273578
68,37.0,60.1842,71.49816,61.55460996523206
68,36.0,59.064453,73.36394,60.79648592638129
68,35.0,56.503685,66.587906,57.725141732807415
68,34.0,53.19537,68.234375,55.01697740809112
68,33.0,50.89177,66.46526,52.778117328406964
68,32.0,47.036995,63.604065,49.04369029231404
68,31.0,41.373077,43.77523,41.66403948201861
68,30.0,40.702774,44.388573,41.14921841182591
68,29.0,37.65324,41.979706,38.17728570174304
68,28.0,35.090244,43.966488,36.16538412212295
68,27.0,32.28291,41.54583,33.40488565835174
68,26.0,29.982473,40.323204,31.234999995275114
68,25.0,29.496893,41.7557,30.981747495732414
68,24.0,27.720335,36.98645,28.8426982447266
68,23.0,26.671555,30.93368,27.187806774211516
68,22.0,23.852818,24.709772,23.95661662397037
68,21.0,19.958485,20.244896,19.99317637225635
68,20.0,18.184772,17.603682,18.114387537105575
68,19.0,17.625942,18.531723,17.73565542094287
68,18.0,15.95683,17.508535,16.14478117979416
68,17.0,15.937289,21.117075,16.564693599358684
68,16.0,15.210828,20.160343,15.810340563219691
68,15.0,13.499238,15.733822,13.769903198033095
68,14.0,12.517837,16.191238,12.96277936407022
68,13.0,11.613465,17.441603,12.319401618826383
68,12.0,11.131885,17.782555,11.937450599282347
68,11.0,8.993985,12.613583,9.432410882518942
68,10.0,7.5291586,12.737127,8.159976632787284
68,9.0,6.8199997,10.108831,7.218361223156137
68,8.0,5.8526454,11.947985,6.590946682279934
69,125.0,106.086395,118.64282,107.60729930824094
69,125.0,109.12996,117.94266,110.19740198519433
69,125.0,114.4205,121.68524,115.30044728842121
69,125.0,117.9309,121.33645,118.34339943761297
69,125.0,118.31843,117.77422,118.25251094806488
69,125.0,118.36197,120.09846,118.57230208831763
69,125.0,118.74199,116.00907,118.41096298371542
69,125.0,118.741165,119.46782,118.82918152818007
69,125.0,118.51471,121.12699,118.83112352527777
69,125.0,117.034,118.08143,117.1608673457072
69,125.0,116.44228,121.26305,117.0262011243556
69,125.0,116.23132,119.12437,116.58174471057632
69,125.0,115.26094,118.37435,115.63805414506571
69,125.0,116.1047,117.80929,116.31116755235861
69,125.0,117.26992,118.225,117.38560470606163
69,125.0,115.64721,114.68603,115.5307855188928
69,125.0,116.981255,117.46519,117.03987116410732
69,125.0,117.622955,115.57522,117.37492205054399
69,125.0,117.79695,116.04545,117.58479954231639
69,125.0,118.15324,115.06294,117.77892286296569
69,125.0,118.45482,121.96416,118.87988924392762
69,124.0,118.204895,117.98701,118.17850323184379
69,123.0,117.883194,114.47378,117.47022657976268
69,122.0,118.46233,117.10898,118.29840776994074
69,121.0,118.755295,114.94633,118.29393153039155
70,125.0,119.44992,118.060646,119.2816440136951
70,125.0,119.43156,114.14567,118.79130056359269
70,125.0,119.52225,121.78648,119.79650418501248
70,125.0,119.97946,123.35996,120.38892666570753
70,125.0,120.12046,118.88889,119.97128624169903
70,125.0,120.23237,123.6837,120.65041294458871
70,125.0,120.300186,122.7155,120.59274234428113
70,125.0,120.354195,121.638054,120.50970279085479
70,125.0,120.46483,121.66717,120.61046247689066
70,125.0,120.28105,120.791534,120.34288414087776
70,125.0,119.94303,120.034096,119.9540615424101
70,125.0,119.96885,121.46924,120.15058462716637
70,125.0,120.03697,119.6242,119.9869746759186
70,125.0,119.92888,117.229546,119.60192058444116
70,125.0,119.80525,115.907814,119.33317277335723
70,125.0,119.52251,118.70443,119.42341668206068
70,125.0,119.91337,118.56439,119.74997275759597
70,125.0,119.80732,119.55552,119.77682016421154
70,125.0,119.47036,116.78058,119.1445585939353
70,125.0,119.84578,119.63356,119.82007424837511
70,125.0,119.58479,116.356346,119.19374569819338
70,125.0,118.87474,111.4828,117.9793881832232
70,125.0,119.65641,111.99254,118.72811958469977
70,125.0,119.69934,116.366776,119.29568203630035
70,125.0,119.76459,116.84841,119.41136401861235
70,125.0,119.57344,117.91114,119.37209354755149
70,125.0,119.49963,116.5896,119.14715431755101
70,125.0,119.93933,115.90857,119.45110285093276
70,125.0,120.092804,117.61393,119.7925489696334
70,125.0,120.118164,118.88409,119.96868576025524
70,125.0,120.03341,108.75839,118.66771658305137
70,125.0,119.923996,112.83289,119.0650823154887
70,125.0,118.4951,107.37942,117.1487086015579
70,125.0,116.901115,114.44423,116.60352373019447
70,125.0,115.27135,108.387314,114.43751478295037
70,125.0,107.57921,105.67249,107.34825643580838
70,125.0,96.02522,107.40982,97.40418837133066
70,125.0,86.34739,111.52931,89.39756331943123
70,125.0,76.41113,116.09726,81.2181364780799
70,125.0,82.20302,119.77419,86.75384713307098
70,125.0,88.33417,122.16431,92.43186147168241
70,125.0,95.103455,122.305275,98.3982898657798
70,125.0,100.70808,122.369576,103.33183731849482
70,125.0,107.305374,118.90748,108.71068532047765
70,125.0,109.22014,115.1808,109.94212707591895
70,125.0,110.48628,110.52959,110.49152762286909
70,125.0,111.92343,116.25224,112.44776105959684
70,125.0,112.87612,118.556175,113.56412111363423
70,125.0,111.821205,115.82323,112.30595220337153
70,125.0,109.7383,115.98657,110.4951223055445
70,125.0,112.293076,123.99224,113.71014332191152
70,125.0,114.91034,122.515274,115.83149120308667
70,125.0,114.97355,119.48956,115.5205535512042
70,125.0,116.370636,116.860596,116.42998262330028
70,125.0,116.42562,118.16562,116.63637921958893
70,125.0,115.19685,112.25517,114.84054093899353
70,125.0,112.58321,108.68288,112.11078334078188
70,125.0,112.11507,109.281395,111.77183651942879
70,125.0,113.67301,107.51857,112.92755166798953
70,125.0,114.470345,108.18366,113.7088667540121
70,125.0,114.344604,107.974655,113.57304091644681
70,125.0,114.610016,104.900635,113.4339618062848
70,125.0,114.96764,106.79023,113.97715003013388
70,125.0,115.35951,111.619385,114.90648734535331
70,125.0,116.48436,104.44349,115.0259027379591
70,125.0,117.080475,104.97382,115.614050134537
70,125.0,116.23148,106.24141,115.02143029788057
70,125.0,114.025986,103.607086,112.7639908491696
70,125.0,115.55171,111.80416,115.09778788891876
70,125.0,112.33186,109.0617,111.93576295228536
70,125.0,107.14359,105.16252,106.90363447576662
70,125.0,100.91271,102.90672,101.15423775416588
70,125.0,99.93774,106.09224,100.68320401594255
70,125.0,103.403076,114.59986,104.75929283678906
70,125.0,106.14524,115.23691,107.24647391128639
70,125.0,109.46437,118.43019,110.55036058548508
70,125.0,110.64816,116.349976,111.33879800915697
70,125.0,109.78093,114.40971,110.34159356476874
70,125.0,110.3147,117.8458,111.22690645665651
70,125.0,108.30571,112.75706,108.84488170591005
70,125.0,96.24644,105.5514,97.37350567107188
70,125.0,88.81057,98.630196,89.99997728141543
70,125.0,84.28122,98.3416,85.98429053352743
70,125.0,81.00911,106.37853,84.0819946347095
70,125.0,79.478455,106.88098,82.79760054748061
70,125.0,81.87074,109.723946,85.24447712659683
70,125.0,84.55617,103.5727,86.85955548459125
70,125.0,84.780525,106.344284,87.39244721734957
70,125.0,89.39244,112.65067,92.20960680102966
70,125.0,89.88562,105.78773,91.81177149869544
70,125.0,96.514725,105.61115,97.61653450652504
70,125.0,98.58891,98.18638,98.54015575562538
70,124.0,100.529884,100.58523,100.53658786538911
70,123.0,100.96529,99.05266,100.73361812788463
70,122.0,104.65769,94.91247,103.47729640251289
70,121.0,104.659546,98.25708,103.8840437464468
70,120.0,105.48979,96.71944,104.42747782717001
70,119.0,108.11703,104.851555,107.7214951621336
70,118.0,110.09357,110.67593,110.16410548292616
70,117.0,112.49273,108.51559,112.01099566037688
70,116.0,111.84948,105.575615,111.08955439830699
70,115.0,110.5963,99.222824,109.21867998378995
70,114.0,112.423325,101.13592,111.05613128731632
70,113.0,111.87355,96.691345,110.03459755919376
70,112.0,110.41278,91.10738,108.0744040542377
70,111.0,111.378,104.214905,110.51036475088206
70,110.0,109.32272,97.60675,107.90361980391053
70,109.0,112.26223,101.7642,110.99065013462491
70,108.0,113.70154,101.20928,112.18840676892327
70,107.0,114.24148,102.77721,112.8528618449597
70,106.0,113.39499,98.21166,111.55590031298641
70,105.0,112.930244,103.65089,111.80627717594244
70,104.0,109.94657,109.283104,109.86620849982712
70,103.0,108.72689,101.63163,107.86747326533924
70,102.0,105.04039,103.07918,104.8028371261392
70,101.0,104.9246,98.18419,104.10816288747077
70,100.0,95.72136,95.51201,95.69600154943363
70,99.0,92.394806,103.29065,93.71457087434162
70,98.0,93.8414,100.84821,94.6901041850287
70,97.0,98.67738,112.11484,100.30500236845256
70,96.0,95.0701,109.93751,96.8709218419839
70,95.0,91.40268,104.949196,93.04350860657976
70,94.0,93.29655,107.25408,94.98716092288683
71,125.0,111.71886,117.3729,112.4037060976303
71,125.0,114.46736,112.70024,114.25331803606434
71,125.0,116.46261,114.33234,116.20457799438259
71,125.0,117.917496,112.09557,117.21231222467827
71,125.0,117.34241,112.27965,116.72917774288443
71,125.0,117.456116,114.01659,117.03950085252842
71,125.0,117.53211,118.00172,117.58899322091105
71,125.0,115.89604,117.87291,116.13549104170124
71,125.0,116.40064,119.290596,116.750689597012
71,125.0,115.844986,119.84499,116.3294890598819
71,125.0,115.5959,117.504486,115.82707983553978
71,125.0,115.751236,119.07067,116.15330434477033
71,125.0,116.305885,121.58661,116.9455158274525
71,125.0,115.80811,120.747215,116.40636453305204
71,125.0,113.61203,120.37873,114.4316503344437
71,125.0,113.35623,118.0548,113.92534856466237
71,125.0,114.889656,118.34109,115.30771255573423
71,125.0,114.0022,116.66522,114.32475760417772
71,125.0,114.48868,118.194824,114.93758695601855
71,125.0,112.69834,116.87509,113.20425250546808
71,125.0,109.96943,115.79031,110.67448683939404
71,125.0,111.68374,117.55225,112.39456577896803
71,125.0,111.25475,116.17627,111.85087446364221
71,125.0,111.876755,114.688416,112.21731869913128
71,125.0,110.68788,118.39897,111.62189144731693
71,125.0,105.55535,116.911766,106.93090317115401
71,125.0,102.46369,115.0434,103.98741615362859
71,125.0,102.10365,112.58559,103.37328285719096
71,125.0,99.53169,110.42235,100.85082907312126
71,125.0,100.327065,116.337326,102.26631614365498
71,125.0,94.71618,117.39179,97.46277489088428
71,125.0,99.08002,117.472374,101.30780131160373
71,124.0,99.22481,116.888275,101.36430482840476
71,123.0,100.62626,112.89629,102.11247348235497
71,122.0,101.252365,106.3627,101.87135737437201
71,121.0,105.86001,113.82698,106.8250120955272
71,120.0,107.715576,113.31595,108.39392431206007
71,119.0,110.114365,113.77512,110.5577760440155
71,118.0,110.77846,109.45565,110.61823188703687
72,125.0,116.50687,114.543594,116.26906405563798
72,125.0,116.40635,114.0857,116.12525940852107
72,125.0,116.60237,116.03384,116.5335071230061
72,125.0,115.932434,115.6301,115.8958132702914
72,125.0,115.86509,110.86852,115.2598775507388
72,125.0,115.40695,114.183395,115.25874795602884
72,125.0,115.32454,112.64577,115.000071473568
72,125.0,114.50372,114.70354,114.52792570482868
72,125.0,115.51742,112.54751,115.15768598514515
72,125.0,115.937775,113.987305,115.70152292299282
72,125.0,117.026215,116.42565,116.95347107387693
72,125.0,117.44692,118.1688,117.53436017357949
72,125.0,118.02178,113.15786,117.43263671134254
72,125.0,117.690186,112.5499,117.06756521104946
72,125.0,117.00755,108.156456,115.93545915326197
72,125.0,116.05847,109.87862,115.30993334229622
72,125.0,114.76958,110.05194,114.19815078887524
72,125.0,114.4913,114.68955,114.51531560704723
72,125.0,113.58612,110.42274,113.20295406180007
72,125.0,113.95786,108.44932,113.29063735664968
72,125.0,114.968094,108.00847,114.12510548207273
72,125.0,115.79639,111.10581,115.22823831559845
72,125.0,115.528625,108.06925,114.62510482233245
72,125.0,115.87039,108.88553,115.02434648474473
72,125.0,114.154686,109.16048,113.54975965975468
72,125.0,112.90753,112.1237,112.81259005672962
72,125.0,112.121765,109.1576,111.7627290724119
72,124.0,110.7448,110.19969,110.67877061592584
72,123.0,109.73051,110.75133,109.85415434906719
72,122.0,109.09504,107.77139,108.93471196050963
72,121.0,109.36083,107.455444,109.13004107207367
72,120.0,108.02879,106.17695,107.80448762865345
72,119.0,108.01387,110.87795,108.36078376878108
72,118.0,107.691345,106.12453,107.50156350434197
72,117.0,109.65523,111.59389,109.89004886700593
72,116.0,108.17966,108.89907,108.26679636475276
72,115.0,108.86531,110.41984,109.0536036308927
72,114.0,111.329475,109.44845,111.10163495833677
72,113.0,111.6131,110.64064,111.49530865462552
72,112.0,112.2113,107.79861,111.67681340824998
72,111.0,112.84523,108.970184,112.37586307693134
72,110.0,112.17144,108.36968,111.71095014335673
72,109.0,110.50923,104.53019,109.78501684929617
72,108.0,109.27023,101.55316,108.33549867089232
72,107.0,107.004196,102.379524,106.44403026540036
72,106.0,106.39966,103.516785,106.05046857944316
72,105.0,104.32918,101.74951,104.01671439356303
72,104.0,102.47673,97.63598,101.89039167255088
72,103.0,104.45108,103.68455,104.35823360841901
72,102.0,103.96643,99.974396,103.4828932658087
72,101.0,105.35688,108.435104,105.72973176495057
72,100.0,106.54374,108.90735,106.8300327815366
72,99.0,107.11128,107.24571,107.12756524716052
72,98.0,106.706665,106.523445,106.68447242793066
72,97.0,108.513275,107.91209,108.4404558433581
72,96.0,109.880005,102.12299,108.94043265969214
72,95.0,107.36554,99.28792,106.38713326155249
72,94.0,106.22793,101.97493,105.71278142488033
72,93.0,102.78055,104.7423,103.01816659634602
72,92.0,100.70595,107.22206,101.49521563843652
72,91.0,99.18112,107.424255,100.17957585664125
72,90.0,92.58931,105.291016,94.12781072638234
72,89.0,88.39172,103.26417,90.19315651345214
72,88.0,83.865,101.344955,85.98226722543141
72,87.0,85.92998,104.17288,88.13965915865799
72,86.0,90.04359,107.803185,92.19472766354605
72,85.0,91.374725,107.710335,93.35338491254117
72,84.0,90.29404,108.06939,92.4470860943875
72,83.0,89.39678,105.21938,91.31330310507643
72,82.0,92.7185,109.013664,94.69225906944806
72,81.0,91.08635,105.81363,92.87019924023227
72,80.0,94.84632,100.399925,95.51900442389606
72,79.0,92.28209,102.81279,93.55762607674828
72,78.0,92.16696,103.33504,93.51970089175082
72,77.0,88.32116,107.74515,90.67390050697743
72,76.0,91.19823,106.190544,93.01417949729992
72,75.0,94.53566,103.946304,95.67552922322683
72,74.0,94.81386,103.97039,95.92294798180126
72,73.0,90.560455,102.80384,92.04344202236872
72,72.0,92.56084,111.224945,94.8215370502254
72,71.0,94.09592,108.52147,95.84321961839932
72,70.0,94.07683,107.857,95.74595909863076
72,69.0,95.48563,106.13826,96.77593226293321
72,68.0,100.50371,107.01991,101.29298673757684
72,67.0,102.8599,106.0897,103.25111238912649
72,66.0,105.04993,108.25227,105.43781275453343
72,65.0,105.42366,110.23561,106.00651041998928
72,64.0,102.21213,105.576385,102.61962524143665
72,63.0,100.24364,106.627205,101.01685020518923
72,62.0,97.64633,101.34772,98.09466411712754
72,61.0,96.09238,104.082756,97.06021574823217
72,60.0,93.00296,105.41925,94.50689011342942
72,59.0,91.40534,102.07588,92.69781704115059
72,58.0,95.38408,99.090645,95.83303878329585
72,57.0,92.60605,100.63775,93.57889262768313
72,56.0,86.63394,104.43674,88.7903149196121
72,55.0,86.99946,105.22581,89.20713472606128
72,54.0,84.57695,105.516975,87.11332202142444
72,53.0,86.36728,105.93786,88.73777613405343
72,52.0,81.09177,103.196045,83.76915911140586
72,51.0,75.371445,99.47673,78.29121052618085
72,50.0,70.00546,91.710266,72.63446876216469
73,125.0,116.67379,121.87798,117.30415069739817
73,125.0,115.73155,121.15287,116.38821221962581
73,125.0,116.40055,121.55824,117.02527908341952
73,125.0,116.42141,120.67197,116.93626062701549
73,125.0,116.94809,120.22789,117.3453572073322
73,125.0,117.51848,121.11644,117.95428342661249
73,125.0,118.17002,121.27481,118.54609040098526
73,125.0,118.40339,121.191505,118.74110109791114
73,125.0,118.78877,122.45735,119.23313122042275
73,125.0,118.75665,120.16672,118.92744768480598
73,125.0,118.35022,121.67958,118.7534903824599
73,125.0,118.53136,122.22197,118.97838429178444
73,125.0,118.71723,122.41756,119.16543562858277
73,125.0,118.79468,123.44939,119.35848187498519
73,125.0,118.39448,123.42523,119.00383066734177
73,125.0,118.055984,123.84084,118.75667865140397
73,125.0,117.532616,123.711464,118.28103201589059
73,125.0,117.06957,122.59206,117.73848630338378
73,125.0,117.3696,122.280785,117.96446848840839
73,125.0,118.870384,125.5235,119.6762463039026
73,125.0,118.68425,124.419624,119.37895022523436
73,125.0,119.06267,121.82843,119.39767231188249
73,125.0,118.978134,121.4084,119.27250160686344
73,125.0,119.31433,122.039505,119.64441923043698
73,125.0,118.6197,119.09778,118.67760536140473
73,125.0,118.449524,120.86019,118.74151732706945
73,125.0,118.15563,121.46898,118.55696295848125
73,125.0,117.60257,117.641556,117.60729180547406
73,125.0,116.76137,116.136406,116.68566895375977
73,125.0,116.77166,120.41816,117.21334410095571
73,125.0,116.34818,120.16098,116.81000985314435
73,125.0,116.42008,122.7872,117.19130282152447
73,125.0,115.31675,121.61549,116.07968838731641
73,125.0,115.34105,123.05268,116.27512478405998
73,125.0,113.912735,120.223335,114.67710987393859
73,125.0,113.60336,118.08046,114.1456537907885
73,125.0,113.059395,118.34673,113.69982655625942
73,125.0,112.86318,118.83268,113.58624071864455
73,125.0,113.73828,119.32924,114.41548903281938
73,125.0,113.922775,121.00784,114.78095795012958
73,125.0,114.48218,121.79332,115.36774377855903
73,125.0,115.38679,121.72176,116.15411484915347
73,125.0,116.385704,120.26517,116.85560612846464
73,125.0,117.37914,119.75201,117.66655717487936
73,125.0,116.93872,122.372894,117.5969379317591
73,125.0,116.933975,120.70678,117.39095818613055
73,125.0,117.53475,121.8101,118.05260536037359
73,125.0,117.48998,123.40136,118.20600135104426
73,125.0,116.8353,123.63599,117.65903386636606
73,125.0,117.21397,123.24529,117.94451404478764
73,125.0,115.78885,121.55363,116.48711076176778
73,125.0,114.88152,120.27877,115.5352676464933
73,125.0,113.57185,121.729225,114.55991969640816
73,125.0,112.94227,120.48546,113.85594136007482
73,125.0,111.98077,121.47526,113.13079174857673
73,125.0,112.23349,122.417206,113.46699810344572
73,125.0,113.700745,122.3784,114.75183067996285
73,125.0,115.86925,123.71431,116.81948486576798
73,125.0,117.201515,124.08143,118.03484843884016
73,125.0,118.441574,123.42497,119.04519094071611
73,125.0,118.71973,123.737854,119.32754997600853
73,125.0,119.11015,123.56933,119.65027320682248
73,125.0,119.10331,122.90535,119.56383380474131
73,125.0,119.06196,122.252754,119.44844520026703
73,125.0,119.08362,121.89931,119.42467003493869
73,125.0,118.86038,122.19554,119.26435506304027
73,125.0,118.14727,122.33215,118.65416644459566
73,125.0,118.227295,120.73287,118.53078430827584
73,125.0,116.51955,118.19682,116.72270754987449
73,125.0,115.39603,116.01311,115.47077084508055
73,125.0,113.89758,118.57008,114.46354218357402
73,125.0,111.83113,118.072105,112.58707240056788
73,125.0,113.973816,120.8767,114.80993166799182
73,125.0,115.85504,121.53884,116.5434948367928
73,125.0,117.01636,121.45118,117.55352765678329
73,125.0,118.56815,120.70933,118.82750428407206
73,125.0,119.055214,121.044716,119.29619343351625
73,125.0,119.30191,120.99531,119.507024095539
73,125.0,118.528465,119.14486,118.60312633443823
73,125.0,118.37572,116.59982,118.16061101721223
73,125.0,117.23462,116.89228,117.19315319625287
73,125.0,116.119736,115.77623,116.0781283838738
73,125.0,115.63151,110.99121,115.0694493853267
74,125.0,111.7934,112.873215,111.92419633135218
74,125.0,110.14098,109.571625,110.07201968435639
74,125.0,112.31894,112.3097,112.31782010625355
74,125.0,113.06558,113.08662,113.06813005922949
74,125.0,114.36055,114.59607,114.38907734319086
74,125.0,115.417755,107.17155,114.41892867831649
74,125.0,116.60899,112.579,116.12085866208913
74,125.0,117.129456,112.58187,116.57862691831748
74,125.0,117.88391,112.09772,117.183055258431
74,125.0,116.72913,104.55817,115.25491860124693
74,125.0,118.36421,115.39884,118.00502996172567
74,125.0,118.38231,106.86054,116.98672871129622
74,125.0,118.99391,119.200294,119.01890996609669
74,125.0,119.46884,117.79281,119.26583114232203
74,125.0,119.61838,116.76976,119.27333733623448
74,125.0,119.69658,117.51307,119.43210016508047
74,125.0,119.68462,118.77,119.57383901671241
74,125.0,119.543335,114.295845,118.90772989144494
74,125.0,119.20781,116.37978,118.86526328412424
74,125.0,118.336624,113.29893,117.72643037815571
74,125.0,117.12385,110.669235,116.34202948642505
74,125.0,116.969215,115.718346,116.81770311467753
74,125.0,115.37725,116.49127,115.5121871069327
74,125.0,116.26094,111.462006,115.67966694952628
74,125.0,117.00715,111.63729,116.35672179977311
74,125.0,117.66127,113.23509,117.12514692848848
74,125.0,118.06265,110.62799,117.16212512899808
74,125.0,118.28651,111.42363,117.45523695955578
74,125.0,118.32001,110.77116,117.40564864272325
74,125.0,118.0211,107.304855,116.72309159585129
74,125.0,117.90439,109.34083,116.86712250990601
74,125.0,117.490845,108.796684,116.43775981571498
74,125.0,116.93097,110.47248,116.14868131308461
74,125.0,116.0467,110.91153,115.42469926896925
74,125.0,116.59494,105.959114,115.30666996769003
74,125.0,116.87909,107.56196,115.75054679442933
74,125.0,117.9748,108.430855,116.8187845471025
74,125.0,118.47153,110.685745,117.52847004048743
74,125.0,119.08331,115.44282,118.6423560165576
74,125.0,118.71563,110.14864,117.6779487323714
74,125.0,118.73901,108.5708,117.5073833594473
74,125.0,118.0202,107.31513,116.72354515512538
74,125.0,117.86908,102.989944,116.06683626073594
74,125.0,117.242935,106.106834,115.89406892295143
74,125.0,117.10309,110.77155,116.3361777199696
74,125.0,116.97779,109.3509,116.0539793832011
74,125.0,117.94296,112.70416,117.3084101434744
74,125.0,118.037224,111.97716,117.30319500121587
74,125.0,118.64255,109.86169,117.5789610587271
74,125.0,118.97084,108.67521,117.72377650442579
74,125.0,118.927414,111.52709,118.03104592116672
74,125.0,118.563515,111.70191,117.73239934332774
74,125.0,118.439674,111.962845,117.65516488084518
74,125.0,117.73448,108.35726,116.59866092421817
74,125.0,117.83384,109.36032,116.8074798986996
74,125.0,115.958725,107.93178,114.98645665525736
74,125.0,114.14018,104.144844,112.92949169447947
74,125.0,114.70102,106.18146,113.66908273794215
74,125.0,114.899994,109.49929,114.2458307584201
74,125.0,114.2189,107.69323,113.42847690988836
74,125.0,113.74833,112.86228,113.64100619418596
74,125.0,113.28262,114.04423,113.37487302685719
74,125.0,112.20253,115.70395,112.62664119465613
74,125.0,112.55159,108.56596,112.06882882379598
74,125.0,114.15847,105.742256,113.13905166045613
74,125.0,113.390945,107.19876,112.64091372805186
74,125.0,111.077576,105.830925,110.44207226670267
74,125.0,111.30731,113.63143,111.58882225745086
74,125.0,109.33525,111.047066,109.54259536218572
74,125.0,112.50037,110.25254,112.2280971107943
74,125.0,113.95923,110.61134,113.5537141095786
74,125.0,115.49725,110.00426,114.83191126608554
74,125.0,115.79859,112.37882,115.38437020034924
74,125.0,116.91581,109.33078,115.99706879861387
74,125.0,117.755936,109.22458,116.72257043867003
74,125.0,117.808075,111.85757,117.08731642153549
74,125.0,118.01764,110.27746,117.0801055337528
74,125.0,115.89401,104.773735,114.54706280705439
74,125.0,113.63418,108.24016,112.98082454791042
74,125.0,108.36857,110.27421,108.5993900584724
74,125.0,106.138664,108.271286,106.39697921590934
74,125.0,109.22257,110.0532,109.32318252691601
74,125.0,109.953735,108.44817,109.77137335685408
74,125.0,110.81263,105.45511,110.16369705004611
74,125.0,111.61946,112.33123,111.70567447911317
74,125.0,110.57451,107.30995,110.17908744015803
74,125.0,114.32089,111.263245,113.9505330939874
74,125.0,112.88045,105.34074,111.96719579544136
74,125.0,113.24631,103.238846,112.03414815437507
74,125.0,113.58682,106.06303,112.67549862048152
74,125.0,114.24914,106.702324,113.33502593550969
74,125.0,113.98919,103.04832,112.66397005768411
74,125.0,115.06458,104.1281,113.73989510031329
74,125.0,112.19368,99.52074,110.65866268745779
74,125.0,107.1534,99.92603,106.27797826423247
74,125.0,105.72411,102.68194,105.35562832868393
74,125.0,105.65952,100.707825,105.05974586220965
74,125.0,104.581345,97.96871,103.78038586874766
74,125.0,107.2028,102.80292,106.66985914580657
74,125.0,102.75658,106.39252,103.19698181341792
74,125.0,105.40451,107.38997,105.64500022262425
74,125.0,103.76791,102.063675,103.56148025114284
74,125.0,103.93482,104.21601,103.96888124870212
74,125.0,100.30945,97.30946,99.94607346002665
74,125.0,96.91143,92.096054,96.32816528978078
74,125.0,92.34729,91.335464,92.22473211803289
74,125.0,89.835846,95.27475,90.49463612692625
74,125.0,82.037704,87.229225,82.66653023286194
75,125.0,116.091324,118.536835,116.38753768501773
75,125.0,115.85721,115.17011,115.7739834188937
75,125.0,115.72998,116.312805,115.800575428133
75,125.0,115.53186,117.75912,115.8016380388549
75,125.0,116.206245,117.73273,116.39114133919217
75,125.0,116.13508,118.61346,116.43527334817418
75,125.0,117.06853,117.534676,117.12498969711353
75,125.0,117.82604,120.30979,118.12688766994083
75,125.0,118.39496,119.75689,118.55992311011642
75,125.0,118.83884,118.32406,118.77648388828963
75,125.0,118.412704,119.07556,118.49299338887923
75,125.0,118.50667,117.921524,118.43579220061139
75,125.0,117.38656,114.096794,116.9880840313781
75,125.0,116.58758,114.16183,116.29375744405306
75,125.0,115.41638,111.85904,114.98549678879122
75,125.0,113.71596,108.06524,113.03151126944235
75,125.0,115.087166,110.84412,114.57322414116356
75,125.0,114.31412,107.48195,113.48656729946391
75,125.0,115.17129,105.5249,114.00286388767806
75,125.0,114.327385,99.90042,112.57991111718461
75,125.0,114.15344,101.40025,112.60870542376955
75,125.0,116.48227,108.19224,115.47813472444646
75,125.0,115.66322,102.73639,114.09745346019818
75,125.0,115.42669,99.71068,113.52307876876179
75,125.0,113.488365,107.609825,112.77632381633751
75,125.0,114.02397,104.21643,112.83602783684663
75,125.0,113.771866,104.95116,112.70345264569067
75,125.0,114.52127,106.5055,113.55035625945332
75,125.0,114.94613,103.86884,113.60438658663672
75,125.0,116.25435,106.25891,115.04364594075582
75,125.0,116.64367,106.0258,115.35757427623274
75,125.0,116.8182,107.75323,115.72019950696142
75,125.0,117.37406,99.519066,115.21136552343921
75,125.0,117.64113,108.47901,116.53136213860725
75,125.0,116.58043,108.43806,115.59417982765835
75,125.0,115.67302,104.55686,114.32656878692401
75,125.0,113.787895,109.69069,113.29161888518856
75,125.0,107.94562,105.60323,107.66189509979512
75,125.0,102.88751,103.98486,103.02042945226604
75,125.0,102.61918,109.959206,103.50824351387666
75,125.0,101.477295,105.68759,101.98726938942963
75,125.0,103.74819,108.89863,104.37204124168495
75,125.0,106.95034,106.93395,106.94835527292358
75,125.0,108.49173,108.05408,108.43871882877174
75,125.0,109.21214,102.33902,108.3796321652071
75,125.0,108.0223,100.376236,107.09616697100992
75,125.0,109.14969,99.91963,108.03169307912435
75,124.0,110.57301,99.988846,109.29100026748549
75,123.0,101.28026,94.74076,100.48815800512796
75,122.0,102.25069,108.85905,103.05112787709936
75,121.0,99.45415,106.48671,100.30597026404777
75,120.0,96.991516,112.23043,98.8373379126428
75,119.0,96.855484,109.789986,98.42218255032412
75,118.0,98.35719,107.070076,99.41254568113908
75,117.0,98.54674,106.56629,99.51811052421944
75,116.0,96.34032,100.55717,96.85108505442165
75,115.0,92.83888,100.07276,93.71508998233519
75,114.0,94.240906,100.82439,95.03833345573373
75,113.0,92.38185,101.4156,93.47606937026748
76,125.0,119.214195,124.0881,119.80454920335204
76,125.0,119.1267,123.206345,119.62085036071403
76,125.0,119.01601,119.92048,119.12556117479797
76,125.0,119.0528,122.90996,119.52000301651788
76,125.0,119.46293,122.143005,119.78755450656452
76,125.0,119.58092,121.88113,119.85953142910299
76,125.0,119.688965,122.98127,120.08774707523484
76,125.0,119.80651,122.92248,120.1839340969781
76,125.0,119.889336,121.58766,120.09504630547764
76,125.0,119.8326,118.80314,119.70790898070007
76,125.0,119.937294,120.18785,119.96764285257628
76,125.0,120.00483,118.855484,119.8656143207846
76,125.0,120.09558,121.89666,120.31373770272009
76,125.0,120.39026,123.24054,120.73550059534871
76,125.0,120.241936,124.09886,120.7091079835108
76,125.0,120.22084,124.51717,120.74123616153682
76,125.0,119.58913,123.17084,120.02296325596143
76,125.0,119.90006,123.18269,120.29767301525932
76,125.0,119.75343,120.86751,119.88837613188694
76,125.0,119.680954,122.99136,120.08192913482529
76,125.0,118.90186,123.354515,119.44119298877696
76,125.0,118.283966,124.210594,119.00183211552016
76,125.0,117.82605,122.48147,118.38993988795166
76,125.0,117.27102,124.322845,118.12517529637539
76,125.0,117.42491,122.057976,117.98609392663003
76,125.0,117.23703,123.270096,117.96778840257504
76,125.0,116.45911,122.22493,117.15749493382172
76,125.0,116.617294,122.70796,117.35502974972124
76,125.0,116.6109,123.111664,117.39830932287371
76,125.0,115.680756,124.9753,116.80656279717945
76,125.0,115.61254,122.43423,116.43882159750324
76,125.0,115.888016,122.69151,116.71209305673467
76,125.0,115.66475,122.26227,116.46387721031117
76,125.0,116.12064,121.532,116.77609681771112
76,125.0,115.83778,122.645515,116.66237400672111
76,125.0,116.89222,122.84946,117.61379314213434
76,125.0,117.82265,123.32811,118.48949924979898
76,125.0,118.120544,122.09336,118.60175398727368
76,125.0,118.133896,121.34312,118.52261449796194
76,125.0,118.15196,121.79312,118.5929996499637
76,125.0,117.01283,119.950294,117.36863430495227
76,125.0,115.81404,115.68929,115.79893094054283
76,125.0,114.908356,114.67887,114.88055927107365
76,125.0,113.58275,120.18029,114.38187925023296
76,125.0,113.487854,119.0602,114.16280787131649
76,125.0,111.48988,113.597015,111.74511092641418
76,125.0,112.96465,114.289085,113.12507560610243
76,125.0,112.24851,112.45417,112.27342270011594
76,125.0,109.04296,106.48434,108.73304636567663
76,125.0,110.95186,106.190025,110.37507888737619
76,125.0,109.93878,107.2116,109.60845052040277
76,125.0,109.77707,107.3205,109.47951621732236
76,125.0,108.36975,110.46383,108.62339732011485
76,125.0,108.91368,111.419304,109.21717596136163
76,125.0,111.638916,110.48351,111.49896718271157
76,125.0,112.68852,110.68454,112.4457888641408
76,125.0,114.191795,110.41707,113.73457950584826
76,125.0,116.041504,109.53704,115.25364726672146
76,125.0,116.44724,109.15933,115.56449062146419
76,125.0,117.12901,108.22343,116.05031908801985
76,125.0,117.32131,107.51073,116.13299950820404
76,124.0,117.789825,108.98717,116.72359869546358
76,123.0,116.92175,109.16769,115.98253741478688
76,122.0,117.43779,110.69818,116.62145114264398
76,121.0,117.37257,112.72391,116.80949490537955
76,120.0,117.34401,113.196556,116.84164686348103
76,119.0,117.31481,111.4423,116.60350040004215
76,118.0,118.301575,111.31697,117.45556076596785
76,117.0,118.14234,109.34021,117.07617863368456
76,116.0,118.50454,106.39023,117.03718695975034
76,115.0,116.8833,105.919655,115.5553232090266
76,114.0,117.178215,110.35049,116.35120272935204
76,113.0,115.511345,105.77778,114.33236140366044
76,112.0,115.0776,106.114075,113.99188687231351
76,111.0,115.79684,104.030334,114.37161285754243
76,110.0,116.0989,103.86187,114.61668292863304
76,109.0,114.980576,107.71527,114.10056159760921
76,108.0,115.213554,102.112434,113.62667410293747
76,107.0,114.05013,98.716324,112.19281681521977
76,106.0,113.77835,101.97134,112.34821978628548
76,105.0,115.09625,105.899765,113.98232290388663
76,104.0,115.00629,101.79557,113.40613143606849
76,103.0,112.248535,102.26361,111.03910577198518
76,102.0,109.77259,98.916626,108.45765601786786
76,101.0,107.32869,104.5243,106.98900631798082
76,100.0,104.12435,104.507614,104.17077439633086
76,99.0,104.4668,105.21229,104.55709488089317
76,98.0,101.421814,100.26355,101.28151858897073
76,97.0,98.22306,101.922554,98.67116375751772
76,96.0,96.70235,107.85305,98.05298181473614
76,95.0,96.43198,104.78621,97.44388730503536
76,94.0,95.39946,102.21431,96.22491223099519
76,93.0,95.43207,100.76263,96.07773469990353
76,92.0,92.97418,104.67177,94.39105859758064
76,91.0,94.3944,106.9281,95.91255265759109
76,90.0,86.598915,105.25666,88.85884464678875
76,89.0,89.893875,110.349144,92.37153067940957
76,88.0,96.821304,111.92242,98.65043476348787
76,87.0,96.82907,110.048904,98.430330546845
76,86.0,100.60809,111.03911,101.87155562424209
76,85.0,101.175385,111.718636,102.4524415332836
76,84.0,101.71984,114.718895,103.29435847823582
76,83.0,104.02275,114.01083,105.23256282218439
76,82.0,107.394226,114.36646,108.23874202558217
76,81.0,103.77953,106.52126,104.11162689057274
76,80.0,98.60483,107.735405,99.7107739927047
76,79.0,88.12222,101.36386,89.72612352172305
76,78.0,85.53346,102.64044,87.6055546976353
76,77.0,84.54675,106.22511,87.17255606430669
76,76.0,83.25414,104.678535,85.84918397041321
76,75.0,77.879135,102.33387,80.84122817500935
76,74.0,74.633286,99.527534,77.64861495714311
76,73.0,71.85147,92.010345,74.29322557810642
76,72.0,72.548615,82.58319,73.76405802376722
76,71.0,72.027824,85.36029,73.64272660701154
76,70.0,73.936356,82.304634,74.94996787239923
76,69.0,71.007416,87.97628,73.06277869884596
76,68.0,70.15817,89.1055,72.45317784631034
76,67.0,74.796875,91.14205,76.77669341040115
76,66.0,76.25456,96.22831,78.67389336899893
76,65.0,74.01931,98.21283,76.94976320646461
76,64.0,76.44049,86.1711,77.61911567221492
76,63.0,76.39562,86.42766,77.61075804508395
76,62.0,77.04073,78.87544,77.26296348241056
76,61.0,73.93782,74.75453,74.03674504987077
76,60.0,74.798515,78.68837,75.26967605179075
76,59.0,75.95266,76.79924,76.05520213073211
76,58.0,73.102325,73.735954,73.17907407768381
76,57.0,71.28174,75.19594,71.75584786277396
76,56.0,68.16408,65.46929,67.83767033132764
76,55.0,68.11299,65.40615,67.78512380454333
76,54.0,64.03601,59.487785,63.48510446847578
76,53.0,63.770775,54.98234,62.706271108914116
76,52.0,62.194225,54.294155,61.23732501606512
76,51.0,60.325695,61.285778,60.44198561393298
76,50.0,59.10498,60.395683,59.26131754925085
76,49.0,56.45736,58.47247,56.70144060977537
76,48.0,51.87449,48.55868,51.47285986418287
76,47.0,46.504227,45.64802,46.40051839025574
76,46.0,45.357697,49.487186,45.85788324140722
76,45.0,41.511345,39.799297,41.30397221648037
76,44.0,40.4863,45.334667,41.073562362577725
76,43.0,37.537014,44.456787,38.37517528516755
76,42.0,34.161293,44.43176,35.40530878758842
76,41.0,34.918278,47.690067,36.46526769081604
76,40.0,33.386047,39.802624,34.163258665148604
76,39.0,36.708878,50.121418,38.3334788129855
76,38.0,35.002117,44.32513,36.13137221034674
76,37.0,32.7082,42.547836,33.90003001808309
76,36.0,33.085983,42.468105,34.22239790727653
76,35.0,32.938698,43.332653,34.19767129099492
76,34.0,35.25013,46.74027,36.64187903146784
76,33.0,34.20527,41.79487,35.12456323721782
76,32.0,33.637367,43.612885,34.84565719954886
76,31.0,31.919334,40.10484,32.91080814276987
76,30.0,31.47979,37.5831,32.21905642990862
76,29.0,29.568027,35.470516,30.282969648940586
76,28.0,28.431396,35.9414,29.341049574536605
76,27.0,25.286907,29.628193,25.812747786461195
76,26.0,23.092562,32.354004,24.214358939647163
76,25.0,21.333996,28.55016,22.208057561132172
76,24.0,19.57878,30.156366,20.859995209952583
76,23.0,18.197979,26.297443,19.179031002599526
76,22.0,17.57098,25.873457,18.576622096558584
76,21.0,15.925281,19.105965,16.310542659929165
76,20.0,15.501019,21.01096,16.168413134488418
76,19.0,14.920221,22.851137,15.880857819111124
76,18.0,13.868299,21.458427,14.787657018380681
76,17.0,13.098287,20.61122,14.008294694389686
76,16.0,12.260383,23.008776,13.562287602884435
76,15.0,11.778579,17.44286,12.464667859541704
76,14.0,11.060342,15.685198,11.620530030877527
76,13.0,11.188966,16.603352,11.84478621943563
76,12.0,10.985038,15.932721,11.584328636407527
76,11.0,9.631752,12.378916,9.964503719097017
76,10.0,9.112691,9.101187,9.11129747635765
77,125.0,117.8268,117.84017,117.82841745817329
77,125.0,117.47447,118.913185,117.64873694884182
77,125.0,116.52905,119.461006,116.88418718701418
77,125.0,116.73325,118.47133,116.94377878900916
77,125.0,115.94488,118.5246,116.2573475561959
77,125.0,114.577995,115.5699,114.6981403582093
77,125.0,114.089905,115.95454,114.31575930746442
77,125.0,111.18946,113.65298,111.48785549723219
77,125.0,108.85511,118.18699,109.98543904293878
77,125.0,108.25101,118.60056,109.50460267145615
77,125.0,108.468506,117.86537,109.60670634166941
77,125.0,109.853714,118.607925,110.91407260579837
77,125.0,111.20731,117.20119,111.93332473438677
77,125.0,111.54791,117.52263,112.27160334278798
77,125.0,114.46784,120.338905,115.17897782678538
77,125.0,115.69203,119.34504,116.13450437995178
77,125.0,114.852486,119.72518,115.44269359852517
77,125.0,114.73863,118.42765,115.18546654246664
77,125.0,114.15881,119.156296,114.76413623607465
77,125.0,111.25659,118.281845,112.10752942030817
77,125.0,110.09537,121.05313,111.42263251153909
77,125.0,107.02189,121.85358,108.81838499357619
77,125.0,106.14461,120.823204,107.92256052187258
77,125.0,109.605644,122.38147,111.15312303301339
77,125.0,114.63139,122.696075,115.60823242355404
77,125.0,117.96021,120.82527,118.30724452370633
77,125.0,118.452576,119.002014,118.51912671766704
77,125.0,118.761215,120.278824,118.94503638155784
77,125.0,119.01818,122.17129,119.4001026085258
77,125.0,119.39701,123.77025,119.92672158541157
77,125.0,118.77667,121.7965,119.14245076740977
77,125.0,118.37479,121.83702,118.79415141200822
77,125.0,117.62929,121.79358,118.13368977649104
77,125.0,115.76109,118.4692,116.08911407112967
77,125.0,115.32361,114.38668,115.21012251003255
77,125.0,114.79929,115.27724,114.85718467460829
77,125.0,116.06416,113.99276,115.81326333292448
77,125.0,116.66335,112.67925,116.18077664719604
77,125.0,116.79107,113.14932,116.3499605042504
77,125.0,116.755745,110.76862,116.03055157867752
77,125.0,116.220505,111.42039,115.63908792075404
77,125.0,116.0058,106.06112,114.80124365987709
77,124.0,116.65259,110.82543,115.94677044517681
77,123.0,115.40985,116.812256,115.57971811597635
77,122.0,114.33372,115.94392,114.52875357207503
77,121.0,113.17694,112.89633,113.14295198449263
77,120.0,113.66546,107.31327,112.89604644215163
77,119.0,110.49667,109.07403,110.324354866302
77,118.0,109.64781,110.40047,109.7389776391124
77,117.0,106.646095,106.30101,106.60429665026558
77,116.0,102.38136,108.4724,103.11914271073569
77,115.0,94.33652,109.87379,96.21847755728602
77,114.0,92.97537,117.143265,95.90272142255581
77,113.0,88.710464,111.54073,91.4757932006037
77,112.0,86.30646,111.33799,89.33841547158616
77,111.0,87.55206,115.8743,90.98260910776364
77,110.0,86.67553,117.68867,90.43201265261379
77,109.0,85.99458,112.449554,89.19895590753418
77,108.0,90.17909,116.57795,93.37666832229726
77,107.0,95.50606,114.08678,97.75665742536232
77,106.0,100.37567,114.655495,102.10532274488176
77,105.0,105.133965,113.50665,106.14811095836816
77,104.0,109.42571,114.312904,110.017676344898
77,103.0,112.076584,115.44623,112.48473384307303
77,102.0,112.952385,118.55956,113.63155739910206
77,101.0,112.72547,117.493034,113.30294513974737
77,100.0,113.78588,120.71652,114.6253587212688
77,99.0,113.48945,122.64264,114.59813373476118
77,98.0,112.85881,121.32486,113.88426523445582
77,97.0,112.838844,121.557274,113.89486881857574
77,96.0,111.91005,119.657104,112.84841569209755
77,95.0,113.46554,121.45562,114.43334102368233
77,94.0,114.4995,120.76719,115.25867412826875
77,93.0,115.63353,117.23427,115.82741998691654
77,92.0,116.03191,117.11357,116.16293009891137
77,91.0,115.81683,115.50639,115.77923127469235
77,90.0,116.54392,112.517044,116.05616459487214
77,89.0,117.67998,119.099396,117.85190523421612
77,88.0,118.36543,122.27523,118.83900910668127
77,87.0,118.24885,125.68469,119.14951865807494
77,86.0,117.59379,118.364105,117.68709322164048
77,85.0,117.36821,117.78644,117.4188679507566
77,84.0,114.235985,106.01229,113.23988541567276
77,83.0,111.87596,110.87673,111.75492909581806
77,82.0,108.90628,111.82612,109.25994747629777
77,81.0,92.84478,100.87919,93.81795207262888
77,80.0,82.431114,98.72082,84.40421337022077
77,79.0,78.25254,99.237686,80.79437775006245
77,78.0,70.1384,98.16566,73.53321429508875
77,77.0,64.13596,98.758194,68.32959992877397
77,76.0,60.981346,94.52014,65.04375095892428
77,75.0,59.829815,100.954414,64.81105436980336
77,74.0,61.456642,99.65901,66.08392494115971
77,73.0,61.6071,100.099785,66.26954863790552
77,72.0,67.864624,106.943565,72.59808203184784
77,71.0,71.477615,109.12906,76.03816691031385
77,70.0,71.03682,107.77432,75.48666948063735
77,69.0,71.82347,114.66564,77.01275228037885
77,68.0,73.39745,116.60657,78.63118073297294
77,67.0,71.26749,117.689926,76.89042979470427
77,66.0,66.58325,112.32549,72.12380574206549
77,65.0,65.857185,109.06345,71.09056809390653
77,64.0,64.42851,113.37607,70.35731183946702
77,63.0,60.74521,108.231064,66.49695874634988
77,62.0,58.381416,114.72975,65.2066390531621
77,61.0,55.562454,114.07469,62.649780795989486
77,60.0,53.40432,119.198265,61.3736471457561
77,59.0,52.33998,108.765816,59.17459096715212
77,58.0,51.07587,103.07816,57.374676470433585
77,57.0,54.78439,105.94149,60.98082111741838
77,56.0,55.7184,104.18574,61.58903177139595
77,55.0,56.13938,102.721466,61.78166172827491
77,54.0,57.52778,104.82785,63.25702551798016
77,53.0,57.35034,103.71091,62.96579045024102
77,52.0,56.440132,92.49005,60.806698187351635
77,51.0,48.12532,82.12681,52.24376911466217
77,50.0,47.0039,75.19658,50.418752350763285
77,49.0,43.87419,64.7956,46.40830839283824
77,48.0,40.948112,58.048553,43.019412694837236
77,47.0,40.05742,68.70258,43.52707993965887
77,46.0,36.74302,56.3826,39.121873877393604
77,45.0,36.625046,57.85833,39.1969388399642
77,44.0,37.20963,58.053513,39.734355777406236
77,43.0,38.496944,73.87534,42.78217222054116
77,42.0,40.382248,68.80183,43.824584821944
77,41.0,37.227364,54.771656,39.35242554410553
77,40.0,37.90484,53.395805,39.781190334055445
77,39.0,37.114395,48.63456,38.509781326208895
77,38.0,36.267075,49.293686,37.84492996156551
77,37.0,35.483074,50.768528,37.334533086403226
77,36.0,32.23616,45.21457,33.8081770991418
77,35.0,31.3381,50.330482,33.63856303076563
77,34.0,26.821497,41.731873,28.62752431069881
78,125.0,119.1606,122.73005,119.59295037183404
78,125.0,119.19623,120.80099,119.3906053595469
78,125.0,118.66095,122.90669,119.17521761082648
78,125.0,118.63974,121.90027,119.03467328458143
78,125.0,118.29757,122.43058,118.79818246197537
78,125.0,118.59999,122.55741,119.07933553522663
78,125.0,119.16152,123.27489,119.65975550370497
78,125.0,119.21441,122.66471,119.6323285943967
78,125.0,119.3718,122.963234,119.8068172746868
78,125.0,119.16863,122.87153,119.61714781202505
78,125.0,118.40183,121.45856,118.77208000270173
78,125.0,117.074234,120.42603,117.48022248560416
78,125.0,116.475296,120.64027,116.97978032346805
78,125.0,114.48126,121.337494,115.31172699652669
78,125.0,113.10309,120.10657,113.95138857938834
78,125.0,112.66345,124.11526,114.05055826659714
78,125.0,112.73551,123.292076,114.01418137148964
78,125.0,112.962814,123.63293,114.25523751973918
78,125.0,113.33471,121.52443,114.32669347192304
78,125.0,115.18651,122.578964,116.08192343586366
78,125.0,116.71901,121.80773,117.33538364493603
78,125.0,118.07672,122.49456,118.61183434730646
78,125.0,118.836784,122.29322,119.25544707078329
78,125.0,119.183105,122.20936,119.5496619773371
78,125.0,119.58923,122.651566,119.9601600447736
78,124.0,119.83806,122.67504,120.18168954628975
78,123.0,119.57604,124.28899,120.14690008233119
78,122.0,119.72305,122.3077,120.03611988820484
78,121.0,119.35942,122.18626,119.70182277861393
78,120.0,119.46185,122.53579,119.83418525192394
78,119.0,119.47823,123.4198,119.95565771784905
78,118.0,119.35469,124.68232,120.00000252057697
78,117.0,119.49928,124.00237,120.04472204889534
78,116.0,119.61518,124.256485,120.17736144056848
78,115.0,119.43863,123.611206,119.94403479556607
78,114.0,119.024666,123.14306,119.52350841609771
78,113.0,118.31411,123.00067,118.88177212113966
78,112.0,117.58145,122.74816,118.2072719605586
78,111.0,116.72154,123.19617,117.50578478588713
78,110.0,116.19786,122.42163,116.9517182585657
78,109.0,115.77016,124.225914,116.79436503946275
78,108.0,115.865555,124.10057,116.86302558214902
78,107.0,117.0089,124.251114,117.88612017256239
79,125.0,119.39252,111.90149,118.48516227259009
79,125.0,118.91767,117.75285,118.77658201333416
79,125.0,118.88205,117.70565,118.73955756436736
79,125.0,118.98639,118.62772,118.94294561062809
79,125.0,118.94748,117.7332,118.80039902308245
79,125.0,118.565285,112.87983,117.87663086325804
79,125.0,118.43408,116.169945,118.15983717417988
79,125.0,117.58953,113.99239,117.15382571613875
79,125.0,118.0282,116.520744,117.84560706706847
79,125.0,117.38748,117.07067,117.34910783239506
79,124.0,117.47662,119.96002,117.77742652053439
79,123.0,116.44734,119.52683,116.82034689892437
79,122.0,115.67941,118.10705,115.97346147386406
79,121.0,115.15729,118.18614,115.52415922930793
79,120.0,112.82467,115.02273,113.09090998515285
79,119.0,109.86972,114.28092,110.40402963521834
79,118.0,106.6169,114.861206,107.61549392711926
79,117.0,103.85962,112.27864,104.87937770813511
79,116.0,106.875854,116.46471,108.03730939324191
79,115.0,107.495285,120.00567,109.01061204738583
79,114.0,109.68731,116.890274,110.5597722889902
79,113.0,110.350716,116.47379,111.09237671405103
79,112.0,106.62069,115.28309,107.66992721402866
79,111.0,107.22384,114.53061,108.10887533269414
79,110.0,99.00188,107.717064,100.0575086016265
79,109.0,94.75978,113.223885,96.99625547886087
79,108.0,94.151825,115.07749,96.68645771575429
79,107.0,95.25739,119.54282,98.19897890029777
79,106.0,103.07303,120.187706,105.14605316926428
79,105.0,111.75618,119.81403,112.73219171797695
79,104.0,116.5412,122.08588,117.2128008343739
79,103.0,118.12969,122.25244,118.62906233062803
79,102.0,117.776535,121.424255,118.21836714239059
79,101.0,117.63498,119.51205,117.86234007708605
79,100.0,116.347534,115.010445,116.18557848266856
79,99.0,114.76071,112.585205,114.49720225168242
79,98.0,112.58853,114.52357,112.82291374559827
79,97.0,110.60034,112.89331,110.87807888286315
79,96.0,108.48644,114.403755,109.20318027310859
79,95.0,109.52634,116.529724,110.37462578102925
79,94.0,106.97461,117.27818,108.22263532793157
79,93.0,108.41919,118.223694,109.6067653763011
79,92.0,107.8637,119.74084,109.30232544740262
79,91.0,106.80843,115.85177,107.90381239457923
79,90.0,105.333405,117.84857,106.84931097405018
79,89.0,102.05829,117.47614,103.9257845564446
79,88.0,99.39637,114.588394,101.23651212536461
79,87.0,103.31099,118.25312,105.12086312290339
79,86.0,107.76785,121.838234,109.47213534849539
79,85.0,109.9048,118.34359,110.92695336337127
79,84.0,111.148285,119.4267,112.15101204829908
79,83.0,114.39197,123.66414,115.51506452738136
79,82.0,115.89247,122.45908,116.68785579020182
79,81.0,116.00168,118.291466,116.27903019701397
79,80.0,116.03062,118.08329,116.27924793409514
79,79.0,113.669426,103.94804,112.49191734518395
79,78.0,112.492035,112.26882,112.46499809245981
79,77.0,110.318184,119.82677,111.46991619070606
79,76.0,107.09998,117.72728,108.38722027311204
79,75.0,101.55933,111.535255,102.76767273035486
79,74.0,100.507545,118.752945,102.71752939831796
79,73.0,97.81656,115.75396,99.98923626027465
79,72.0,100.80709,120.4793,103.18989797063543
79,71.0,104.25008,122.262566,106.43184885181797
79,70.0,103.96596,117.02717,105.54800387773071
79,69.0,105.30036,111.31705,106.02913593262099
79,68.0,104.96528,112.21333,105.84320316638482
79,67.0,108.19027,123.22165,110.01095350534537
79,66.0,107.913826,113.18714,108.55255918604394
79,65.0,110.21014,119.4246,111.3262431649946
79,64.0,110.6151,124.89936,112.34528623873473
79,63.0,108.23756,117.699615,109.3836534987197
80,125.0,119.53111,111.491516,118.55731216863121
80,125.0,119.72835,112.41322,118.84229934633652
80,125.0,119.79409,112.9407,118.96396925211656
80,125.0,120.00658,109.11268,118.68704722115994
80,125.0,119.78956,107.69324,118.32438494277865
80,125.0,119.49364,107.277794,118.01398643841543
80,125.0,119.44787,107.88977,118.0478874649738
80,125.0,119.23111,107.40353,117.79848716249722
80,125.0,119.185104,105.73972,117.55652526948948
80,125.0,118.510056,108.710144,117.32303593578052
80,125.0,117.20836,101.88798,115.35266927002701
80,125.0,115.86416,104.03886,114.43181248398079
80,125.0,115.12012,99.63141,113.24403895336569
80,125.0,116.89007,98.244484,114.63161154611498
80,125.0,117.55733,101.24882,115.58195015467669
80,125.0,118.396095,101.46771,116.3456357003668
80,125.0,117.69988,100.18699,115.57862374311158
80,125.0,118.21667,99.90275,115.99838377531296
80,125.0,118.07733,104.71856,116.4592429908136
80,125.0,118.23465,102.31585,116.3064763140403
80,125.0,118.687294,99.54637,116.36883936052725
80,125.0,118.58534,100.263725,116.36612657565664
80,125.0,118.38636,102.114204,116.41538645849906
80,125.0,118.44462,103.8075,116.67168965802706
80,125.0,118.08201,103.31109,116.29287267361194
80,125.0,118.03267,103.379395,116.25778322567649
80,125.0,117.257645,103.44287,115.58432269809464
80,125.0,116.38224,105.656166,115.08303872643616
80,125.0,114.0139,106.24832,113.07329075306595
80,125.0,114.27788,106.68173,113.35779053997109
80,125.0,114.97053,110.89568,114.47695991124975
80,125.0,114.02927,102.6695,112.6533087573007
80,125.0,115.0625,108.39589,114.25500315375129
80,125.0,115.53291,104.04828,114.14183062490123
80,125.0,114.67296,108.94527,113.97918861007955
80,125.0,115.689835,108.079666,114.76804880452123
80,125.0,114.17789,105.35268,113.108928536265
80,125.0,113.07862,106.22033,112.24790661021817
80,125.0,113.68955,99.61694,111.98499990038542
80,125.0,112.97373,104.01518,111.8886228178575
80,125.0,113.51141,106.591965,112.67329157148829
80,125.0,112.95281,106.85623,112.21436056784324
80,125.0,112.45044,99.82796,110.921534424705
80,125.0,110.65853,97.36472,109.04831147227868
80,125.0,111.64996,103.08412,110.61242115082477
80,125.0,111.642365,103.986465,110.71503956908178
80,125.0,111.42502,105.56401,110.71510056880088
80,125.0,104.867584,103.01007,104.64259190509087
80,125.0,105.79296,104.60831,105.64946923247324
80,125.0,105.47444,106.41117,105.58790338974671
80,125.0,106.33272,106.31864,106.33101290414663
80,125.0,106.17203,105.66508,106.1106229477958
80,125.0,109.25084,101.35833,108.29485473571214
80,125.0,110.01982,104.96977,109.40813125816923
80,125.0,112.21734,105.96849,111.46044345666435
80,125.0,113.42218,105.65295,112.48112752113754
80,125.0,112.20537,110.48444,111.9969201415153
80,125.0,109.95899,108.07673,109.73100185334073
80,125.0,109.25937,112.92008,109.70277477178908
80,125.0,109.58726,108.93015,109.50766524652549
80,125.0,105.53497,108.2813,105.86762388995254
80,125.0,106.129776,105.60301,106.0659714353723
80,125.0,104.375015,105.826324,104.55080587486918
80,125.0,110.08676,112.39631,110.366506661534
80,125.0,109.76816,114.70581,110.36623381212569
80,125.0,111.98962,114.334564,112.27364947252087
80,125.0,112.16669,103.45253,111.11117999661238
80,125.0,107.76784,103.70642,107.27589622836169
80,125.0,108.21404,103.80578,107.68008927144541
80,124.0,105.361115,98.92711,104.58179206037597
80,123.0,102.47693,100.05242,102.18325896583944
80,122.0,94.4144,95.05675,94.49220309453088
80,121.0,94.9472,104.80199,96.140863722683
80,120.0,95.85112,110.650536,97.6437072511991
80,119.0,97.07718,108.582726,98.47079453619062
80,118.0,90.612335,100.41028,91.79911638973357
80,117.0,90.66896,95.14437,91.21104709565068
80,116.0,89.56102,95.04254,90.22497218104755
80,115.0,82.46059,94.65218,83.9373003583289
80,114.0,83.4543,98.088974,85.22693277716954
80,113.0,81.658585,98.156784,83.65693797083543
80,112.0,80.24596,97.37813,82.32110002039315
80,111.0,81.2505,93.358505,82.7170918272946
80,110.0,81.80377,101.42022,84.17982483070337
80,109.0,81.36683,106.25538,84.38146803956371
80,108.0,82.68111,107.28737,85.66155344981041
80,107.0,80.76824,102.64902,83.41856270030543
80,106.0,77.819046,98.310104,80.30103659924285
80,105.0,80.61397,99.57383,82.91049145461653
80,104.0,82.155685,88.51893,82.92643670384808
80,103.0,83.643234,90.212105,84.4388922675644
80,102.0,84.014404,91.26079,84.89212645668314
80,101.0,81.774124,96.576744,83.56709952970446
80,100.0,85.5385,94.67485,86.64514359137111
80,99.0,87.74622,98.74871,89.07890568914974
80,98.0,86.070984,103.69953,88.20625130352964
80,97.0,89.4231,104.550804,91.25545431395608
80,96.0,90.90524,103.452126,92.42499089717776
80,95.0,98.45055,110.22582,99.87683299187606
80,94.0,97.97374,106.74345,99.03597511723311
80,93.0,101.09067,106.21606,101.71148326470137
80,92.0,103.6687,109.50736,104.37591218207798
80,91.0,100.78249,108.85694,101.76051544888084
80,90.0,96.548546,101.21428,97.11368532355013
81,125.0,118.158646,119.38936,118.30771639760707
81,125.0,118.21712,117.43627,118.1225369568112
81,125.0,118.28137,118.55204,118.31415688251836
81,125.0,118.8204,118.535194,118.78585117289927
81,125.0,118.56908,117.49402,118.4388595555922
81,125.0,117.60539,111.98032,116.92405295704248
81,125.0,115.47522,113.46653,115.23191607315326
81,125.0,114.591484,114.768036,114.61286900483157
81,125.0,113.362175,112.8042,113.29458986952827
81,125.0,113.1693,115.980606,113.50981769376783
81,125.0,107.50756,112.219185,108.07825876519999
81,125.0,108.15867,111.95233,108.6181780136744
81,125.0,105.822266,111.6852,106.53241716772938
81,125.0,105.300896,113.142815,106.25075238496424
81,125.0,102.320045,111.304985,103.40835116022203
81,125.0,98.748146,112.63491,100.43018795733228
81,125.0,90.97246,108.38156,93.08114499549562
81,125.0,88.54952,113.0271,91.51438224206508
81,125.0,88.118935,108.188034,90.54981520617395
81,125.0,90.3925,104.64972,92.1194150377797
81,125.0,95.996666,105.29758,97.12324384807704
81,125.0,101.3583,105.89816,101.90819269952624
81,125.0,103.96904,109.95342,104.69390151527004
81,125.0,106.440315,109.571365,106.8195653927501
81,125.0,106.75324,110.450195,107.20103791213523
81,125.0,106.93372,107.74512,107.03200395715993
81,125.0,110.92108,109.7103,110.7744245624723
81,125.0,112.33519,109.65821,112.01093927525497
81,125.0,113.63466,106.95988,112.82617224053527
81,125.0,112.02312,104.05094,111.0574829635194
81,125.0,111.81573,107.1323,111.24844472607684
81,125.0,111.925674,111.061905,111.82104988457684
81,125.0,111.09291,110.90381,111.07000566314481
81,125.0,111.94827,109.087715,111.60178611648107
81,125.0,111.55174,110.61717,111.43854221670469
81,125.0,113.074585,114.73388,113.27556786400763
81,125.0,113.67079,116.39402,114.00064415251353
81,125.0,115.048134,112.47147,114.73603448835158
81,125.0,115.59938,109.70767,114.88574411443307
81,125.0,116.4684,109.906555,115.67359214272558
81,125.0,116.59023,113.94914,116.27032933992517
81,125.0,116.185616,108.933495,115.30719844559434
81,125.0,116.91905,113.45197,116.49910027622343
81,125.0,115.74449,110.231995,115.0767873884527
81,125.0,116.17133,109.35339,115.34550665446392
81,125.0,116.49074,108.79261,115.55829800808425
81,125.0,116.27359,110.246445,115.54354882751015
81,125.0,115.62691,104.83837,114.32014005376514
81,125.0,115.20694,107.319756,114.25160023154142
81,125.0,115.50311,105.745125,114.3211711962582
81,125.0,115.07029,108.18983,114.23688983448191
81,125.0,114.44087,109.50306,113.84277693283575
81,125.0,113.05131,111.78525,112.89795548774703
81,125.0,113.70714,107.47796,112.9526253235089
81,125.0,112.831635,103.598946,111.7133200603828
81,125.0,113.62693,103.53553,112.40460390976766
81,125.0,114.26193,101.136536,112.67211156113373
81,125.0,116.521,105.62873,115.20167124261958
81,125.0,117.17618,106.95144,115.93770090132108
81,125.0,116.910034,110.84874,116.17585658254141
81,125.0,117.41236,113.386375,116.92471143697864
81,125.0,117.18662,117.648575,117.24257683205536
81,125.0,117.50637,116.71383,117.4103735240557
81,125.0,117.85046,117.51285,117.80956324444736
81,125.0,118.094604,118.35318,118.12592458281752
81,125.0,117.27996,113.03162,116.76537760546438
81,125.0,116.49887,106.59699,115.2995004523181
81,124.0,115.51257,107.65354,114.56064375918561
81,123.0,116.222725,105.694115,114.94744127859006
81,122.0,115.93873,111.35811,115.38389826839075
81,121.0,115.618256,108.7994,114.79231806296293
81,120.0,114.09826,108.130165,113.37537035847333
81,119.0,112.37077,108.2343,111.86974058034691
81,118.0,112.40165,106.33278,111.6665542321946
81,117.0,107.80762,103.96296,107.34193091018035
81,116.0,105.821526,100.76281,105.20878587076862
81,115.0,104.16346,100.0904,103.67010828296279
81,114.0,100.28761,91.34685,99.20465784930443
81,113.0,95.99878,99.780266,96.456813905647
81,112.0,93.293,101.33652,94.2672747647286
81,111.0,87.05411,99.92028,88.61252983756123
81,110.0,82.750595,103.68582,85.28638577289814
81,109.0,84.4911,107.27513,87.25082508541978
81,108.0,84.62898,107.14994,87.35684581456329
81,107.0,83.6465,104.55082,86.17854672583569
81,106.0,81.074615,104.39818,83.89969467661466
81,105.0,81.21902,103.16795,83.87759388625894
81,104.0,82.07059,104.00615,84.72754404283174
81,103.0,84.53575,92.3133,85.47781128228632
81,102.0,83.356964,92.586716,84.47492278832452
81,101.0,85.30632,92.798645,86.21383210715832
81,100.0,86.73045,93.355515,87.5329176095719
81,99.0,86.50592,95.48115,87.5930497013534
81,98.0,81.26723,84.288124,81.63313495301833
81,97.0,79.153305,88.89598,80.33339195250177
81,96.0,75.46769,93.10419,77.60391985834143
81,95.0,73.49953,96.00354,76.22533778972172
81,94.0,74.18032,96.39906,76.87157798445716
81,93.0,75.77945,102.59375,79.02734618803677
81,92.0,77.570404,91.70712,79.28272179411623
81,91.0,78.35312,95.770325,80.46278741589934
81,90.0,77.636154,88.51669,78.95406536713804
81,89.0,78.62901,92.609436,80.32239939205178
81,88.0,74.60307,91.269264,76.62177457469834
81,87.0,71.85965,89.46834,73.99251160481722
81,86.0,69.72967,74.74234,70.33683033517313
81,85.0,66.97461,82.44916,68.84897245251298
81,84.0,65.62947,76.00106,66.88573525941942
81,83.0,65.39927,73.87138,66.42545858472936
81,82.0,65.74954,74.32837,66.78865730738883
81,81.0,66.147804,71.446,66.78955099510486
81,80.0,66.67222,73.11006,67.45200559395417
81,79.0,69.96927,76.81982,70.79904512297719
81,78.0,72.66644,72.74552,72.67602131849668
81,77.0,69.85629,75.73756,70.56866399050922
81,76.0,69.584915,75.95342,70.35630407922186
81,75.0,72.81871,85.51113,74.35608671372978
81,74.0,69.8706,86.99665,71.94500029897395
81,73.0,67.62367,75.75993,68.60918151907995
81,72.0,64.5422,69.71945,65.16929585201572
81,71.0,65.46024,67.104485,65.65940285014308
81,70.0,63.079014,61.084072,62.837375425488794
81,69.0,63.725327,62.550133,63.58298055200674
81,68.0,59.695,61.947914,59.967885179378186
81,67.0,59.84091,65.75514,60.55727623014321
81,66.0,59.93296,70.02629,61.15552063828605
81,65.0,56.161884,68.56254,57.66392024342419
81,64.0,54.055054,64.0002,55.25966476189225
81,63.0,54.189632,74.9902,56.70911201187444
81,62.0,51.20794,72.66715,53.80719801597874
81,61.0,52.830635,63.481636,54.12074335251526
81,60.0,54.134037,60.777676,54.93875135513413
81,59.0,57.783363,67.2223,58.92665939225731
81,58.0,56.800232,69.47343,58.33527955148669
81,57.0,56.49243,69.810745,58.10561961327432
81,56.0,56.410122,71.28084,58.21134548641667
81,55.0,56.34477,68.1534,57.77509501819174
81,54.0,54.571342,62.70266,55.55625267575595
81,53.0,50.96706,57.77494,51.791668302589784
81,52.0,46.616104,59.075275,48.12522802020614
81,51.0,41.911076,52.20861,43.15837010829922
81,50.0,38.912457,46.16392,39.79079413255555
81,49.0,38.00544,48.84388,39.31825168649816
81,48.0,35.130844,48.743008,36.77962482315333
81,47.0,34.32669,48.35973,36.02645016041189
81,46.0,32.72631,44.99043,34.21180871139737
81,45.0,35.8041,52.671474,37.847169930063004
81,44.0,35.07089,52.573658,37.19092098348008
81,43.0,38.19226,56.852608,40.45250541194318
81,42.0,41.22441,52.418564,42.58030885613343
81,41.0,42.630302,61.450005,44.909849079746515
81,40.0,41.067528,59.92962,43.35220880203261
81,39.0,42.904503,64.657036,45.5392902450131
81,38.0,38.082855,56.841232,40.354973842332285
81,37.0,35.720787,49.365734,37.3735386755418
81,36.0,33.070827,41.018368,34.03347762013046
81,35.0,33.816822,46.12443,35.30758794846183
81,34.0,34.013725,40.25974,34.770277077550446
81,33.0,32.589478,42.36553,33.77360697699121
81,32.0,33.288383,41.07344,34.23135275212556
81,31.0,32.860405,40.57071,33.794319762052524
81,30.0,32.174805,33.64209,32.35253039946644
81,29.0,31.770187,34.99837,32.16120288860432
81,28.0,29.736668,25.515873,29.225421583868975
81,27.0,26.17393,21.76432,25.63981294715773
81,26.0,23.395466,23.812716,23.446005445027332
81,25.0,21.877777,24.77923,22.229217173270744
81,24.0,20.006739,24.505175,20.55161416482009
81,23.0,18.805017,27.353144,19.840413905389198
81,22.0,18.302376,27.782185,19.450622787178457
81,21.0,18.229256,30.243439,19.684480126794348
81,20.0,17.709272,30.499084,19.25844532459783
81,19.0,17.338476,25.212383,18.292207456393356
81,18.0,17.075935,22.91154,17.782776035063048
81,17.0,17.071634,23.206987,17.81478226977179
81,16.0,16.261395,19.454733,16.648189349187945
81,15.0,14.574977,19.615204,15.185477147924228
81,14.0,14.171961,21.729816,15.087410198392105
81,13.0,12.496883,20.234903,13.43415526328861
81,12.0,10.961598,17.849842,11.795940654971512
81,11.0,9.300227,14.087793,9.88012372124661
81,10.0,8.105228,13.095518,8.709679974584033
81,9.0,6.4736314,9.854379,6.883126238225876
81,8.0,6.252025,8.577227,6.533666424138894
82,125.0,106.895935,111.68931,107.47653498131183
82,125.0,105.78269,114.6452,106.85616837827045
82,125.0,104.17133,115.99459,105.60343179667677
82,125.0,105.84818,118.31185,107.3578513379847
82,125.0,108.37338,115.46541,109.23240804241198
82,125.0,108.8382,113.1276,109.357759117477
82,125.0,110.50395,113.3072,110.84349666639783
82,125.0,110.88233,111.244865,110.92624392375404
82,125.0,109.659935,106.69042,109.30025112894596
82,125.0,107.34489,107.67212,107.38452297733065
82,125.0,102.46,105.804436,102.86509579073842
82,125.0,101.88095,104.36774,102.18216421997667
82,125.0,100.17139,108.1049,101.13233740807578
82,125.0,100.815285,108.29319,101.72105006921623
82,125.0,103.44557,108.43971,104.05048989674941
82,125.0,106.4249,106.784065,106.46840078132341
82,125.0,107.4139,105.23131,107.14953436205019
82,124.0,108.36549,104.2392,107.86569380815284
82,123.0,109.14693,107.09532,108.8984250820798
82,122.0,109.2504,103.25699,108.52444190271459
82,121.0,108.77629,103.068474,108.08492844803672
82,120.0,106.24445,104.26757,106.00500241036258
82,119.0,104.00965,101.15251,103.66357859880735
82,118.0,103.090935,102.12869,102.9743826529066
82,117.0,99.29234,98.86927,99.2410982150141
82,116.0,99.596756,96.90386,99.2705777343945
82,115.0,98.5208,93.962006,97.9686115571164
82,114.0,100.64547,100.413124,100.61732668075078
82,113.0,103.12149,100.03342,102.7474458696578
82,112.0,106.77067,101.89896,106.18057929877634
82,111.0,110.49823,105.64056,109.9098416202483
82,110.0,111.37682,105.37238,110.64953232983977
82,109.0,112.44448,106.428215,111.7157574229766
82,108.0,115.40335,106.82811,114.36467009286008
82,107.0,116.43184,107.19906,115.31351343878151
82,106.0,117.25058,107.77357,116.10267152824878
82,105.0,117.78494,106.923615,116.46935835507904
82,104.0,118.1839,105.85727,116.69082921172605
82,103.0,118.39728,109.23925,117.288006756003
82,102.0,118.13015,107.32446,116.82130513691254
82,101.0,118.32213,106.266365,116.86186742102764
82,100.0,118.020874,106.8655,116.6696734523491
82,99.0,117.99394,105.9818,116.53896454880457
82,98.0,117.35878,104.63685,115.8178290455314
82,97.0,117.43694,103.32659,115.7278190527329
82,96.0,116.67181,103.31696,115.0541937022919
82,95.0,116.70558,100.69335,114.76609161398802
82,94.0,116.190765,101.99738,114.4715842406486
82,93.0,115.3464,103.066536,113.85899250809315
82,92.0,114.15378,102.2694,112.71427651075207
82,91.0,113.561905,99.804924,111.89558311978452
82,90.0,104.517494,95.55282,103.43164296089795
82,89.0,102.71999,93.890175,101.65047699948938
82,88.0,104.544464,95.714424,103.4749207201867
82,87.0,106.10732,98.5349,105.19010849738861
82,86.0,108.09405,104.49614,107.65824898213081
82,85.0,109.38956,104.004166,108.73724844462106
82,84.0,109.19507,104.099594,108.5778762724684
82,83.0,108.92454,102.35552,108.12886208588007
82,82.0,102.59527,103.19754,102.66821877690535
82,81.0,94.41037,100.206116,95.11238273885608
82,80.0,86.931335,95.719315,87.99578419679696
82,79.0,84.1684,94.47102,85.41631406409999
82,78.0,78.29736,97.450905,80.61734641255082
82,77.0,79.75103,104.31729,82.72663171805704
82,76.0,81.32538,105.36997,84.23779291068516
82,75.0,81.26843,103.72942,83.98903234737256
82,74.0,82.520355,109.72322,85.81531710423998
82,73.0,80.64374,104.441734,83.52628305491258
82,72.0,77.16246,102.546585,80.23712623354261
82,71.0,76.0896,100.62019,79.06088112360749
82,70.0,74.07765,99.15985,77.11574697437958
82,69.0,69.41545,100.51552,73.18246358372204
82,68.0,64.903015,87.90555,67.68920944240865
82,67.0,62.92,94.44613,66.73861788040409
82,66.0,61.815563,93.510895,65.65467746399295
82,65.0,63.376305,96.2706,67.36064395354093
82,64.0,67.36925,101.896965,71.55143599420043
82,63.0,63.008068,93.60463,66.71409321626268
82,62.0,68.88618,97.48063,72.349695589932
82,61.0,68.97652,89.0733,71.41075091019333
82,60.0,66.630066,85.85955,68.95924768558879
82,59.0,67.18771,95.46971,70.61338596234566
82,58.0,65.02344,97.573906,68.96613068036497
82,57.0,60.894043,87.80505,64.1536537700447
82,56.0,55.170998,83.26827,58.57429529722775
82,55.0,54.849003,88.02443,58.86739440053424
82,54.0,52.725964,87.743675,56.96750294569396
82,53.0,51.180283,84.16832,55.17597651543464
82,52.0,52.264286,91.64084,57.033792372440715
82,51.0,56.066177,97.29316,61.05981798240182
82,50.0,59.34009,103.36568,64.67271463588159
82,49.0,63.46441,102.56649,68.20066972237919
82,48.0,62.5477,96.678764,66.68184281636948
82,47.0,72.18669,99.692894,75.51839503455736
82,46.0,69.40864,95.75918,72.60036149805752
82,45.0,75.265335,99.54825,78.20661614220037
82,44.0,74.08717,108.118576,78.20924559519135
82,43.0,75.02661,99.404076,77.97934493904594
82,42.0,72.26645,101.209656,75.77221062626924
82,41.0,68.26325,103.78052,72.5653003224954
82,40.0,65.49472,101.979706,69.91398413794364
82,39.0,63.78593,100.32832,68.2121478125026
82,38.0,59.687893,94.61251,63.918156221135405
82,37.0,60.1159,92.83179,64.07862796455512
82,36.0,58.902477,100.207695,63.90559421138623
82,35.0,56.089916,103.752815,61.86311077575995
82,34.0,53.484257,89.531876,57.85054417008361
82,33.0,47.957508,83.024315,52.204994117509344
82,32.0,45.45684,76.63687,49.23353869374584
82,31.0,41.32906,79.238266,45.920832827128116
82,30.0,36.678074,69.86561,40.69793201526109
82,29.0,33.99021,67.48365,38.04712245431697
82,28.0,32.010994,58.740604,35.24863254900469
82,27.0,31.790754,58.127567,34.98081510268646
82,26.0,32.172424,56.273254,35.09165045753626
82,25.0,31.767265,59.67938,35.14813519913599
82,24.0,32.458687,58.013737,35.55405613552763
82,23.0,29.02478,53.23376,31.957106200497112
82,22.0,28.144112,46.660797,30.386955225912494
82,21.0,24.755693,43.5648,27.03395672212258
82,20.0,22.37331,41.108566,24.64262817766351
82,19.0,19.939663,31.324339,21.318637998534186
82,18.0,18.63726,29.093521,19.903780694610436
82,17.0,18.130964,28.195202,19.350000527365246
82,16.0,17.966213,26.73423,19.02824402815323
82,15.0,16.66806,23.101534,17.44731828732104
82,14.0,16.45747,24.245127,17.400754100460333
82,13.0,15.491151,22.835918,16.38078981960611
82,12.0,14.149471,17.594168,14.566712009671823
82,11.0,11.967185,12.199556,11.995331124109962
82,10.0,10.609302,11.305702,10.693653473355939
82,9.0,8.685481,8.812196,8.700829459152194
83,125.0,119.086235,117.86096,118.93782317234293
83,125.0,118.626976,116.970184,118.42629621968878
83,125.0,118.59326,117.07637,118.40952741392162
83,125.0,118.19047,117.15388,118.06491023758487
83,125.0,118.307365,114.90292,117.89500055020898
83,125.0,118.64494,117.43378,118.4982400510803
83,125.0,118.22789,115.1349,117.85325027601468
83,125.0,118.44165,122.80987,118.97075310543417
83,125.0,118.51398,119.86306,118.67738545588675
83,125.0,118.5983,115.89565,118.27093785368353
83,125.0,119.00786,114.18289,118.42343159526072
83,125.0,118.81946,120.35396,119.00532516904278
83,125.0,119.13532,120.61181,119.31416276492524
83,125.0,119.04232,121.43288,119.33187768677581
83,125.0,118.66324,117.55484,118.52898316227453
83,125.0,118.01129,108.390656,116.84598674159948
83,125.0,116.66367,106.72663,115.46004375958569
83,125.0,115.8956,108.633514,115.015975377664
83,125.0,114.4926,110.16579,113.96851194220663
83,125.0,114.4529,110.045616,113.91906864209332
83,125.0,111.40208,104.14335,110.52285934402695
83,125.0,111.888725,109.54403,111.60472269806425
83,125.0,112.87901,104.49148,111.86306831479787
83,125.0,114.09101,110.20976,113.62089271661918
83,125.0,115.247345,108.701866,114.45452029130597
83,125.0,117.260216,110.12034,116.39539423871133
83,125.0,116.795,111.88311,116.20004305066936
83,125.0,116.84754,110.41778,116.06873317519963
83,125.0,117.79794,118.46205,117.87838359112783
83,125.0,118.187996,117.22482,118.07133106815698
83,125.0,118.51671,116.246124,118.24168264015107
83,125.0,118.03804,111.09023,117.19648322458696
83,125.0,118.451866,111.519,117.6121186296628
83,125.0,118.2254,113.2874,117.62728446962021
83,125.0,117.855774,114.50473,117.44987693630748
83,125.0,117.45969,116.3204,117.32168917633182
83,125.0,116.99832,113.19759,116.53795630751358
83,125.0,115.8046,110.73248,115.19024020441833
83,125.0,115.15813,108.656456,114.3706084174547
83,125.0,114.81583,105.27938,113.66071925786625
83,125.0,114.60473,105.65998,113.5212912451961
83,125.0,115.32672,110.96297,114.79815908361402
83,125.0,116.77298,116.61141,116.75340976231443
83,125.0,116.53394,116.83368,116.57024886494477
84,125.0,118.860634,112.59548,118.10176391193794
84,125.0,118.45096,111.58507,117.61932353342611
84,125.0,117.83861,104.01804,116.16458442991006
84,125.0,116.74577,100.830124,114.81798163057968
84,125.0,117.38579,106.35715,116.04993785971656
84,125.0,116.54581,100.966324,114.6587335356096
84,125.0,117.383995,102.73667,115.60983002380196
84,125.0,117.6461,103.64611,115.95034622090151
84,125.0,118.75971,105.20052,117.11734810173556
84,125.0,118.866325,105.93369,117.29985324494983
84,125.0,119.03754,112.383606,118.23157565324193
84,125.0,118.68025,116.772316,118.44915227865083
84,125.0,119.08524,117.34653,118.87464028946944
84,125.0,118.81186,119.22757,118.86221228494436
84,125.0,118.68771,116.47718,118.41996159486754
84,125.0,118.200584,112.56378,117.5178236244173
84,125.0,116.19622,111.68454,115.64974063297461
84,125.0,116.29362,106.316,115.08507316601774
84,125.0,114.72486,103.40792,113.35409059991744
84,125.0,114.47604,103.52389,113.14945784547417
84,125.0,109.0504,102.85808,108.30035143969292
84,125.0,100.398026,99.56447,100.2970604524488
84,125.0,99.48361,110.12031,100.77198762746342
84,125.0,102.95055,111.078476,103.93504616527852
84,125.0,108.65286,115.48845,109.4808266843272
84,125.0,114.715904,112.30441,114.42381103017927
84,125.0,116.409294,114.95256,116.23284646688647
84,125.0,117.36302,115.622505,117.15220082392183
84,125.0,118.24617,106.032265,116.76675412249776
84,125.0,117.288666,104.45994,115.73477915419382
84,125.0,117.60037,103.35035,115.87433054775713
84,125.0,116.057335,97.145805,113.76666560652419
84,125.0,115.99454,108.99842,115.14712892358284
84,125.0,115.00893,113.43276,114.81801264076513
84,125.0,112.90683,109.948654,112.54851919960626
84,125.0,112.788925,110.81789,112.55018202283735
84,125.0,111.5042,113.88119,111.79211723189741
84,125.0,113.24085,115.28354,113.48827386384067
84,125.0,113.933945,115.70764,114.14878470302916
84,125.0,115.49904,115.29518,115.47434635527542
84,125.0,116.11163,114.134056,115.8720981865432
84,125.0,116.4368,112.23794,115.92820887587227
84,125.0,116.587074,108.37615,115.59252186098341
84,125.0,115.50582,112.169754,115.10173827543267
84,125.0,117.05606,114.85197,116.789088715524
84,125.0,117.6414,118.43528,117.73756193866787
84,125.0,117.6493,119.66319,117.89323352112041
84,125.0,118.668976,114.533226,118.16803088587844
84,125.0,118.975975,114.49313,118.4329884246791
84,125.0,119.02841,111.57178,118.12522295641222
84,125.0,118.96136,112.43645,118.17102385015284
84,125.0,118.48976,109.74018,117.42996367353574
84,125.0,118.00293,109.700516,116.997295286908
84,125.0,117.00297,105.87518,115.65510886162922
84,125.0,117.15349,108.358,116.0881300828755
84,125.0,117.51839,113.72059,117.05837647512139
84,125.0,117.188736,109.39301,116.24447478152187
84,125.0,116.776,110.408775,116.00476730971934
84,125.0,117.86769,110.85883,117.01873933879294
84,125.0,116.60988,104.93258,115.19545929197675
84,125.0,117.455574,108.03309,116.31427037666134
84,125.0,117.33758,112.119026,116.70547791685354
84,125.0,115.93886,105.20001,114.63810949548098
84,125.0,115.79631,100.63798,113.96024912341416
84,125.0,114.35657,102.317955,112.89838391747008
84,125.0,113.60395,103.15299,112.33807250250797
84,125.0,108.64892,106.082115,108.33801274611949
84,125.0,108.24307,106.11755,107.98561789011606
84,125.0,106.40245,106.586,106.42468290958129
84,125.0,108.70919,107.70969,108.58812489263535
84,125.0,108.46092,107.37093,108.32889676652546
84,125.0,108.97831,105.94533,108.6109380537196
84,125.0,110.92556,103.48925,110.02483292992133
84,125.0,111.22799,104.81725,110.45148530460482
84,125.0,111.73917,105.69487,111.00704758985675
84,125.0,111.81933,103.05845,110.75816201544042
84,124.0,112.09915,109.59436,111.79575740872684
84,123.0,111.38498,108.8323,111.0757843783594
84,122.0,110.65363,107.90502,110.32070606200135
84,121.0,106.635284,102.24786,106.1038557126742
84,120.0,107.703606,95.5376,106.22999132160865
84,119.0,105.3017,95.37836,104.09972684579832
84,118.0,108.03718,103.94031,107.54094238314323
84,117.0,109.02519,106.375275,108.70421955100161
84,116.0,111.81471,113.92432,112.07023944109376
84,115.0,114.14188,110.246086,113.66999652760975
84,114.0,115.737946,111.39779,115.21224173517906
84,113.0,117.613235,112.48198,116.991709289445
84,112.0,118.13278,113.94651,117.6257175516132
84,111.0,118.652794,113.37982,118.01410227215808
84,110.0,117.432304,110.892166,116.64012658311829
84,109.0,118.49931,111.935555,117.70427449661193
84,108.0,118.37261,107.38148,117.04130484253263
84,107.0,118.3111,108.88583,117.16945615472362
84,106.0,117.34903,102.224594,115.51707408061026
84,105.0,117.87599,107.89674,116.66724997825605
84,104.0,116.41642,109.20409,115.54282214637834
84,103.0,117.22024,107.53177,116.0467166670837
84,102.0,117.382744,111.79641,116.70609606605251
84,101.0,116.99019,109.1465,116.04011751000886
84,100.0,115.521805,101.456345,113.81811829816851
84,99.0,114.36807,106.350784,113.3969741184686
84,98.0,109.104774,90.014534,106.79245872229198
84,97.0,105.45809,97.53635,104.49856603116385
84,96.0,104.198074,92.34482,102.76234223868623
84,95.0,102.617645,97.26084,101.96879948077948
84,94.0,103.78911,93.761246,102.57447797536489
84,93.0,101.685074,90.44444,100.32354630125504
84,92.0,104.81591,105.1078,104.85126603826417
84,91.0,104.69812,110.93792,105.45391922266799
84,90.0,103.61,106.3193,103.93816570370399
84,89.0,103.34235,106.20458,103.68903608520625
84,88.0,98.826675,110.21738,100.20638029969652
84,87.0,87.5597,106.36646,89.83767936446245
84,86.0,80.43929,109.30335,83.93546779494075
84,85.0,75.486176,103.99324,78.93910925589552
84,84.0,76.9716,108.5606,80.79783780897876
84,83.0,72.49116,103.576096,76.25633754648536
84,82.0,68.05528,103.52682,72.35179151430205
84,81.0,60.674393,77.287,62.68660409822935
84,80.0,63.965233,82.95157,66.26496308574919
84,79.0,65.80542,80.960686,67.64110972921284
84,78.0,64.88801,75.79116,66.2086583855617
84,77.0,63.33191,88.65462,66.39913596388257
84,76.0,64.45711,83.81624,66.80199279026463
84,75.0,62.771393,82.46856,65.15722281234585
84,74.0,66.98595,81.61164,68.75749182284935
84,73.0,69.48514,88.33425,71.76824705162495
84,72.0,74.157715,96.00034,76.80341508893673
84,71.0,75.35304,92.78243,77.4641869329046
84,70.0,79.83856,88.69107,80.91082692023609
84,69.0,84.871124,79.84312,84.26210412571582
84,68.0,83.1865,69.62949,81.54440072857753
84,67.0,79.32132,58.963245,76.85543678016188
84,66.0,76.91551,61.017414,74.98984632565367
84,65.0,73.92627,64.16655,72.7441181605346
84,64.0,69.81864,57.878265,68.37235709631557
84,63.0,69.4356,73.669426,69.94842471761596
84,62.0,68.1144,67.9011,68.08856637615854
84,61.0,65.449905,72.57204,66.31257742560982
84,60.0,69.00943,72.91794,69.48285012370364
84,59.0,68.374565,60.657425,67.43982232407613
84,58.0,65.3727,46.98265,63.14519841308289
85,122.0,119.364624,109.42607,118.16081140746162
85,121.0,119.57569,106.3609,117.97504256094483
85,120.0,119.35986,106.72877,117.82991492749302
85,119.0,119.012276,105.897675,117.42376250598846
85,118.0,118.85442,105.32739,117.21595454831223
86,125.0,117.94544,120.406425,118.24353013651114
86,125.0,117.54205,113.80858,117.08983406680335
86,125.0,118.5392,115.78294,118.20534681063913
86,125.0,118.94148,114.816345,118.44182304309705
86,125.0,119.58412,115.26848,119.06138706271773
86,125.0,119.64755,116.3617,119.24955205966633
86,125.0,119.80451,116.36013,119.38730941693848
86,125.0,119.27148,109.30058,118.06374680801444
86,125.0,119.33031,113.278755,118.59730950398156
86,125.0,118.762955,106.90707,117.32690379025716
86,125.0,118.716644,109.931175,117.65249957322102
86,125.0,116.98986,104.826004,115.51650680472676
86,125.0,116.172935,103.15338,114.59593491520224
86,125.0,115.87361,107.18317,114.82097658313798
86,125.0,116.556435,111.65347,115.96256072710561
86,125.0,117.20179,108.9055,116.19689751935582
86,125.0,118.18712,108.1069,116.96614695516803
86,125.0,118.77914,116.81569,118.54131300363984
86,125.0,118.58406,114.01367,118.03046984244001
86,125.0,118.555405,110.316864,117.557506949581
86,125.0,118.6915,104.91489,117.0227982685323
86,125.0,118.747894,107.4546,117.3799875730253
86,125.0,118.61557,105.6744,117.04806385069983
86,125.0,118.05968,104.59426,116.42867129856407
86,125.0,117.71146,103.10099,115.94175566391175
86,125.0,117.1337,96.69699,114.65829032314814
86,125.0,115.42143,95.73641,113.0370736954147
86,125.0,116.21117,103.33935,114.65206036551675
86,125.0,111.362015,91.79307,108.99171544970434
86,125.0,110.923386,93.22845,108.78007655841479
86,125.0,107.456924,104.52642,107.10196556760356
86,125.0,105.21974,99.51519,104.5287748968023
86,125.0,103.07243,105.64556,103.38410496838497
86,125.0,100.80563,107.41638,101.60636402437035
86,125.0,97.46593,109.735214,98.95205119305399
86,125.0,99.24162,113.865875,101.01299343472895
86,125.0,104.73004,118.16083,106.35685277338277
86,125.0,110.846085,109.92831,110.73491823386442
86,125.0,115.93411,110.34264,115.25684285033329
86,125.0,115.94658,108.80973,115.08212433240607
86,125.0,116.87976,102.42584,115.12902201390507
86,125.0,117.33893,107.07342,116.09551267725898
86,125.0,114.41423,108.59486,113.70935549808158
86,125.0,109.62701,105.2309,109.09452617723979
86,125.0,100.82507,98.60409,100.5560551770625
86,124.0,94.84083,97.92262,95.2141120044704
86,123.0,90.44705,95.05478,91.00516544510964
86,122.0,86.92229,98.007515,88.2649912491386
86,121.0,90.75032,102.64366,92.19090783459681
86,120.0,90.07726,99.02156,91.16064580919335
86,119.0,90.504715,101.01871,91.77822799828617
86,118.0,96.88779,99.428734,97.19556044673024
86,117.0,101.24395,96.80031,100.70571137879833
86,116.0,107.165535,99.039055,106.18121065428062
86,115.0,107.64739,99.965256,106.71688931010983
86,114.0,106.14289,106.4458,106.17958105050752
86,113.0,98.35831,96.91838,98.18389504760738
86,112.0,88.407036,93.76324,89.05580860547894
86,111.0,83.395386,100.928024,85.51903611487853
86,110.0,81.03293,101.88143,83.55821473673063
86,109.0,80.12074,99.58209,82.47800933103095
86,108.0,78.77338,101.38958,81.51277638161496
86,107.0,71.07627,96.39147,74.14258851259804
86,106.0,74.86541,101.35027,78.07340330956735
86,105.0,72.929596,101.754555,76.42103474737719
86,104.0,75.39617,103.35311,78.78247108422677
86,103.0,77.95585,105.27174,81.26450133066828
86,102.0,82.40108,109.53186,85.687308115786
86,101.0,91.672905,111.21057,94.0394154193737
86,100.0,95.027756,108.436806,96.65193420440292
86,99.0,103.50012,108.840576,104.14698747570517
86,98.0,108.969475,109.00216,108.97343369925076
86,97.0,113.32192,108.91596,112.78824799271408
86,96.0,116.680084,108.674736,115.71043207650328
86,95.0,116.72773,99.38269,114.62680247756087
86,94.0,115.34378,101.560814,113.67431119594849
86,93.0,114.10534,104.96205,112.9978533635925
86,92.0,110.78422,106.56304,110.27292557955704
86,91.0,109.32278,102.0464,108.44142194029442
86,90.0,106.59471,104.68121,106.36293782765303
86,89.0,103.99991,101.88521,103.74376422206056
87,125.0,116.46138,110.52589,115.74244013269833
87,125.0,114.128365,108.01515,113.38789836626893
87,125.0,114.27297,111.87426,113.98242679315916
87,125.0,113.90952,114.04619,113.92607667434736
87,125.0,112.73639,113.20444,112.79308174011524
87,125.0,114.454254,115.82807,114.62065853489605
87,125.0,114.24298,120.28338,114.9746274044005
87,125.0,114.78636,111.93955,114.441540360174
87,125.0,114.69997,119.47778,115.27868208379655
87,125.0,115.0338,115.52923,115.0938074448843
87,125.0,116.01601,113.970795,115.76827907992391
87,125.0,115.65639,109.32576,114.88958663979741
87,125.0,116.350784,112.07005,115.83227840859547
87,125.0,115.85815,113.600204,115.58465219143218
87,125.0,114.89126,113.40747,114.71153366798876
87,125.0,113.48368,110.9465,113.17636365619386
87,125.0,113.41789,112.46102,113.30199093219278
87,125.0,111.60402,112.15102,111.6702744824535
87,124.0,110.15251,112.33606,110.41699503166419
87,123.0,108.76056,114.789665,109.49083783985333
87,122.0,109.15201,116.176865,110.00289762611673
87,121.0,110.12338,113.46926,110.52865393227677
87,120.0,113.879364,110.179855,113.43125901583517
87,119.0,115.801,108.92937,114.96867192565153
87,118.0,116.171776,109.284584,115.33756097149565
87,117.0,117.70385,107.05735,116.41428673835573
87,116.0,118.2911,108.72269,117.13212035018869
88,125.0,116.12222,121.87685,116.8192547887274
88,125.0,113.45027,117.68736,113.96349156433077
88,125.0,113.06964,113.88425,113.16831067296344
88,125.0,111.93897,113.60434,112.14069097140352
88,125.0,113.43654,117.626,113.94398940698333
88,125.0,112.22446,113.835304,112.41957156273051
88,125.0,110.98205,110.08943,110.87392940362106
88,125.0,112.26811,109.15231,111.89070934145232
88,125.0,109.3347,112.74687,109.74800253340555
88,125.0,100.62242,100.76344,100.63950259815503
88,125.0,98.656296,108.82355,99.88780965036045
88,125.0,90.45594,103.61861,92.05027535811536
88,125.0,87.141464,107.73711,89.63612257450677
88,125.0,83.13712,105.57,85.8543174759457
88,125.0,82.9312,112.63683,86.52930931199097
88,125.0,87.39322,117.217995,91.0057611589661
88,125.0,88.67888,114.24794,91.77594522748144
88,125.0,88.0845,110.1402,90.75601116630108
88,125.0,89.05854,110.84966,91.69800189203792
88,125.0,91.104385,107.38488,93.0763691431474
88,125.0,87.32839,111.41455,90.24584109764186
88,125.0,86.07431,115.86961,89.68328261301885
88,125.0,85.26941,116.61559,89.06623272516022
88,125.0,78.60923,117.96013,83.37562903748056
88,125.0,75.48529,118.633026,80.71158345058493
88,125.0,77.14105,118.53311,82.15468792704229
88,125.0,82.06418,118.64125,86.49459620848198
88,125.0,90.917435,122.26408,94.71431368472905
88,125.0,89.220856,120.912605,93.05953610319386
88,124.0,89.59846,114.48268,92.61257248457756
88,123.0,90.30821,117.44419,93.59507244756622
88,122.0,92.06508,120.2611,95.48033722768616
88,121.0,97.73652,118.42635,100.24258631931573
88,120.0,101.00581,121.639336,103.50506016852606
88,119.0,99.17782,117.67385,101.41816031284063
88,118.0,101.50321,122.23815,104.01474279982227
88,117.0,104.07638,120.53087,106.06943699245332
88,116.0,100.61247,112.272736,102.02482823443198
88,115.0,103.36322,118.58877,105.20742296549811
89,125.0,119.07325,115.47477,118.63738194404671
89,125.0,119.06505,117.35625,118.85806873533065
89,125.0,118.61215,117.618004,118.49173535201271
89,125.0,118.69488,111.39807,117.81104799158382
89,125.0,118.90662,117.49364,118.73546834640125
89,125.0,118.03958,118.67428,118.11645931309704
89,125.0,117.47535,117.09467,117.42923980623897
89,125.0,117.185265,112.50372,116.61821033588852
89,125.0,117.31888,115.58246,117.10855339668214
89,125.0,117.40036,115.712135,117.19587296194442
89,125.0,117.548904,122.123665,118.10302476309283
89,125.0,117.45808,119.97642,117.76311190710865
89,125.0,117.45955,117.67793,117.48600080532907
89,125.0,117.35342,117.5509,117.37733714822805
89,125.0,117.917786,120.90114,118.27914585695369
89,125.0,117.531075,122.27903,118.10617319267476
89,125.0,118.1097,125.36393,118.98837521353953
89,125.0,117.51495,122.463196,118.1143121374303
89,125.0,118.02204,121.553734,118.44981949480004
89,125.0,117.795204,120.05739,118.06921244634067
89,125.0,117.61556,118.86804,117.76726970552564
89,125.0,117.01371,119.19986,117.27850858002174
89,125.0,117.566826,121.167206,118.0029238440722
89,125.0,116.13565,119.01193,116.48404182346856
89,125.0,115.16177,116.1803,115.28514297525294
89,125.0,115.59448,114.784775,115.4964061437396
89,125.0,116.86431,120.47617,117.30179998804581
89,125.0,117.55901,121.965775,118.0927847082599
89,125.0,117.52218,121.64749,118.02185940538544
89,125.0,118.313545,119.9945,118.5171516913536
89,125.0,117.04257,112.478516,116.48974821006296
89,125.0,116.81058,107.538345,115.68747324571778
89,125.0,117.46191,105.610374,116.0263831808617
89,125.0,116.37928,106.436195,115.17491855030816
89,125.0,112.94921,106.068665,112.11580117801083
89,125.0,110.17967,106.92539,109.7854957966876
89,125.0,105.76819,109.65169,106.23857942110146
89,125.0,102.564674,107.44874,103.15625924992105
89,125.0,99.53016,109.846794,100.77976703363844
89,125.0,95.755066,117.102554,98.34079205239784
89,125.0,93.29854,113.112595,95.69852655724483
89,125.0,95.63347,119.15014,98.48193808962888
89,125.0,96.70689,117.1701,99.18550385209898
89,125.0,100.59691,118.17921,102.72657400369081
89,125.0,105.187775,116.96881,106.6147590919227
89,125.0,109.55479,118.97336,110.69561627034335
89,125.0,112.0371,113.09952,112.16578747027509
89,125.0,115.89915,108.03757,114.94690889642685
89,125.0,116.68976,115.685455,116.5681115567067
89,125.0,117.3519,118.49889,117.4908286520289
89,125.0,115.36387,111.26341,114.86719872312867
89,125.0,115.647766,117.44651,115.86563998225883
89,125.0,115.746086,110.04582,115.0556385485008
89,125.0,115.41879,110.12236,114.7772594602215
89,125.0,116.19648,107.74995,115.17338887275378
89,125.0,117.403625,117.05528,117.36143226575128
89,125.0,115.15813,109.56339,114.48046161152864
89,125.0,115.63966,116.214195,115.70925414314655
89,125.0,116.20151,121.39416,116.8304701024026
89,125.0,115.75003,118.062904,116.03017861845042
89,125.0,117.59219,114.79797,117.25374219100814
89,125.0,118.36817,119.57422,118.51425479724988
89,125.0,118.67499,124.28175,119.35411034115417
89,125.0,119.20964,125.62892,119.98717940340816
89,125.0,119.19595,126.18324,120.04229259852875
89,125.0,118.7045,122.00129,119.1038239018611
89,125.0,118.398125,119.21589,118.4971768379338
89,125.0,118.33336,119.446205,118.46815288655235
89,125.0,118.59724,119.21657,118.67225348084808
89,125.0,117.15386,114.724976,116.85966181265685
89,125.0,117.33877,119.665825,117.62063403520838
89,125.0,118.40968,120.753784,118.6936137293009
89,125.0,118.08895,115.05783,117.72180501716414
89,125.0,118.21438,113.950485,117.69791198460273
89,125.0,117.444565,112.10178,116.7974175590028
89,125.0,118.18857,116.096535,117.9351694343838
89,125.0,116.96446,111.16059,116.26146523245899
89,125.0,116.90398,113.11477,116.44500662772407
89,125.0,116.442955,107.17455,115.32031477573807
89,125.0,117.36251,106.226265,116.01362686526309
89,125.0,117.52333,105.03822,116.01106526680401
89,125.0,117.96336,104.82601,116.372094748034
89,125.0,118.52682,108.67821,117.33389909233627
89,125.0,118.825005,114.23913,118.26953779857686
89,125.0,118.83391,112.09228,118.01732441634839
89,125.0,118.718315,100.29,116.48617555083565
89,125.0,118.4947,100.70432,116.33982876008118
89,125.0,119.09164,107.06256,117.63460833557104
89,125.0,118.96776,111.75129,118.09365947208819
89,125.0,118.97083,116.15425,118.62967283242742
89,125.0,117.883255,107.09575,116.5766124654806
89,125.0,118.37846,107.83705,117.10162944492664
89,125.0,117.458145,108.6987,116.3971525824736
89,125.0,117.380196,117.315765,117.37239147022592
89,125.0,117.29546,111.35544,116.57597476577926
89,125.0,117.3786,119.57017,117.64405575360465
89,125.0,117.60704,113.364395,117.0931476919891
89,125.0,118.45677,110.68871,117.5158615095843
89,125.0,118.91119,113.14689,118.21298255266426
89,125.0,119.562035,109.90109,118.39184774741219
89,125.0,119.43222,117.67908,119.21987002272529
89,125.0,119.44974,116.19079,119.05499554619475
89,125.0,118.66221,115.775246,118.3125236080435
89,125.0,118.209015,111.01191,117.33726158870586
89,125.0,118.100914,113.011734,117.48448430906933
89,125.0,117.05557,112.768036,116.53624230641674
89,125.0,117.72101,111.95701,117.02284067565158
89,125.0,117.21756,117.51839,117.2539976515103
89,125.0,117.106384,116.65682,117.05193082696093
89,125.0,118.18223,120.05591,118.40917861055394
89,125.0,118.172775,116.719536,117.99675085149116
89,125.0,118.2442,118.09826,118.22652427275916
89,125.0,117.962585,114.014404,117.48435986144946
89,125.0,117.18216,111.642944,116.51121898594714
89,125.0,116.498886,113.57746,116.14502693385052
89,125.0,116.24127,113.92959,115.9612680336551
89,125.0,116.42871,104.87992,115.02985747506769
89,125.0,116.52536,113.73616,116.18751676229414
89,125.0,116.877045,110.26817,116.07654153046737
89,125.0,117.60159,112.57833,116.99314767497144
89,125.0,117.72414,111.56057,116.97757099973101
89,125.0,117.11099,108.1994,116.03157117997921
89,125.0,116.120605,106.78119,114.98936356908405
89,125.0,115.2601,108.44307,114.43438462946752
89,125.0,115.63729,109.72175,114.92076764197687
89,125.0,113.80144,111.47656,113.51983564485623
89,125.0,115.43908,111.04334,114.90664328864486
89,125.0,116.34819,113.44502,115.9965425392087
89,125.0,115.992,107.097885,114.91469265992973
89,125.0,115.479,111.2258,114.96382551313619
89,125.0,115.71042,112.1145,115.27486133081584
89,125.0,115.94222,112.447044,115.51886723349443
89,125.0,117.45706,115.76019,117.25152760030544
89,125.0,117.06703,108.384895,116.01540335404887
89,125.0,117.15425,109.808784,116.2645274630483
89,125.0,116.32095,113.1557,115.93756041740501
89,125.0,116.37988,113.13327,115.98663510310834
89,125.0,116.41322,108.69624,115.47849987257172
89,125.0,116.20055,108.31594,115.24551914964513
89,125.0,107.373245,97.79625,106.21322641222791
89,125.0,110.23471,105.60899,109.67441818807296
89,125.0,109.39623,106.02409,108.98778043875134
89,125.0,113.87308,111.36549,113.56934496404828
89,125.0,116.57303,113.80538,116.23779584295427
89,125.0,117.47569,117.80916,117.51608394816355
89,125.0,118.08618,114.47251,117.64847385569041
89,125.0,118.18447,114.91792,117.78880870963705
89,125.0,117.980804,110.70693,117.09975269879553
90,125.0,120.27751,121.2719,120.39795699182766
90,125.0,120.03968,120.393425,120.08252797659469
90,125.0,120.27995,118.81231,120.10218385757896
90,125.0,120.243614,117.4402,119.90404922622639
90,125.0,120.269714,122.05614,120.4860957794337
90,125.0,120.18586,121.41048,120.33419208036749
90,125.0,120.12768,122.40709,120.40377285189746
90,125.0,120.015366,124.04566,120.50353743335258
90,125.0,119.906296,124.53912,120.46744955642247
90,125.0,119.7174,122.22418,120.0210349936691
90,125.0,119.89014,124.14113,120.40504041336175
90,125.0,119.45839,121.46953,119.70198957640918
90,125.0,119.0226,120.29392,119.1765880961228
90,125.0,118.992805,119.96771,119.11089161163613
90,125.0,117.74367,110.0156,116.80760147005515
90,125.0,118.487015,112.265526,117.73343353996864
90,125.0,117.61104,113.8293,117.15297310345535
90,125.0,117.880615,120.28249,118.17154405569136
90,125.0,117.054886,115.100105,116.81811200432173
90,125.0,117.9846,118.750244,118.07733576899918
90,124.0,118.57391,117.106415,118.39616198704464
90,123.0,119.57198,115.67852,119.10038549924946
90,122.0,119.82355,114.68659,119.20133086551793
90,121.0,120.09729,114.26627,119.3910049916475
90,120.0,119.70731,99.83103,117.29978811001826
90,119.0,119.10094,98.998886,116.66606506404227
90,118.0,118.10995,103.20716,116.30483912034947
90,117.0,117.54004,96.62734,115.0069772926677
90,116.0,115.46088,99.7415,113.55685855113585
90,115.0,115.2593,99.72531,113.37773737789225
90,114.0,116.535805,103.803535,114.9936017116127
90,113.0,116.24177,103.88667,114.74525029782633
90,112.0,115.97907,98.21165,113.82698349667433
90,111.0,116.56559,94.005264,113.83295820304329
90,110.0,116.83699,93.17981,113.97150147691495
90,109.0,116.55435,82.79675,112.4654442966529
90,108.0,115.57016,90.934364,112.58613578222428
90,107.0,113.46086,86.79198,110.23057810440103
90,106.0,111.25744,88.12554,108.45557506751744
90,105.0,110.27074,89.84272,107.79638207420103
90,104.0,112.669136,85.639206,109.3951210724391
90,103.0,113.59885,95.5991,111.41861714898755
90,102.0,113.45532,85.41299,110.05867913696474
90,101.0,112.346176,101.233154,111.00010533628895
90,100.0,113.57672,102.707054,112.2601268623193
90,99.0,112.33611,98.24801,110.62968369266162
90,98.0,108.10804,89.87919,105.90006033330869
90,97.0,103.10489,97.77025,102.45872768591681
90,96.0,96.71612,84.049416,95.18185666248338
90,95.0,88.523605,89.01574,88.58321535630111
90,94.0,87.78042,92.49096,88.35098520694825
90,93.0,85.57808,99.845634,87.30624460558512
90,92.0,82.458374,100.709984,84.66911017981501
90,91.0,83.103165,100.3717,85.19482497185737
90,90.0,85.90845,99.13653,87.51070573538628
90,89.0,84.98549,92.54237,85.90082066572757
90,88.0,84.72479,99.566826,86.52254184047663
90,87.0,86.35667,93.276855,87.19487820678405
90,86.0,87.63371,96.0262,88.65025726562897
90,85.0,87.2926,102.11742,89.08826617251098
90,84.0,85.03893,102.71869,87.18040287402314
90,83.0,85.570526,104.96074,87.91917621207912
90,82.0,83.81687,104.23299,86.28978464448942
90,81.0,86.264534,102.25826,88.20178306982774
90,80.0,87.64522,107.68337,90.07235026168323
90,79.0,87.26641,103.5107,89.23400874711105
90,78.0,89.047485,104.15716,90.8776526502964
90,77.0,87.4482,107.87728,89.92268040730593
90,76.0,86.147316,107.990875,88.79312896616682
90,75.0,84.995224,110.4323,88.07630326045633
90,74.0,85.27019,115.01146,88.87261510890806
90,73.0,85.77787,116.96695,89.55566435669863
90,72.0,81.20595,116.87103,85.52590065974975
90,71.0,77.7079,107.82595,81.35596612944592
90,70.0,73.80908,100.11317,76.99517859527015
90,69.0,69.85881,97.2261,73.17368789729402
90,68.0,69.20039,98.43313,72.74122455181313
90,67.0,69.00781,90.446,71.60452450830522
90,66.0,64.59068,86.94646,67.2985382497018
90,65.0,64.5428,94.64429,68.1888597790823
90,64.0,63.19466,95.85515,67.15067956112908
90,63.0,60.76782,86.87683,63.9302867918488
90,62.0,64.08598,92.09868,67.47903621996613
90,61.0,65.762634,89.70802,68.66303250845085
90,60.0,69.03548,84.764946,70.94071720183962
90,59.0,70.47446,87.278145,72.50981263427092
90,58.0,75.40222,80.90135,76.06830681967604
90,57.0,70.28052,78.762955,71.30795738584864
90,56.0,70.43922,83.63477,72.03753558316625
90,55.0,69.46055,77.87524,70.47978207131958
90,54.0,72.63388,72.23645,72.58574163963247
90,53.0,72.06515,71.9797,72.05479731684272
90,52.0,72.50507,75.72954,72.89563855219045
90,51.0,73.99635,80.07625,74.73278373785472
90,50.0,69.88298,82.36947,71.39541303308738
90,49.0,66.153854,62.375885,65.69624577815682
90,48.0,67.163994,64.87663,66.88693597366185
90,47.0,64.93971,56.802433,63.95408012139204
90,46.0,58.867218,57.223938,58.66817483096712
90,45.0,55.91839,60.272507,56.445783317803546
90,44.0,49.40194,60.991417,50.805721157464724
90,43.0,44.094673,50.998287,44.93087715970173
90,42.0,43.463314,57.14224,45.120181227786475
90,41.0,46.113968,65.94046,48.51546255147585
90,40.0,45.387505,62.66903,47.48073864373633
90,39.0,49.155273,59.13259,50.36378147954961
90,38.0,51.349625,61.672886,52.60003526433986
90,37.0,50.58658,61.784424,51.942923485978376
90,36.0,52.517323,58.19418,53.20493492892117
90,35.0,52.056007,58.649757,52.85467893746517
90,34.0,50.37437,54.495953,50.87359943841498
90,33.0,50.224792,54.780613,50.77661871022383
90,32.0,43.685417,47.6,44.15957296254487
90,31.0,41.60618,40.468372,41.46836092100806
90,30.0,37.06349,31.520802,36.392130449226514
90,29.0,31.485344,26.275156,30.854257090719983
90,28.0,28.197748,24.7856,27.78444996122814
91,125.0,117.094086,114.7744,116.81311235818596
91,125.0,117.539566,117.17077,117.49489526637669
91,125.0,116.654236,115.53511,116.51868117165785
91,125.0,117.46652,115.606255,117.24119628801635
91,125.0,117.70595,113.29354,117.17149268964228
91,125.0,116.765755,117.6433,116.87204820450009
91,125.0,117.14052,111.66473,116.47725991492366
91,125.0,113.70371,109.20429,113.15871775050043
91,125.0,112.54593,116.550354,113.03096711537555
91,125.0,111.33942,115.55209,111.84967929520323
91,125.0,110.676186,119.036156,111.68879152873443
91,125.0,109.96699,110.49886,110.03141133222199
91,125.0,108.9189,110.922714,109.16161268033889
91,125.0,109.5932,115.01218,110.24957707602655
91,125.0,110.78943,114.50663,111.23967673043626
91,125.0,113.9155,112.0994,113.69552152068735
91,125.0,115.166855,117.69497,115.47307407920624
91,125.0,117.04578,118.703384,117.2465550409401
91,125.0,117.55096,118.84557,117.70776787734377
91,125.0,117.49087,115.23226,117.21729274073118
91,125.0,116.415405,112.320114,115.91936090874363
91,125.0,116.26917,118.564026,116.54713801074124
91,125.0,115.35283,116.673996,115.51285604942669
91,125.0,115.64362,108.08071,114.72756152742323
91,125.0,112.546875,100.29939,111.06339205037875
91,125.0,109.86545,102.81895,109.01193671556717
91,125.0,112.3277,102.03064,111.08046099480796
91,125.0,113.70033,106.34214,112.80906758293281
91,125.0,114.4451,104.05793,113.18694740079974
91,125.0,116.42677,110.897675,115.75705800931317
91,125.0,118.415634,114.42427,117.93217807910082
91,125.0,117.847534,111.38618,117.06489878741671
91,125.0,118.402596,115.35043,118.03290071839041
91,125.0,118.76788,123.57718,119.35041185058373
91,125.0,118.6679,124.867035,119.41877366033081
91,125.0,118.94897,120.04055,119.08118559460874
91,125.0,118.71028,121.687744,119.07092816805329
91,125.0,118.19125,113.30015,117.59881583189187
91,125.0,118.20516,114.80857,117.79374809494946
91,125.0,117.762535,111.889595,117.05117203829873
91,125.0,117.156334,107.73111,116.01469850723001
91,125.0,115.56956,99.57035,113.6316446024424
91,125.0,116.37523,105.25472,115.02825151428168
91,125.0,115.57254,107.795235,114.6305099153561
91,125.0,114.52418,110.41419,114.02635334193522
91,125.0,112.899185,110.57636,112.61783203440694
91,125.0,107.0353,101.482376,106.36270013675278
91,125.0,107.08006,103.708466,106.6716763121155
91,125.0,106.36334,87.10715,104.03092519246552
91,125.0,104.51984,97.47009,103.66593239461402
91,125.0,101.87042,89.8654,100.41630777434165
91,125.0,101.54077,107.93992,102.31587164653256
91,125.0,99.1315,100.92012,99.34814781309855
91,125.0,101.12385,91.97354,100.01551208933114
91,125.0,100.127914,84.75148,98.26543546442531
91,125.0,99.67069,87.580185,98.20622315127565
91,125.0,97.87408,90.72195,97.00777119471414
91,125.0,99.009605,91.8696,98.14476817720134
91,125.0,103.97699,97.20589,103.15683622684644
91,125.0,105.10616,108.68655,105.53983889801646
91,125.0,103.75835,106.49787,104.09017299285195
91,125.0,107.73801,112.0909,108.26525276045722
91,125.0,108.975586,106.28172,108.6492903279002
91,125.0,109.25689,103.51473,108.56136745811416
91,125.0,110.42257,104.64981,109.72334076625907
91,125.0,113.1622,108.16289,112.55665638072806
91,125.0,115.86835,112.91698,115.51086084377717
91,125.0,114.710144,114.143875,114.64155441217852
91,125.0,115.75596,106.05435,114.5808461670086
91,125.0,116.739265,114.62882,116.48363687261333
91,125.0,116.34273,113.16648,115.95800306031784
91,125.0,116.86217,114.78231,116.61024356438384
91,125.0,116.96331,114.85791,116.70829251214145
91,125.0,115.803246,116.18214,115.84913892165736
91,125.0,115.73912,111.91212,115.27557260716807
91,125.0,114.69032,110.12542,114.13739648783911
91,125.0,114.84721,98.5817,112.87704493894
91,125.0,113.38878,95.90177,111.27065544300913
91,125.0,113.383896,95.96173,111.27362668014516
91,125.0,109.487465,83.938736,106.39286122678284
91,125.0,111.51541,98.15569,109.89720823459268
91,125.0,112.27414,84.14603,108.86710645565097
91,125.0,112.012825,88.71033,109.19029729440508
91,125.0,110.58653,83.92175,107.35674666475246
91,125.0,108.906876,74.01133,104.68013364156118
91,125.0,106.164825,83.17465,103.3801281993486
91,125.0,111.10823,94.93693,109.14947275121635
91,125.0,111.39681,99.86865,110.00045778229978
91,125.0,109.41473,101.00328,108.39588533557107
91,125.0,109.68617,96.34134,108.06977229049552
91,125.0,105.8907,95.4432,104.6252419198602
91,125.0,106.91118,96.78069,105.68411802293322
91,125.0,107.3155,88.67152,105.05723590802391
91,125.0,109.92665,89.34485,107.43366900367803
91,125.0,110.2227,87.313484,107.4478105658471
91,125.0,105.30826,89.764366,103.42549570190184
91,125.0,109.9861,85.997795,107.08050286766317
91,125.0,113.09813,75.48983,108.54280358642293
91,125.0,114.98067,76.44886,110.31348105732395
91,125.0,114.527176,77.10634,109.99455663610888
91,125.0,114.82858,84.15754,111.11353596374477
91,125.0,114.53036,95.76322,112.25717785960332
91,125.0,115.77994,97.896286,113.61377070882399
91,125.0,113.9442,83.61265,110.27027305811298
91,125.0,113.73476,76.43994,109.21740172679894
91,125.0,112.08953,71.11213,107.12612089015154
91,125.0,108.76634,75.160446,104.69580974698727
91,125.0,108.58235,83.73229,105.57237472141324
91,125.0,108.96367,81.93639,105.6899754401845
91,125.0,101.03662,78.71946,98.33344277122919
91,125.0,98.707054,76.710014,96.0426507384394
91,125.0,98.44266,77.44245,95.8989961068803
91,125.0,94.11629,79.377,92.33098292220203
91,125.0,87.5159,75.79052,86.09565664019067
91,125.0,76.57126,64.23606,75.07715105021704
91,125.0,76.200836,69.11053,75.34201863336376
91,125.0,63.038456,70.91012,63.99191531778889
91,125.0,59.3367,66.843025,60.245908106397344
91,124.0,53.562286,59.375206,54.26637942463441
91,123.0,53.20517,64.72137,54.600075322771076
91,122.0,52.70369,58.83315,53.44612367386782
91,121.0,54.5363,62.87332,55.54612684341081
91,120.0,55.4461,60.740177,56.08734650268315
91,119.0,58.224678,56.115623,57.96921765911931
91,118.0,58.69764,55.6513,58.32864976311134
91,117.0,63.909164,67.28379,64.31791785628624
91,116.0,63.32654,74.36029,64.66301069948254
91,115.0,66.52943,73.704254,67.39848146406732
91,114.0,67.569244,75.42993,68.52137440062677
91,113.0,72.17322,81.51415,73.30464357190066
91,112.0,76.45889,71.48677,75.85664181954722
91,111.0,78.742935,74.98654,78.28793998467626
91,110.0,83.23291,73.055756,82.00019678155928
91,109.0,81.93752,82.96055,82.06143740938565
91,108.0,82.494514,75.503685,81.64774644678857
91,107.0,80.968155,62.88604,78.77794887988944
91,106.0,84.44651,65.67732,82.17308222688854
91,105.0,78.20236,66.99833,76.84526748680186
91,104.0,72.7923,65.83731,71.94987083493548
91,103.0,69.67498,58.80921,68.35885805702688
91,102.0,70.9352,58.4941,69.42826796129197
91,101.0,71.00736,54.028645,68.95080594440824
91,100.0,69.27292,58.617725,67.98230261850728
91,99.0,72.653275,58.56757,70.947135886749
91,98.0,72.63057,63.369644,71.50883484892375
91,97.0,72.332184,55.73929,70.32236035187675
91,96.0,71.085556,51.83011,68.75322950080948
91,95.0,67.5617,60.985058,66.76509968826127
91,94.0,69.54891,60.125885,68.40754277722297
91,93.0,64.23059,51.650146,62.70677766311202
91,92.0,61.397747,49.211456,59.92167595099329
91,91.0,58.124054,48.200615,56.922072010043415
91,90.0,56.892647,53.282337,56.45534607707939
91,89.0,55.987682,55.069103,55.87641894963849
91,88.0,60.596233,62.19749,60.790186531540535
91,87.0,62.891747,63.896225,63.01341451970548
91,86.0,63.772728,56.82743,62.931475063452616
91,85.0,62.807198,57.535038,62.16860437688204
91,84.0,65.31201,58.373592,64.47159190516886
91,83.0,68.50559,52.81876,66.60551624313447
91,82.0,67.737915,46.935146,65.21816837385202
91,81.0,68.173836,45.75751,65.4586462528945
91,80.0,66.30371,45.49596,63.78336082548256
91,79.0,59.967304,43.12579,57.927366622591784
91,78.0,61.86199,46.407043,59.99000285511302
91,77.0,62.797573,50.82971,61.347958938561824
91,76.0,62.961136,49.930412,61.382782389905984
91,75.0,62.077545,47.59949,60.32388300132614
91,74.0,58.137825,55.468616,57.8145156788043
91,73.0,56.954517,50.3124,56.14998738804457
91,72.0,55.704185,47.509476,54.711596810475754
91,71.0,55.349754,49.49502,54.64059667597479
91,70.0,56.668213,45.235847,55.28346141636141
91,69.0,59.992928,48.644478,58.618340413039206
91,68.0,57.354336,45.71103,55.94403392926694
91,67.0,57.937954,42.476772,56.0652099201688
91,66.0,56.806408,42.085423,55.023320570050295
91,65.0,54.703255,42.299168,53.20080291259266
91,64.0,50.67541,37.40026,49.06745142983285
91,63.0,50.872635,36.39795,49.11938071958358
91,62.0,45.536102,32.758133,43.988363811791636
91,61.0,43.20111,34.031525,42.09043973025878
91,60.0,41.24939,34.081787,40.38120989556448
91,59.0,39.68728,34.320488,39.03722329870862
91,58.0,40.16974,38.363014,39.95089827672506
91,57.0,40.111267,37.74956,39.825204193737235
91,56.0,37.72533,33.287502,37.18779601673869
91,55.0,39.27344,34.461914,38.6906424613863
91,54.0,39.24492,34.753433,38.70088518950497
91,53.0,39.3168,32.247063,38.46047349044955
91,52.0,35.40888,32.81541,35.09474314029671
91,51.0,34.13893,31.40081,33.80727487625813
91,50.0,33.101944,31.198195,32.87135128104629
91,49.0,31.978516,28.886415,31.60398331468371
91,48.0,30.634665,27.60182,30.26730959195646
91,47.0,30.220827,29.603174,30.14601356031677
91,46.0,26.608974,27.789083,26.75191580367087
91,45.0,25.616554,26.815182,25.76173866420074
91,44.0,24.676971,28.083355,25.089571489973586
91,43.0,23.456642,27.107712,23.89887994538118
91,42.0,22.328255,25.83957,22.753564563719486
91,41.0,19.639877,18.883959,19.548316279869386
91,40.0,19.558361,22.707518,19.939804354511764
91,39.0,17.03989,23.841034,17.86368250962959
91,38.0,16.916231,22.290483,17.56719038828408
92,125.0,118.25758,122.21681,118.7371473238146
92,125.0,118.595276,120.98197,118.88436571225041
92,125.0,118.62583,126.845924,119.62149480850542
92,125.0,118.7302,124.43584,119.42129986994551
92,125.0,117.03242,113.6892,116.62746844942693
92,125.0,117.464554,114.21577,117.07104275096688
92,125.0,116.80619,117.76028,116.92175471277054
92,125.0,115.53203,115.36222,115.51146018050488
92,125.0,114.28145,117.989914,114.73063827258665
92,125.0,115.352036,116.59364,115.5024259257753
92,125.0,116.103,116.155426,116.10934734142057
92,125.0,116.89584,118.19709,117.05345771268061
92,125.0,117.73258,120.63617,118.08428068699436
92,125.0,117.64779,119.74752,117.90212011390533
92,125.0,116.898315,115.84321,116.77051500676528
92,125.0,117.74983,118.37265,117.82527132122104
92,124.0,117.73726,118.833336,117.87002182923628
92,123.0,117.31315,110.70075,116.51221841034194
92,122.0,115.951996,106.18348,114.76877897480756
92,121.0,115.19135,116.00933,115.2904308625555
92,120.0,114.315285,114.78331,114.37197453661923
92,119.0,114.34717,116.7518,114.63843039542212
92,118.0,114.138626,112.07634,113.88883054044736
92,117.0,110.87934,110.70763,110.85854207911125
92,116.0,114.83572,119.05334,115.34657786508974
92,115.0,112.76642,121.413795,113.81383669740362
92,114.0,111.62108,118.89472,112.502102512338
92,113.0,110.698845,122.870094,112.17309410661672
92,112.0,105.2437,118.907684,106.89875587520086
92,111.0,106.00877,118.024826,107.46422466230268
92,110.0,102.21923,113.57597,103.59482230261129
92,109.0,96.70707,107.23953,97.98281971078559
92,108.0,93.735756,110.19939,95.72992213345267
92,107.0,90.12722,110.407906,92.58372919769668
92,106.0,89.56938,109.72194,92.01037117785322
92,105.0,88.971664,114.54633,92.06941009621347
92,104.0,93.64008,117.12494,96.48469921697689
92,103.0,98.7611,115.401924,100.7767295427158
92,102.0,98.67059,113.666275,100.48695336482821
92,101.0,93.98885,111.74484,96.13955728099249
92,100.0,94.04849,112.08073,96.23265659799169
92,99.0,92.98999,112.661606,95.37272536479749
92,98.0,96.46338,113.65479,98.54569825529451
92,97.0,99.56651,110.44552,100.88423850683044
92,96.0,103.08231,114.75551,104.49623561202728
92,95.0,102.63099,111.2667,103.67699434391885
92,94.0,105.07936,114.926025,106.27204354214261
92,93.0,105.44168,107.30695,105.66761305613424
92,92.0,105.80505,106.084366,105.83888554493859
92,91.0,107.84607,106.75965,107.71447634686558
92,90.0,110.48291,102.7291,109.54372606124437
92,89.0,107.60403,102.01894,106.92753057982455
92,88.0,109.74133,106.91481,109.39896889426265
92,87.0,109.59322,107.53275,109.34364795285691
92,86.0,110.3121,105.80015,109.76559023838564
92,85.0,109.56894,91.82284,107.41943303505003
92,84.0,108.51646,96.381645,107.0466209781884
92,83.0,101.68802,83.52986,99.48860212168249
92,82.0,100.99928,87.883484,99.410624561116
92,81.0,99.51724,94.24203,98.87827912984105
92,80.0,100.01636,88.85169,98.66403127925386
92,79.0,101.602585,94.108185,100.6948215629785
92,78.0,102.17551,95.67829,101.38852786109928
92,77.0,101.68091,93.6806,100.71186689083608
92,76.0,101.84541,92.208046,100.67808186247338
92,75.0,95.70959,87.221695,94.6814865475347
92,74.0,86.863815,77.84914,85.77190742003599
92,73.0,80.90649,87.66784,81.72545901207151
92,72.0,76.964226,90.04186,78.54826162381742
92,71.0,73.1877,72.758194,73.13567441105033
92,70.0,70.715126,73.78759,71.08727990806798
92,69.0,68.16023,62.42777,67.46588474634484
92,68.0,70.93767,69.42383,70.75430318767486
92,67.0,66.01683,60.624878,65.36372726567073
92,66.0,66.71663,58.020397,65.66329322037006
92,65.0,72.599014,73.07915,72.65717065964687
92,64.0,70.31702,80.37837,71.53570376547832
92,63.0,66.41618,69.247,66.75906786172617
92,62.0,65.76726,68.210785,66.06323125312305
92,61.0,64.96062,81.92735,67.01572216482934
92,60.0,66.1727,84.62733,68.40802581939904
92,59.0,62.04412,79.55695,64.16537215987037
92,58.0,59.767952,71.09725,61.14021957601952
92,57.0,62.916016,75.52517,64.44330622528558
92,56.0,58.436596,67.42186,59.524940880647414
92,55.0,60.25058,66.22369,60.97407559094419
92,54.0,62.134502,58.025764,61.63682929428476
92,53.0,59.678,54.789135,59.08583480121412
92,52.0,60.532173,50.249912,59.28672871782696
92,51.0,58.36409,50.11853,57.365342066921194
92,50.0,57.15302,49.67919,56.2477475504354
92,49.0,52.73656,41.49598,51.3750392769938
92,48.0,47.64003,45.2145,47.34623633077762
92,47.0,43.4375,39.597816,42.97241624537275
92,46.0,39.90203,33.738087,39.15541984834551
92,45.0,40.249763,36.446033,39.78903462400107
92,44.0,42.129562,38.715122,41.715986458528775
92,43.0,42.473343,39.547794,42.11898423704082
92,42.0,42.77372,41.80822,42.65677309016965
92,41.0,42.95701,38.702072,42.441626899977685
92,40.0,44.239716,35.389927,43.16778011449477
92,39.0,43.946335,30.396036,42.305047545854215
92,38.0,43.029663,33.18448,41.83715978393337
92,37.0,40.81584,37.311897,40.391424505456115
92,36.0,40.900898,34.570774,40.134158281993074
92,35.0,39.973442,36.33068,39.53221064388907
92,34.0,37.368008,35.153137,37.09973027260606
92,33.0,35.814896,28.264736,34.90037846274046
92,32.0,33.329445,29.197014,32.82890193088735
92,31.0,33.421192,29.249304,32.915869925352936
92,30.0,35.025032,33.0645,34.78756140114355
92,29.0,36.486374,34.338516,36.22621347428918
92,28.0,34.145973,33.979637,34.1258256599534
92,27.0,32.80667,32.492867,32.76866138665626
92,26.0,34.198826,34.398785,34.22304595465568
92,25.0,33.324852,33.46586,33.341931475023564
92,24.0,31.822477,31.063704,31.73057045135802
92,23.0,29.54734,29.107338,29.494044858225884
92,22.0,25.96627,22.778997,25.580210269396137
92,21.0,22.669027,21.860731,22.57112201154921
92,20.0,20.222857,19.252676,20.105342879896558
93,125.0,117.15092,108.113045,116.05619985738242
93,125.0,118.60038,107.98592,117.31469817087026
93,125.0,119.035934,106.97604,117.57517362739503
93,125.0,119.09222,102.4886,117.08109462473008
93,125.0,119.62128,109.40182,118.38343926554897
93,125.0,119.29931,105.102776,117.57974597733188
93,125.0,118.94297,99.86507,116.63214881631495
93,125.0,118.53534,102.47752,116.59032771992833
93,125.0,118.07234,94.96491,115.27344196218516
93,125.0,116.738266,84.858894,112.87685977567536
93,125.0,117.48821,90.48189,114.21705682097024
93,125.0,117.9693,102.07884,116.04455905782972
93,125.0,118.1423,103.52469,116.37173693653882
93,125.0,117.74847,100.50612,115.65997775385952
93,125.0,118.82431,106.56223,117.33905952196196
93,125.0,119.019516,105.22272,117.34837124988603
93,125.0,118.47568,107.588104,117.1569142642777
93,125.0,119.21943,107.75815,117.83117514767149
93,125.0,119.265335,114.63475,118.70445299263284
93,125.0,119.159424,101.22607,116.98723618645717
93,125.0,119.028305,109.09128,117.82467726064684
93,125.0,118.7925,113.05439,118.09747125250226
93,125.0,118.18674,116.633316,117.9985780952105
93,125.0,117.29537,105.18246,115.82818859224587
93,125.0,118.012764,114.42989,117.57878684259045
93,125.0,118.29133,114.54162,117.83714275854156
93,125.0,117.79056,113.70451,117.29563352347964
93,125.0,118.29443,112.288506,117.56696229595781
93,125.0,118.88038,112.740814,118.13672063473877
93,125.0,118.06377,107.393166,116.7712841474759
93,125.0,118.39098,107.91147,117.12164662276872
93,125.0,118.95761,107.763466,117.60171416270768
93,125.0,118.59308,106.19259,117.09106254618139
93,125.0,117.747284,101.77227,115.81230171531412
93,125.0,118.071976,103.68761,116.32966120804426
93,125.0,118.2989,112.83731,117.63735921730654
93,125.0,118.68491,105.15728,117.04637165556676
93,125.0,118.740036,111.45334,117.85743082960482
93,125.0,118.8834,113.54828,118.2371805140629
93,125.0,118.64333,101.84232,116.60830195210721
93,125.0,117.905426,98.94589,115.60894220320792
93,125.0,117.999176,101.64897,116.01874862349516
93,125.0,118.16477,102.18081,116.22870582708107
93,125.0,118.593216,109.67843,117.5134074867212
93,125.0,118.11511,105.68807,116.60988031892269
93,125.0,117.35757,105.27637,115.89422496068593
93,125.0,117.21771,110.10508,116.35619089486755
93,125.0,114.929535,97.653,112.83690521693127
93,125.0,115.42773,90.305725,112.3848106431112
93,125.0,115.72172,96.76066,113.42504918937816
93,125.0,114.39841,97.99941,112.41206986792228
93,125.0,113.22739,98.0875,111.39355968222225
93,125.0,113.31642,106.04838,112.4360757877482
93,125.0,115.481964,110.407295,114.86729208482362
93,125.0,115.82498,108.52801,114.94113172600493
93,125.0,115.06125,94.73404,112.59910448482864
93,125.0,113.71555,91.78824,111.05959536690094
93,125.0,112.247444,100.417694,110.8145592476539
93,125.0,112.18456,111.9007,112.15018007682725
93,125.0,113.03107,108.37648,112.46727753975401
93,125.0,112.552124,113.99385,112.72675395163165
93,125.0,107.746025,104.5018,107.3530666239145
93,125.0,101.12949,109.7824,102.17758193680646
93,125.0,100.13431,109.968735,101.3255081618042
93,125.0,91.69141,101.222336,92.84584527332328
93,125.0,92.68322,95.667206,93.0446568235988
93,125.0,84.80049,102.77947,86.97820517973781
93,125.0,82.76927,97.53405,84.55766362657047
93,125.0,81.194305,98.01139,83.23128401224884
93,125.0,84.538086,101.03626,86.53643654126519
93,125.0,87.428986,100.94586,89.0662245738622
93,125.0,97.74619,93.017456,97.17342210795377
93,125.0,109.014534,98.24581,107.7101666272238
93,125.0,115.911224,96.4132,113.54951561337039
93,125.0,116.22402,91.87911,113.27523149752294
93,125.0,117.1574,98.43934,114.89016644218049
93,125.0,118.06836,101.638084,116.07823339080893
93,125.0,118.20986,104.01386,116.49036364386663
93,125.0,116.009186,99.17318,113.9699153945826
93,125.0,116.25075,100.43915,114.33555907016826
93,125.0,116.02076,98.37752,113.8837123210682
93,125.0,113.78342,91.334465,111.06427527063573
93,125.0,113.75065,91.97347,111.11287623214916
93,125.0,113.374825,96.975914,111.38849757468633
93,125.0,111.85924,91.19759,109.35658481474108
93,125.0,111.91991,92.44764,109.56131767509777
93,125.0,113.675285,94.44557,111.34607584829865
93,125.0,113.2321,93.29102,110.81672750790162
93,125.0,112.63788,89.993675,109.8950870007664
93,125.0,113.505005,101.353745,112.03317686600802
93,125.0,114.53491,88.61071,111.39482905747128
93,125.0,112.37564,86.373314,109.22609488415384
93,125.0,113.47858,98.39278,111.65130091587713
93,125.0,114.833664,105.14541,113.66016875078745
93,125.0,115.569,108.05729,114.65914015231782
93,125.0,116.60437,108.996185,115.68282459676747
93,125.0,117.14688,107.54245,115.98353916053193
93,125.0,117.18315,104.32142,115.62526690824485
93,125.0,115.57894,99.357346,113.61409174243866
93,125.0,113.398705,96.324524,111.33058512407602
93,125.0,111.71205,96.74215,109.89881387158658
93,125.0,102.56414,97.73147,101.97878028301326
93,125.0,98.686005,99.1106,98.73743438621798
93,125.0,91.328545,102.02452,92.62410055373837
93,125.0,93.19908,108.20347,95.01649593871959
93,125.0,92.257126,91.76699,92.19775796288516
93,125.0,99.93753,92.1748,98.9972652085386
93,125.0,107.36596,100.09601,106.48538241779988
93,125.0,112.9514,91.59923,110.36510721606768
93,125.0,114.91851,91.215485,112.04746855309696
93,125.0,116.50143,85.968506,112.80311006682446
93,125.0,113.872734,81.76375,109.98351570252417
93,125.0,116.50633,86.78054,112.90577969492253
93,125.0,116.275345,89.07372,112.98053359967528
93,125.0,117.595825,88.87736,114.11728518621396
93,125.0,116.09759,92.08091,113.1885544279038
93,125.0,115.85907,91.865,112.95277481811132
93,125.0,112.76753,87.63846,109.72375959194244
93,125.0,113.49431,82.86804,109.78468530009873
93,125.0,113.327415,90.84263,110.60393342281432
93,125.0,114.07599,91.678955,111.36313589169337
93,125.0,111.989624,88.93911,109.19761796128671
93,125.0,110.69545,86.477,107.76197661381707
93,125.0,112.27411,92.241005,109.8475882843813
93,125.0,113.81294,95.84976,111.63714249940426
93,125.0,115.03689,90.28225,112.03846906018961
93,125.0,115.4568,96.10588,113.1129114691101
93,125.0,116.29294,97.18998,113.97908198064653
93,125.0,117.22229,99.44463,115.06896172731257
93,125.0,115.694786,94.109886,113.08030334050459
93,125.0,117.67173,95.594215,114.9975790813925
93,125.0,117.092224,100.02765,115.02526817659083
93,125.0,115.35208,94.234276,112.79417563319453
93,125.0,116.02937,93.551414,113.30671820798125
93,125.0,115.655754,92.83931,112.89209986187153
93,125.0,114.28787,87.61069,111.05658377615939
93,125.0,116.9871,86.58421,113.30453267243655
93,125.0,115.28535,85.51973,111.67997040432745
93,125.0,115.729996,87.095085,112.26157662108952
93,125.0,115.40063,96.40041,113.09921593521973
93,125.0,114.66784,100.646416,112.96948652812512
93,125.0,113.95027,95.092316,111.66609144549972
93,125.0,113.431656,87.66861,110.31109290371285
93,125.0,114.25072,84.42199,110.63769630691894
93,125.0,114.289505,91.36575,111.51285310612803
93,125.0,112.93292,84.97695,109.54674021142766
93,125.0,113.60799,90.880394,110.85509446086425
93,125.0,113.338425,85.63735,109.98311719817625
93,125.0,111.808716,86.89967,108.79159452750062
93,125.0,110.851715,79.42853,107.04556445417498
93,125.0,110.165695,87.99943,107.48079400565467
93,125.0,109.066505,81.936386,105.78035498481734
93,125.0,109.465256,79.553566,105.84218605942428
93,125.0,107.851364,85.49463,105.14339243100439
93,125.0,104.073494,86.0238,101.88721541705769
93,125.0,98.936775,86.399254,97.41816111882738
93,125.0,89.622154,80.1434,88.47403523198481
93,125.0,94.54364,82.61624,93.09892748930135
93,125.0,86.16252,79.75924,85.3869203300562
93,125.0,90.40169,86.02195,89.8711894942772
93,125.0,93.01792,82.72963,91.77174649628378
93,125.0,100.18698,85.137314,98.36408206344366
93,125.0,100.415405,86.07895,98.6788942129038
93,125.0,104.22035,88.07691,102.26496919961667
93,125.0,110.58784,86.28488,107.6441285110995
93,125.0,108.35813,85.13928,105.54573568291318
93,125.0,104.45488,79.09364,101.38298619802468
93,125.0,105.21545,76.0848,101.68698117402519
93,125.0,106.517944,84.03307,103.79445212718309
93,125.0,102.51324,68.51804,98.39555071393093
93,125.0,101.92229,76.619705,98.85749801731596
93,125.0,99.97261,74.66405,96.90709699782991
93,125.0,99.63937,77.659775,96.9770829054343
93,125.0,92.70203,78.87001,91.02661591305873
93,125.0,88.35625,73.9757,86.61439542967264
93,124.0,88.239845,69.36957,85.95417266992068
93,123.0,87.03932,76.27516,85.73550715056206
93,122.0,81.763405,69.68771,80.30073018409279
93,121.0,81.01497,73.894905,80.15254727701377
93,120.0,81.975746,78.140915,81.51125013701736
93,119.0,80.533295,75.40776,79.91246157946574
93,118.0,77.75354,73.28658,77.21247743363213
93,117.0,76.40834,72.94453,75.98878412733276
93,116.0,76.037155,72.90891,75.65824507935677
93,115.0,75.557365,70.55383,74.95130983512308
93,114.0,73.93291,74.22818,73.96867218615049
93,113.0,74.850845,74.65369,74.82696436848312
93,112.0,73.64367,65.875175,72.70270611288647
93,111.0,76.59401,73.1012,76.17094051320692
93,110.0,73.464386,70.63742,73.12196827413386
93,109.0,78.02197,73.55861,77.48134530877685
93,108.0,73.06673,69.51929,72.63704113812149
93,107.0,70.43975,65.594376,69.85285198383521
93,106.0,64.96552,59.783245,64.33781656581287
93,105.0,61.463375,58.76582,61.136632210506434
93,104.0,63.32276,58.939274,62.79180920554573
93,103.0,60.033245,55.195984,59.4473291949518
93,102.0,57.659386,53.918972,57.206326043108135
93,101.0,56.150352,55.834106,56.112047005446634
93,100.0,58.43775,51.479736,57.594958368193886
93,99.0,60.665405,47.70027,59.09499641194848
93,98.0,58.641987,47.40548,57.28095877955888
93,97.0,62.51544,49.519917,60.94135182269688
93,96.0,61.888138,49.77773,60.42125797198394
93,95.0,59.027107,41.550613,56.91025742511738
93,94.0,57.016228,37.79808,54.68841918878243
93,93.0,54.727097,37.150566,52.59812975386882
93,92.0,52.870003,40.277763,51.3447609082735
93,91.0,51.857437,47.848473,51.37184912532908
93,90.0,49.865562,44.88616,49.26242983095725
93,89.0,48.74847,44.16955,48.19384631981434
93,88.0,48.34651,45.98195,48.060102863811494
93,87.0,49.5454,43.18191,48.7746178614489
93,86.0,49.712105,41.364975,48.70105416134162
93,85.0,50.674835,51.581284,50.78462925582029
94,125.0,112.0173,93.4648,109.77012115633114
94,125.0,113.98398,105.54179,112.96141316805888
94,125.0,115.90556,109.24527,115.09883167509824
94,125.0,116.64925,107.262344,115.5122526271398
94,125.0,116.61263,109.93724,115.80407224935885
94,125.0,115.5137,109.627815,114.80077111325558
94,125.0,114.97422,108.74513,114.21971862723908
94,125.0,115.89046,113.05854,115.54743969077734
94,125.0,114.97632,114.34428,114.89976193697255
94,125.0,114.02846,108.7135,113.38468062706471
94,125.0,114.09998,115.27071,114.24178859439427
94,125.0,114.210884,113.14418,114.08167901718654
94,125.0,116.46305,110.35942,115.72374533345177
94,125.0,117.27708,109.44035,116.32784934915972
94,125.0,118.847466,109.04925,117.66065106235713
94,125.0,118.86034,105.27536,117.21484867899915
94,125.0,118.88761,111.54798,117.9985947012132
94,125.0,118.65406,106.01051,117.12260385505243
94,125.0,119.226974,112.8838,118.45865362955116
94,125.0,118.6336,110.79845,117.68456132320418
94,125.0,117.64755,106.30498,116.2736769202144
94,125.0,116.35382,103.839134,114.83797258696387
94,125.0,115.72168,102.62003,114.13473564420869
94,125.0,116.35338,115.156364,116.2083893421808
94,125.0,117.14345,106.852554,115.89695780144186
94,125.0,116.718735,104.807434,115.27597197551279
94,125.0,117.96305,109.299934,116.91372615357777
94,125.0,118.73956,116.54953,118.47429405592167
94,125.0,118.79086,106.16895,117.26202731728131
94,125.0,119.306496,111.63789,118.37763208289199
94,125.0,119.27528,111.49322,118.3326767981448
94,125.0,119.454254,114.09463,118.80506644511144
94,125.0,119.7302,117.18668,119.42211671308917
94,125.0,119.64981,112.30636,118.76033112167465
94,124.0,119.97021,109.5616,118.70945897629159
94,123.0,119.81032,114.65452,119.18581893244028
94,122.0,119.79509,113.40338,119.02089057121704
94,121.0,119.687515,110.960815,118.63048899934786
94,120.0,119.49661,106.5452,117.92786524531599
94,119.0,119.51037,105.29936,117.78905250232616
94,118.0,119.52102,101.766396,117.37048057203697
94,117.0,119.25069,102.39933,117.2095569305823
94,116.0,118.74834,104.770676,117.05528499093415
94,115.0,117.314445,94.986015,114.60990225588117
94,114.0,115.70223,92.16879,112.85173169534018
94,113.0,113.17562,84.56774,109.71047606414747
94,112.0,108.64665,80.46337,105.23293700065841
94,111.0,104.53487,84.72358,102.13521343735565
94,110.0,95.26193,82.94914,93.77053900280151
94,109.0,97.77492,94.16518,97.33768573660231
94,108.0,91.90509,87.63056,91.38733574400528
94,107.0,96.879395,94.10462,96.54329868675313
94,106.0,101.709915,87.54755,99.99449054660394
94,105.0,102.43005,90.24737,100.95441926626495
94,104.0,100.38359,94.916115,99.72133970955848
94,103.0,105.1982,95.25613,103.99395777834528
94,102.0,104.10031,99.81172,103.58085354813888
94,101.0,99.82652,87.72742,98.36101205746856
94,100.0,97.46658,94.28364,97.08104727855545
94,99.0,99.96915,91.31788,98.92125718971822
94,98.0,101.22818,98.79938,100.93398991004591
94,97.0,104.63633,99.01805,103.95581261382411
94,96.0,104.061104,101.55001,103.75694629957384
94,95.0,101.83783,102.28761,101.89230983954876
94,94.0,98.563095,99.88873,98.72366369383946
94,93.0,101.83734,96.61322,101.20456680199509
94,92.0,97.070435,91.96004,96.4514349153287
94,91.0,98.48233,91.1846,97.59838887147612
94,90.0,94.56224,87.78852,93.74177011004492
94,89.0,96.47981,99.20766,96.8102242379154
94,88.0,97.54555,92.41168,96.92370525398461
94,87.0,101.54894,95.92966,100.86830354574138
94,86.0,104.909424,98.39448,104.12029745519254
94,85.0,104.85601,97.439514,103.95768329488389
94,84.0,95.9545,78.41284,93.82975561491597
94,83.0,87.438156,69.51233,85.26688058733149
94,82.0,86.19351,61.993687,83.26229497330168
94,81.0,88.397675,70.80498,86.2667495580482
94,80.0,86.7698,74.66805,85.30396776549134
94,79.0,85.05681,90.41009,85.70522731364585
94,78.0,80.74964,78.50299,80.47751463195591
94,77.0,78.85098,66.31963,77.33311618600163
94,76.0,80.303375,63.494465,78.26738684056352
94,75.0,82.51304,71.884544,81.22565649148815
94,74.0,85.75043,65.03314,83.2410348224584
94,73.0,85.67413,82.10658,85.24201178835517
94,72.0,89.52654,83.78692,88.83132758446021
94,71.0,94.59407,96.16807,94.784721736872
94,70.0,98.806885,90.33336,97.78052432370613
94,69.0,104.13324,99.786354,103.60672085559125
94,68.0,96.47018,93.97048,96.1673998027014
94,67.0,94.32907,88.14014,93.57943301120551
94,66.0,94.90423,91.31509,94.46949145382148
94,65.0,93.144684,100.90362,94.08448893787981
94,64.0,94.747475,93.397766,94.58399048791081
94,63.0,90.64671,92.97567,90.92880939119839
94,62.0,86.91798,93.18946,87.67761333263812
94,61.0,88.0744,90.38217,88.35393172370115
94,60.0,88.3692,84.986755,87.95950101515805
94,59.0,89.80759,77.13099,88.27212689693566
94,58.0,89.74538,84.899185,89.15837901910476
94,57.0,84.35365,80.47985,83.88443655916694
94,56.0,82.48564,79.10141,82.07572459168722
94,55.0,77.08577,72.157616,76.48884432280481
95,125.0,118.26668,125.24808,119.11230366939395
95,125.0,118.15632,125.152664,119.00375481792031
95,125.0,118.61763,124.221954,119.29645683640938
95,125.0,118.31912,122.57782,118.83495936476936
95,125.0,118.63936,124.22374,119.31576971657744
95,125.0,118.42059,122.116806,118.86829904206598
95,125.0,118.92803,124.738396,119.63181539069078
95,125.0,119.10341,125.05992,119.82489462127077
95,125.0,118.89581,125.67429,119.716860126307
95,125.0,118.70987,125.20394,119.49646738026493
95,125.0,118.73584,123.98209,119.371295206684
95,125.0,118.660706,123.08127,119.19614863120398
95,125.0,118.4669,121.254585,118.80456313285393
95,125.0,116.91121,121.9032,117.51586650347507
95,125.0,116.11078,118.07826,116.34909131927037
95,125.0,115.36742,120.70015,116.013346583295
95,125.0,115.482346,120.74164,116.11938025576984
95,125.0,115.08207,124.27187,116.19518941013868
95,125.0,115.865005,121.93116,116.59977175128415
95,125.0,116.91682,121.77285,117.50500638701604
95,125.0,117.731316,122.12278,118.26323410466307
95,125.0,118.187,121.11607,118.54178252141142
95,125.0,118.29361,121.301155,118.65790019882932
95,125.0,117.96052,121.58867,118.39997963766814
95,125.0,118.0681,120.99866,118.42306531526084
95,125.0,116.98612,118.168976,117.12939592844398
95,125.0,117.90709,119.07925,118.04906742188318
95,125.0,117.757996,120.65889,118.10936798773868
95,125.0,117.77644,118.091354,117.8145872339782
95,125.0,118.38061,119.480576,118.51384182150896
95,125.0,118.49928,119.89336,118.66814074557335
95,125.0,118.662964,119.79862,118.8005210916225
95,125.0,118.47575,119.14112,118.55634673897536
95,125.0,118.512405,120.107445,118.70560540576292
95,125.0,118.31633,118.158745,118.29724236984073
95,125.0,118.02083,117.83248,117.9980146309549
95,125.0,117.49512,113.37823,116.9964566544899
95,125.0,117.44617,116.75334,117.36224814909436
95,125.0,117.8361,116.46977,117.67060081327655
95,125.0,117.37053,116.364746,117.24870315250573
95,125.0,117.13992,113.45272,116.69330869464991
95,125.0,117.82643,115.93454,117.59727489078693
95,125.0,118.03296,114.50815,117.60601436170785
95,125.0,118.22452,115.56842,117.90279657973235
95,125.0,118.44603,117.91084,118.38120487500865
95,125.0,118.797714,118.05248,118.70744764740024
95,125.0,118.82287,116.94573,118.59549920109775
95,125.0,119.04216,116.30254,118.7103225095702
95,125.0,118.50577,113.773285,117.93254325784207
95,125.0,117.93437,112.50491,117.27672582240544
95,125.0,117.23441,112.37885,116.64628076648503
95,125.0,117.10801,110.92894,116.35956618478718
95,125.0,117.22882,110.982025,116.47217428225022
95,125.0,116.72096,113.13549,116.28667026688915
95,125.0,116.386086,116.100655,116.35151253637656
95,125.0,115.8488,113.47534,115.56131416459519
95,125.0,115.64377,114.86089,115.54894214331509
95,125.0,114.738655,112.938194,114.52057329557869
95,125.0,111.86545,109.582756,111.58895569436953
95,125.0,108.4067,115.04037,109.21020665386074
96,125.0,117.543915,124.67179,118.40728268328672
96,125.0,117.3051,122.78108,117.96838086372155
96,125.0,116.69447,123.5867,117.52929802858586
96,125.0,116.73442,124.16072,117.63393540570316
96,125.0,116.830315,123.10121,117.58988043265302
96,125.0,117.15315,120.723785,117.58564732052817
96,125.0,118.3964,122.64583,118.91111470278734
96,125.0,119.0578,124.02565,119.65953379153416
96,125.0,119.67477,125.36085,120.36349618366701
96,125.0,120.1523,126.096275,120.87226546120677
96,125.0,120.3752,124.70907,120.90014071532283
96,125.0,120.352936,125.19291,120.93918020545942
96,125.0,120.3356,123.8155,120.75710616689955
96,125.0,119.7484,124.841736,120.36533116197853
96,125.0,119.18449,123.83103,119.74730172719232
96,125.0,118.84659,125.08334,119.60201851853712
96,125.0,118.29996,121.71297,118.71335992331173
96,125.0,117.61754,124.068726,118.3989419997122
96,125.0,117.88825,124.74966,118.71934359746714
96,125.0,118.18323,124.06814,118.89604053172151
96,125.0,118.232994,123.885826,118.91769643148186
96,125.0,118.10685,124.00893,118.82174192082667
96,125.0,118.058945,123.30067,118.69385114103446
96,125.0,118.41759,122.512886,118.91363256908184
96,125.0,118.153885,124.08693,118.87252811910636
96,125.0,117.99115,123.389435,118.64502009609282
96,125.0,117.878235,123.71545,118.58527029171805
96,125.0,117.05432,123.54499,117.84050712946855
96,125.0,117.08798,122.84512,117.78531902387557
96,125.0,116.97154,120.568726,117.40725313177123
96,125.0,116.89454,122.66475,117.59345873377512
96,125.0,116.81281,121.69385,117.40403080417555
96,125.0,117.12566,121.607506,117.66852931025898
96,125.0,117.35461,121.621574,117.87144541891605
96,125.0,118.00288,121.43189,118.41821772200394
96,125.0,118.01638,122.59081,118.5704609172801
96,125.0,118.268845,125.35141,119.12672417649178
96,125.0,118.40305,122.00286,118.83908195247247
96,125.0,118.4403,122.48454,118.93016110197325
96,125.0,118.433205,125.042435,119.23375123153016
96,125.0,118.65645,124.93249,119.41663701389307
96,125.0,118.07016,124.17515,118.80962991333422
96,125.0,118.04078,122.84572,118.62277999415889
96,125.0,117.78705,123.13803,118.43518902332768
96,125.0,117.98072,123.97253,118.70648128176319
96,125.0,118.17013,123.62143,118.83041973447118
96,125.0,118.25078,121.82517,118.68372864142758
96,125.0,117.858505,123.5485,118.54770896293182
96,125.0,117.25523,123.33439,117.99157471397687
96,125.0,117.26521,124.17122,118.10170672557298
96,125.0,116.867,124.6483,117.80951136901258
96,125.0,116.4681,124.136765,117.39697247799319
96,125.0,115.58827,123.41017,116.53570391217029
96,125.0,114.777084,123.66527,115.85367041878065
96,125.0,114.90853,124.84036,116.11152966001431
96,125.0,114.39072,123.05847,115.44060310309354
96,125.0,114.27978,122.42124,115.26591680671304
96,125.0,115.32553,122.00453,116.13452861415172
96,125.0,114.47603,121.30051,115.30264706708414
96,125.0,114.58569,120.86439,115.34620360087673
96,125.0,112.952675,120.87201,113.91190855019802
96,125.0,112.90615,119.58802,113.71549589323757
96,125.0,113.32837,120.35585,114.17957660550937
96,125.0,114.77092,120.34679,115.44629968402658
96,125.0,114.303276,120.44238,115.04687870354394
96,125.0,114.825165,118.93774,115.32330227909162
96,125.0,114.073456,119.21857,114.69666018677363
96,125.0,115.090866,120.421715,115.7365680340302
97,125.0,118.20857,121.71431,118.6332067239652
97,125.0,118.25766,118.873344,118.33223503289754
97,125.0,118.1789,119.3296,118.31828032659385
97,125.0,117.58452,120.05256,117.88346117538826
97,125.0,117.66367,119.15749,117.84461318328117
97,125.0,118.14956,119.06628,118.26059692993452
97,125.0,118.311455,120.94551,118.63050624852184
97,125.0,117.36413,118.44561,117.49512319974527
97,125.0,117.80443,118.23056,117.85604359515838
97,125.0,118.00381,116.212975,117.78689150569107
97,125.0,118.06239,116.65182,117.89153642002637
97,125.0,117.66136,117.82707,117.6814334625551
97,125.0,117.57812,117.93044,117.62079298093516
97,125.0,117.42471,119.378296,117.66134190871595
97,125.0,117.73744,117.23143,117.67615104259748
97,125.0,117.7332,120.55155,118.07457446009944
97,125.0,118.053,121.56733,118.47867629307181
97,125.0,117.99983,121.93125,118.47602746140369
97,125.0,117.65244,123.21933,118.32673513351497
97,125.0,116.864075,120.066765,117.25200228890733
97,125.0,117.13766,116.31278,117.03774374764886
97,125.0,115.76364,108.947556,114.93803925873532
97,125.0,115.97444,114.208244,115.76050993205097
97,125.0,115.54433,116.859665,115.70364782863807
97,125.0,116.119705,119.36223,116.51245758418338
97,125.0,116.57019,120.10326,116.99813494430735
97,125.0,116.33015,114.43303,116.10035738745081
97,125.0,116.78597,120.85929,117.27935550997908
97,125.0,116.74268,120.06026,117.14452630954844
97,125.0,116.55822,117.98482,116.73101731869183
97,125.0,116.05032,118.297646,116.32253159491042
97,125.0,114.15034,118.88755,114.72413473468833
97,125.0,113.49666,119.91558,114.27415379228952
97,125.0,112.85493,118.25278,113.5087445822075
97,125.0,112.96559,119.78764,113.79191618693567
97,125.0,113.8187,120.21995,114.59405699141516
97,125.0,114.18219,119.677246,114.84778160422033
97,125.0,114.97997,120.33315,115.62837966783238
97,125.0,115.367355,116.1123,115.45758681632464
97,125.0,115.51151,116.6504,115.64946088124107
97,125.0,116.19352,116.73746,116.25940433976149
97,125.0,114.71826,113.38671,114.55697692890082
97,125.0,115.293594,116.37873,115.42503209817757
97,125.0,113.282684,114.35593,113.41268136940056
97,125.0,111.883354,113.58596,112.08958328843268
97,125.0,108.19794,111.44364,108.59107475147788
97,125.0,108.196754,110.950386,108.53028957862057
97,125.0,106.793465,116.0586,107.91570938096507
97,125.0,108.2449,114.52382,109.00544060527707
97,125.0,110.030556,115.39758,110.68063982149894
97,125.0,112.28078,114.305824,112.52606193256254
97,125.0,113.2104,114.02942,113.30960714028005
97,125.0,113.087105,113.76433,113.16913382618347
97,125.0,113.06683,112.213844,112.96351471606575
97,125.0,112.18223,112.28012,112.19408540228406
97,125.0,106.6672,111.68379,107.27483584763452
97,125.0,106.34612,110.168526,106.80911337685058
97,125.0,104.46609,108.69882,104.97877962978092
97,125.0,100.8144,107.704445,101.64896018445874
97,125.0,102.336876,105.798454,102.75616147673037
97,125.0,104.571556,109.7178,105.19489723649005
97,125.0,104.90187,108.27414,105.31033860371568
97,124.0,104.00354,108.60388,104.560758939326
97,123.0,106.82682,111.62661,107.40819747659727
97,122.0,105.38056,107.869576,105.68204496230676
97,121.0,105.10234,109.32729,105.61409038986444
97,120.0,100.87669,109.27422,101.89384906238365
97,119.0,96.94342,109.99095,98.52380970888132
97,118.0,90.367226,107.69232,92.46573733131811
97,117.0,84.28131,107.4307,87.0852936219903
97,116.0,82.59483,105.59897,85.38122174377071
97,115.0,82.77081,102.65898,85.17977818634338
97,114.0,84.76651,108.33245,87.62094740328615
97,113.0,86.55403,106.21056,88.93493952800986
97,112.0,87.1654,108.49641,89.74912769102484
97,111.0,92.43862,110.042496,94.57090035132353
97,110.0,96.30922,112.57872,98.27987147844304
97,109.0,100.76051,112.62545,102.1976602271878
97,108.0,101.76276,110.96443,102.87731428307592
97,107.0,103.45114,110.03871,104.24906437684044
97,106.0,104.87384,111.060524,105.62320575195272
97,105.0,107.209915,110.055855,107.55463114623501
97,104.0,108.57194,107.23299,108.40975638006387
97,103.0,109.846054,109.06143,109.75101628768267
97,102.0,111.066986,114.087616,111.43286152014157
97,101.0,110.780594,111.29571,110.84298731474313
97,100.0,111.94205,109.67488,111.66743538859063
97,99.0,112.43132,110.77638,112.23086495677268
97,98.0,112.59727,110.64,112.36019202959662
97,97.0,111.687225,114.69656,112.05173308840692
97,96.0,112.14248,110.8361,111.98424280695171
97,95.0,110.92998,112.54243,111.12528625667069
97,94.0,109.86497,112.64723,110.2019706711851
97,93.0,109.430405,112.42076,109.79261321267344
97,92.0,110.310814,118.14077,111.25922158622653
97,91.0,109.58327,111.47586,109.81250861408058
97,90.0,109.841034,104.6956,109.21779074650864
97,89.0,109.70772,102.05649,108.78095852074651
97,88.0,110.02745,100.20842,108.8381151242272
97,87.0,108.977005,97.93216,107.6391920814091
97,86.0,108.51375,95.11711,106.89107323623438
97,85.0,107.3746,94.31556,105.79281948388993
97,84.0,107.20252,93.36464,105.52640117960749
97,83.0,105.779236,88.79446,103.7219452095123
97,82.0,100.91952,81.06206,98.51427188012724
98,125.0,117.1952,101.622986,115.30900539110064
98,125.0,116.34064,102.30941,114.6410971976552
98,125.0,115.8685,102.055214,114.1953580029727
98,125.0,114.12558,97.27252,112.08424404151222
98,125.0,112.75426,97.96802,110.96326589190971
98,125.0,111.05472,96.76659,109.32406029866046
98,125.0,108.77731,101.65654,107.91480569471133
98,125.0,108.92039,107.35501,108.73078021521626
98,125.0,109.60089,106.02642,109.16793142895025
98,125.0,109.175865,106.51546,108.8536218060808
98,125.0,107.35967,104.886215,107.0600736822788
98,125.0,107.33507,109.834335,107.63779289268408
98,125.0,105.890625,103.49793,105.60080881261254
98,125.0,100.44895,103.31474,100.79607225237585
98,125.0,96.718506,105.6596,97.80150066203565
98,125.0,92.842354,111.170395,95.06234775682928
98,125.0,90.35094,110.68553,92.81397572700968
98,125.0,93.297195,109.84228,95.30122749464358
98,125.0,99.72035,104.48657,100.29766317185454
98,125.0,104.07619,106.33889,104.35025825732208
98,125.0,103.24254,108.87527,103.92480576217775
98,125.0,100.62259,105.84429,101.25507067361161
98,125.0,96.89857,101.95115,97.51056391456352
98,125.0,95.32115,107.17522,96.75698179167574
98,125.0,93.141266,109.687225,95.14540420238818
98,125.0,96.31378,115.693565,98.6611685627115
98,124.0,95.38808,109.19375,97.06029626878345
98,123.0,99.47377,115.383705,101.40086966464693
98,122.0,104.367805,115.494514,105.71553415364765
98,121.0,106.94152,110.147865,107.32989092366776
98,120.0,111.61444,106.83285,111.03526782812959
98,119.0,109.34557,104.419785,108.74893457029071
98,118.0,109.035446,101.48293,108.1206439105084
98,117.0,104.15116,102.29648,103.92651171692427
98,116.0,95.760864,108.43783,97.29636838829752
98,115.0,93.54906,106.38296,95.10357017379742
98,114.0,85.70772,106.53625,88.23058483352638
98,113.0,80.3596,104.70894,83.30892357709827
98,112.0,80.28525,110.23086,83.91242609394361
98,111.0,86.69899,112.41111,89.81338438355964
98,110.0,92.77205,112.183174,95.12323203723349
98,109.0,92.37723,114.272224,95.0292711507221
98,108.0,96.53416,110.43194,98.21753312094282
98,107.0,99.83511,112.95273,101.42399174045369
98,106.0,97.230576,112.79342,99.1156334168265
98,105.0,102.00331,112.26628,103.2464189724757
98,104.0,98.87692,111.5678,100.41411232286232
98,103.0,95.32677,101.85203,96.11714274358951
98,102.0,89.003784,100.7322,90.42439499529439
98,101.0,84.370735,99.37858,86.18856831017337
98,100.0,81.56936,89.112976,82.48308356459168
98,99.0,76.93515,90.27155,78.55052919475283
98,98.0,71.469055,93.72289,74.16456334746323
98,97.0,66.168816,96.943954,69.8964710317616
98,96.0,66.99057,104.01207,71.47481933132917
98,95.0,67.18194,101.925674,71.39029210868422
98,94.0,67.43177,101.11834,71.51207432815143
98,93.0,66.678474,98.93527,70.58559658903357
98,92.0,66.60929,102.16628,70.91615100536295
98,91.0,67.51198,102.65645,71.76887120391747
98,90.0,71.222755,100.100716,74.72061405608112
98,89.0,76.811035,105.17049,80.24608910655067
98,88.0,87.294785,105.12216,89.45413531222866
98,87.0,93.924194,105.48371,95.32434710343959
98,86.0,102.25653,107.362465,102.87498980968559
98,85.0,103.67607,106.43565,104.01032709940228
98,84.0,107.06108,103.64245,106.64699721226616
98,83.0,110.19029,99.65657,108.91438956568327
98,82.0,106.58333,96.604385,105.37462336861965
98,81.0,100.733154,98.15149,100.4204487159783
98,80.0,94.706696,84.19649,93.43364088499595
98,79.0,88.866455,88.195885,88.78523187720015
98,78.0,91.38025,94.36746,91.74207683782674
98,77.0,89.04089,86.18825,88.695365272888
98,76.0,89.88758,85.672806,89.37706394878133
98,75.0,100.90396,90.30334,99.6199548283585
98,74.0,99.31419,95.76511,98.88430857039239
98,73.0,100.21713,99.26293,100.10155448459308
98,72.0,104.53768,100.50509,104.04923158834097
98,71.0,107.31884,97.98691,106.1885046835718
98,70.0,105.240875,93.85971,103.86232550268176
98,69.0,108.6821,96.597786,107.2183794771217
98,68.0,106.58,91.60917,104.76665156906353
98,67.0,101.18198,74.93362,98.00262948707739
98,66.0,101.31228,74.426895,98.05577204706721
98,65.0,96.82077,77.95933,94.53616778237286
98,64.0,96.87506,83.47111,95.25149987658334
98,63.0,94.86818,88.02901,94.0397808519473
98,62.0,89.72348,86.58367,89.34316919492767
98,61.0,82.19581,79.75967,81.90072939084416
98,60.0,73.87325,83.225914,75.00609903119252
98,59.0,69.546326,84.34017,71.33823833604768
99,125.0,119.47848,123.20873,119.93030665753636
99,125.0,119.88461,123.44076,120.31535299826989
99,125.0,120.259346,120.59663,120.30019926472035
99,125.0,120.50278,118.96794,120.31686927733848
99,125.0,120.48286,121.7084,120.63130096854161
99,125.0,120.54269,122.7092,120.80510634957683
99,125.0,120.28842,120.23297,120.28170516624533
99,125.0,120.46646,122.61805,120.72707350073792
99,125.0,120.44736,121.4023,120.56302490061286
99,125.0,120.32889,121.8271,120.51036001184131
99,125.0,119.97519,122.28414,120.2548623149734
99,125.0,120.15028,122.275154,120.4076598833886
99,125.0,120.15685,121.71293,120.3453332793708
99,125.0,120.33095,122.55938,120.60086787691104
99,125.0,120.39988,123.64982,120.79353007890572
99,125.0,120.505,123.464195,120.86343171914696
99,125.0,119.69483,123.8701,120.20056370575927
99,125.0,119.04455,121.2528,119.31202375259417
99,125.0,117.81176,122.04415,118.32441065204765
99,125.0,117.192726,121.42058,117.70482699040853
99,125.0,116.664,121.86093,117.29348242715452
99,125.0,116.653046,120.07088,117.0670323426192
99,125.0,117.176094,117.87696,117.26098691501399
99,125.0,117.55426,121.429375,118.02363559654498
99,125.0,118.243835,120.78728,118.55191121617538
99,125.0,118.36357,123.27662,118.95866675068106
99,125.0,118.91515,122.90615,119.39856522209173
99,125.0,118.37982,119.63689,118.53208443675442
99,125.0,117.987755,120.06703,118.23960838308544
99,125.0,117.63455,120.27,117.95377166637545
99,125.0,117.9844,118.166115,118.00640844874731
99,125.0,117.854004,120.708885,118.19980295361523
99,125.0,118.25391,122.23504,118.73612308854912
99,125.0,118.44929,119.41911,118.56675808493367
99,125.0,118.37681,120.85488,118.67696611991994
99,125.0,118.689255,121.58251,119.03970210433864
99,125.0,119.345055,122.64354,119.74458539074239
99,125.0,119.616615,124.73752,120.23688745614153
99,125.0,119.79027,123.909386,120.28919831879722
99,125.0,119.8148,123.42896,120.25256430013481
99,125.0,120.00046,123.42389,120.41512275208044
99,125.0,119.834114,122.362625,120.14038134947191
99,125.0,119.73894,121.12402,119.9067066796386
99,125.0,119.19988,120.15911,119.3160695825848
99,125.0,119.09236,120.29426,119.23794183723064
99,125.0,119.13308,123.4066,119.65071213371276
99,125.0,118.67125,122.52826,119.13843180843892
99,125.0,117.870125,124.54494,118.67861508629404
99,125.0,117.98798,125.54705,118.90357977450313
99,125.0,117.25553,125.075096,118.20268034942386
99,125.0,117.03155,124.8271,117.9757883962586
99,125.0,116.90747,122.96395,117.64106518398441
99,125.0,115.60102,124.63599,116.69538592118155
99,125.0,115.35225,122.4286,116.2093755641419
99,125.0,115.16946,121.327774,115.91538604392511
99,125.0,114.70953,122.00307,115.59296687918835
99,125.0,115.483925,121.41558,116.202399908284
99,125.0,115.4985,123.73059,116.49561384597999
99,125.0,116.154526,125.77802,117.32017706210227
99,125.0,116.987206,127.03526,118.20428193761076
99,124.0,117.90582,127.69537,119.09158741254691
99,123.0,118.24735,125.31795,119.10378223635433
99,122.0,118.186646,125.0856,119.02228533883775
99,121.0,118.008446,124.998405,118.85510840922983
99,120.0,117.67598,125.67683,118.64508653868039
99,119.0,116.74023,125.845436,117.84310017654248
99,118.0,116.42239,125.11334,117.47508965744632
99,117.0,115.71083,124.222984,116.74186992240709
100,125.0,119.40795,122.57728,119.7918377838905
100,125.0,119.38862,122.73555,119.7940173609648
100,125.0,119.22298,124.13616,119.81808890232125
100,125.0,119.12225,123.31802,119.63046837140324
100,125.0,118.585075,122.679344,119.08099591176092
100,125.0,118.51976,121.94109,118.9341709887408
100,125.0,118.140495,123.28735,118.7639112987537
100,125.0,118.172386,122.88438,118.74312856215194
100,125.0,117.88072,122.93593,118.49303665616317
100,125.0,118.178535,123.16644,118.78269845716653
100,125.0,118.95187,123.34396,119.48386804856081
100,125.0,118.75037,123.169846,119.28567805146785
100,125.0,119.22107,123.73106,119.76734394748003
100,125.0,119.51971,123.24536,119.97097866450423
100,125.0,119.49,122.30998,119.83157001114239
100,125.0,119.54382,121.021164,119.72276693714255
100,125.0,119.33077,122.719986,119.74129273451426
100,125.0,119.11731,121.442955,119.3990046389564
100,125.0,118.35784,120.98754,118.6763652978587
100,125.0,117.53386,121.85563,118.05733595830431
100,125.0,116.60007,120.621475,117.08716237797739
100,125.0,116.91268,120.80335,117.38394119181416
100,125.0,116.29745,120.05974,116.75315674113166
100,125.0,115.13915,120.58394,115.798655198841
100,125.0,115.701035,120.32492,116.26110526369068
100,125.0,115.79562,119.061745,116.19123444961559
100,125.0,116.87261,119.22736,117.1578325651978
100,125.0,117.32798,118.67562,117.49121378895777
100,125.0,117.439545,119.60224,117.70150250762941
100,125.0,117.47253,119.7519,117.74861686413718
100,125.0,116.53136,119.349976,116.87276354239025
100,125.0,116.847374,118.34117,117.02831097246094
100,125.0,116.59748,118.594246,116.83934003627945
100,125.0,116.40202,116.86204,116.45774280275818
100,125.0,116.318954,117.24315,116.43089800897958
100,125.0,116.63057,119.15717,116.93660570413297
100,125.0,117.675835,122.268616,118.23213775849736
100,125.0,118.271484,119.67491,118.4414752481085
100,125.0,118.58786,117.88573,118.50281384456687
100,125.0,118.725365,116.33066,118.43530453142758
100,125.0,118.28294,114.86818,117.86932853131627
100,125.0,117.38558,115.724,117.18432183277704
100,125.0,116.751755,116.40592,116.70986557190209
100,125.0,116.42725,116.35558,116.41857259097827
100,125.0,115.01155,119.742065,115.58453704618765
100,125.0,114.06506,119.78294,114.75764482918365
100,125.0,112.27055,117.44319,112.89709217042243
100,125.0,109.43208,116.51384,110.28986474573915
100,125.0,108.78269,118.59601,109.97133523105802
100,125.0,108.13504,118.96255,109.44652795523761
100,125.0,109.47729,118.562614,110.57775248087701
100,125.0,109.996414,121.37519,111.37467467817221
100,125.0,111.64822,121.13519,112.79733144690809
100,125.0,113.40732,121.44745,114.3811833055207
100,125.0,114.74126,121.25314,115.53001251686152
100,125.0,116.261375,120.5798,116.7844473704439
100,125.0,117.34659,118.69077,117.50940325832431
100,125.0,118.160736,119.20802,118.2875892894837
100,125.0,118.713036,112.58745,117.97107047296221
100,125.0,117.47891,114.12734,117.07295160013727
100,125.0,117.57962,110.497856,116.72183782135721
100,125.0,117.2725,108.81226,116.24774845011538
100,125.0,117.06822,111.580505,116.40351938128998
100,125.0,114.77417,106.549194,113.77791528405578
100,124.0,114.67211,107.89618,113.85137302746737
100,123.0,113.72527,107.71083,112.99677052268432
100,122.0,113.026535,105.769264,112.14749416289598
100,121.0,110.287315,104.63292,109.60242357327574
100,120.0,111.789215,107.4203,111.26002827865659
100,119.0,110.89435,105.82837,110.28072868450933
100,118.0,111.78895,105.10321,110.97913445763417
100,117.0,113.0705,106.238716,112.24299930841453
100,116.0,114.7678,109.40476,114.1181985929544
100,115.0,115.95801,101.93689,114.2596922549145
100,114.0,117.08245,103.2274,115.40425051071716
100,113.0,117.071976,105.393456,115.65740860161607
100,112.0,116.60283,104.13683,115.09287846478968
100,111.0,114.2492,107.2617,113.40283473309299
100,110.0,112.76701,103.689354,111.66747709653983
100,109.0,109.32799,98.42058,108.00682174708865
100,108.0,105.328896,99.732,104.65096882490144
100,107.0,106.07649,108.57671,106.37933296755081
100,106.0,104.7225,105.04932,104.76208903335413
100,105.0,103.558914,103.39323,103.53884518869481
100,104.0,104.72269,104.75591,104.7267112864821
100,103.0,106.056564,105.79431,106.02479881720727
100,102.0,108.080414,105.398674,107.75558662679366
100,101.0,111.513916,110.71971,111.41771753827328
100,100.0,113.81873,111.65542,113.55670053215769
100,99.0,115.35994,109.748184,114.68021265608837
100,98.0,116.13533,112.52329,115.69782017577633
100,97.0,117.600235,105.370346,116.11888304390312
100,96.0,118.05714,109.342186,117.00153341262403
100,95.0,118.39552,113.93871,117.85568953822201
100,94.0,118.307144,115.36197,117.95040822186931
100,93.0,116.31353,103.80251,114.79812625354717
100,92.0,115.6418,105.64693,114.43116549710818
100,91.0,113.57126,94.41705,111.25119501565443
100,90.0,111.49917,97.049774,109.74897766764708
100,89.0,104.51966,94.21591,103.27161374214059
100,88.0,96.59996,94.462975,96.34111676331685
100,87.0,85.30066,90.7592,85.96182803022273
100,86.0,80.675705,94.324814,82.3289606877485
100,85.0,79.69739,87.40125,80.63052253641558
100,84.0,82.7778,88.040985,83.41530748681207
100,83.0,79.8388,88.22129,80.85413242995135
100,82.0,80.61051,90.83213,81.8486108941251
100,81.0,83.8775,92.529655,84.92549917749247
100,80.0,87.375534,85.27382,87.12096267539138
100,79.0,93.684784,84.08556,92.52207316280692
100,78.0,99.06598,88.65141,97.80450903237188
100,77.0,101.29244,89.734726,99.89250764531113
100,76.0,103.14239,97.79957,102.49523550923078
100,75.0,98.79402,98.48239,98.75627522317274
100,74.0,93.69362,90.134445,93.26251193977366
100,73.0,86.85487,92.4079,87.52748674245912
100,72.0,83.0974,95.22909,84.56685451354683
100,71.0,79.29861,90.37289,80.6399850300005
100,70.0,79.52632,93.262955,81.19017858504627
100,69.0,81.516785,95.30055,83.18635102162706
100,68.0,79.53733,97.3033,81.68924319568708
100,67.0,74.831505,85.15465,76.08190112855249
100,66.0,70.5751,81.76573,71.93057466423066
100,65.0,71.27741,83.341095,72.7386325203337
100,64.0,65.17181,85.319626,67.61222192429418
100,63.0,57.54671,81.322945,60.426620193182174
100,62.0,60.16451,76.89532,62.191037062417784
100,61.0,58.98842,66.78235,59.93246259257239
100,60.0,61.369156,74.94743,63.01383213591812
100,59.0,64.77269,75.991005,66.1315143355352
100,58.0,67.3232,67.88947,67.39178696603759
100,57.0,64.898094,61.812027,64.52429261051725
100,56.0,63.296196,70.24642,64.13804586474772
100,55.0,60.906666,63.389122,61.20735465923207
100,54.0,58.535164,62.448612,59.009182435634436
100,53.0,53.225914,56.078056,53.57138129170343
100,52.0,52.477238,51.20369,52.32297849250084
100,51.0,48.58625,44.308712,48.068131153956344
100,50.0,48.87033,43.29009,48.19442094662545
100,49.0,50.117996,47.895298,49.84877068697684
100,48.0,50.009815,48.03951,49.77116078300102
100,47.0,50.492104,45.64608,49.905126339371144
100,46.0,50.0773,51.22431,50.216233332289264
100,45.0,51.41939,48.659817,51.085136623784535
100,44.0,52.592552,50.828014,52.378821583705815
100,43.0,53.942795,53.447147,53.88275923542887
100,42.0,50.866184,50.719833,50.848457407093164
100,41.0,49.27321,53.685116,49.807603274994726
100,40.0,46.865433,48.656654,47.082395431280325
100,39.0,45.31229,45.602165,45.34740146225827
100,38.0,42.922535,39.530407,42.51166159625353
100,37.0,42.228336,44.274734,42.47620742384507
100,36.0,40.666645,41.35017,40.749437397494674
100,35.0,40.34333,38.819183,40.1587172455269
100,34.0,37.264698,37.345016,37.27442664458321
100,33.0,37.676773,36.389072,37.520799629867135
100,32.0,36.183083,35.252045,36.07031010860092
100,31.0,34.973984,31.684551,34.575549462295
100,30.0,34.01006,33.234413,33.91610878800224
100,29.0,31.564825,33.314857,31.77679868653108
100,28.0,29.185308,31.476847,29.462872270929264
100,27.0,27.634811,29.121265,27.814858951162847
100,26.0,25.818567,23.649996,25.55589787789558
100,25.0,25.171913,24.436592,25.082846985786475
100,24.0,23.912092,23.696405,23.8859670282251
100,23.0,23.388924,23.867851,23.446934012339526
100,22.0,22.498466,24.170511,22.70099382122589
100,21.0,21.201862,24.474947,21.598316491087438
100,20.0,19.566193,19.04037,19.502502189496887
